ISO-10303-21;
HEADER;
/* Generated by software containing ST-Developer
 * from STEP Tools, Inc. (www.steptools.com) 
 */

FILE_DESCRIPTION(
/* description */ (''),
/* implementation_level */ '2;1');

FILE_NAME(
/* name */ 'Enclosure-Bottom-new1.step',
/* time_stamp */ '2026-01-10T09:34:25-06:00',
/* author */ (''),
/* organization */ (''),
/* preprocessor_version */ 'ST-DEVELOPER v20.1',
/* originating_system */ 'Autodesk Translation Framework v14.21.0.0',
/* authorisation */ '');

FILE_SCHEMA (('AUTOMOTIVE_DESIGN { 1 0 10303 214 3 1 1 }'));
ENDSEC;

DATA;
#10=MECHANICAL_DESIGN_GEOMETRIC_PRESENTATION_REPRESENTATION('',(#13),#6081);
#11=SHAPE_REPRESENTATION_RELATIONSHIP('SRR','None',#6088,#12);
#12=ADVANCED_BREP_SHAPE_REPRESENTATION('',(#14),#6080);
#13=STYLED_ITEM('',(#6097),#14);
#14=MANIFOLD_SOLID_BREP('Enclosure-Bottom',#2904);
#15=ELLIPSE('',#2998,1.41421356237309,1.);
#16=ELLIPSE('',#2999,1.4142135623731,1.);
#17=ELLIPSE('',#3001,1.41421356237309,1.);
#18=ELLIPSE('',#3002,1.41421356237309,1.);
#19=(
BOUNDED_SURFACE()
B_SPLINE_SURFACE(5,1,((#4355,#4356),(#4357,#4358),(#4359,#4360),(#4361,
#4362),(#4363,#4364),(#4365,#4366),(#4367,#4368),(#4369,#4370),(#4371,#4372),
(#4373,#4374),(#4375,#4376),(#4377,#4378),(#4379,#4380),(#4381,#4382),(#4383,
#4384),(#4385,#4386),(#4387,#4388),(#4389,#4390),(#4391,#4392),(#4393,#4394),
(#4395,#4396),(#4397,#4398),(#4399,#4400),(#4401,#4402),(#4403,#4404),(#4405,
#4406),(#4407,#4408),(#4409,#4410),(#4411,#4412),(#4413,#4414),(#4415,#4416),
(#4417,#4418),(#4419,#4420),(#4421,#4422),(#4423,#4424),(#4425,#4426),(#4427,
#4428),(#4429,#4430),(#4431,#4432),(#4433,#4434),(#4435,#4436),(#4437,#4438),
(#4439,#4440),(#4441,#4442),(#4443,#4444)),.UNSPECIFIED.,.F.,.F.,.F.)
B_SPLINE_SURFACE_WITH_KNOTS((6,5,1,1,1,1,1,1,1,1,1,1,1,1,1,1,1,1,1,1,1,
1,1,1,1,1,1,1,1,1,1,5,6),(2,2),(-0.0545286521578124,0.,0.0333333333333333,
0.0666666666666667,0.1,0.133333333333333,0.166666666666667,0.2,0.233333333333333,
0.266666666666667,0.3,0.333333333333333,0.366666666666667,0.4,0.433333333333333,
0.466666666666667,0.5,0.533333333333333,0.566666666666667,0.6,0.633333333333333,
0.666666666666667,0.7,0.733333333333333,0.766666666666667,0.8,0.833333333333333,
0.866666666666667,0.9,0.933333333333333,0.966666666666667,1.,1.12710110364068),
(-8.4506021858658,2.7256021858658),.UNSPECIFIED.)
GEOMETRIC_REPRESENTATION_ITEM()
RATIONAL_B_SPLINE_SURFACE(((1.,1.),(1.,1.),(1.,1.),(1.,1.),(1.,1.),(1.,
1.),(1.,1.),(1.,1.),(1.,1.),(1.,1.),(1.,1.),(1.,1.),(1.,1.),(1.,1.),(1.,
1.),(1.,1.),(1.,1.),(1.,1.),(1.,1.),(1.,1.),(1.,1.),(1.,1.),(1.,1.),(1.,
1.),(1.,1.),(1.,1.),(1.,1.),(1.,1.),(1.,1.),(1.,1.),(1.,1.),(1.,1.),(1.,
1.),(1.,1.),(1.,1.),(1.,1.),(1.,1.),(1.,1.),(1.,1.),(1.,1.),(1.,1.),(1.,
1.),(1.,1.),(1.,1.),(1.,1.)))
REPRESENTATION_ITEM('')
SURFACE()
);
#20=(
BOUNDED_SURFACE()
B_SPLINE_SURFACE(2,2,((#4861,#4862,#4863,#4864,#4865),(#4866,#4867,#4868,
#4869,#4870),(#4871,#4872,#4873,#4874,#4875)),.UNSPECIFIED.,.F.,.F.,.F.)
B_SPLINE_SURFACE_WITH_KNOTS((3,3),(3,2,3),(-1.46411693554023E-32,1.5707963267949),
(1.5699951961062,2.355793924848,3.14159265358979),.UNSPECIFIED.)
GEOMETRIC_REPRESENTATION_ITEM()
RATIONAL_B_SPLINE_SURFACE(((1.,0.92380286912151,1.,0.92380286912151,1.),
(0.707106781186544,0.653227273235405,0.707106781186544,0.653227273235405,
0.707106781186544),(1.,0.92380286912151,1.,0.92380286912151,1.)))
REPRESENTATION_ITEM('')
SURFACE()
);
#21=(
BOUNDED_SURFACE()
B_SPLINE_SURFACE(2,2,((#4913,#4914,#4915,#4916,#4917),(#4918,#4919,#4920,
#4921,#4922),(#4923,#4924,#4925,#4926,#4927)),.UNSPECIFIED.,.F.,.F.,.F.)
B_SPLINE_SURFACE_WITH_KNOTS((3,3),(3,2,3),(-1.49913768980213E-32,1.5707963267949),
(-9.32979860704239E-33,0.785798728770541,1.57159745754108),
 .UNSPECIFIED.)
GEOMETRIC_REPRESENTATION_ITEM()
RATIONAL_B_SPLINE_SURFACE(((1.,0.923802869116007,1.,0.923802869116007,1.),
(0.707106781186543,0.653227273231513,0.707106781186543,0.653227273231513,
0.707106781186543),(1.,0.923802869116007,1.,0.923802869116007,1.)))
REPRESENTATION_ITEM('')
SURFACE()
);
#22=(
BOUNDED_SURFACE()
B_SPLINE_SURFACE(2,2,((#4967,#4968,#4969,#4970,#4971),(#4972,#4973,#4974,
#4975,#4976),(#4977,#4978,#4979,#4980,#4981)),.UNSPECIFIED.,.F.,.F.,.F.)
B_SPLINE_SURFACE_WITH_KNOTS((3,3),(3,2,3),(-3.5527136788005E-15,1.5707963267949),
(-1.57159745748361,-0.785798728741802,1.81659817604615E-16),
 .UNSPECIFIED.)
GEOMETRIC_REPRESENTATION_ITEM()
RATIONAL_B_SPLINE_SURFACE(((1.,0.923802869121509,1.,0.923802869121509,1.),
(0.707106781186546,0.653227273235406,0.707106781186546,0.653227273235406,
0.707106781186546),(1.,0.923802869121509,1.,0.923802869121509,1.)))
REPRESENTATION_ITEM('')
SURFACE()
);
#23=(
BOUNDED_SURFACE()
B_SPLINE_SURFACE(2,2,((#5034,#5035,#5036,#5037,#5038),(#5039,#5040,#5041,
#5042,#5043),(#5044,#5045,#5046,#5047,#5048)),.UNSPECIFIED.,.F.,.F.,.F.)
B_SPLINE_SURFACE_WITH_KNOTS((3,3),(3,2,3),(-3.5527136788005E-15,1.5707963267949),
(-3.14159265358979,-2.35579392481929,-1.56999519604878),.UNSPECIFIED.)
GEOMETRIC_REPRESENTATION_ITEM()
RATIONAL_B_SPLINE_SURFACE(((1.,0.923802869116014,1.,0.923802869116014,1.),
(0.707106781186546,0.65322727323152,0.707106781186546,0.65322727323152,
0.707106781186546),(1.,0.923802869116014,1.,0.923802869116014,1.)))
REPRESENTATION_ITEM('')
SURFACE()
);
#24=(
BOUNDED_SURFACE()
B_SPLINE_SURFACE(2,2,((#5412,#5413,#5414),(#5415,#5416,#5417),(#5418,#5419,
#5420)),.UNSPECIFIED.,.F.,.F.,.F.)
B_SPLINE_SURFACE_WITH_KNOTS((3,3),(3,3),(-0.306403075037919,0.),(-0.668349793765581,
5.43549956834261E-15),.UNSPECIFIED.)
GEOMETRIC_REPRESENTATION_ITEM()
RATIONAL_B_SPLINE_SURFACE(((1.,0.944681256593805,1.),(0.988287579596031,
0.933616752568828,0.988287579596031),(1.,0.944681256593805,1.)))
REPRESENTATION_ITEM('')
SURFACE()
);
#25=(
BOUNDED_SURFACE()
B_SPLINE_SURFACE(2,2,((#5743,#5744,#5745),(#5746,#5747,#5748),(#5749,#5750,
#5751)),.UNSPECIFIED.,.F.,.F.,.F.)
B_SPLINE_SURFACE_WITH_KNOTS((3,3),(3,3),(-1.5707963267949,0.),(0.,1.5707963267949),
 .UNSPECIFIED.)
GEOMETRIC_REPRESENTATION_ITEM()
RATIONAL_B_SPLINE_SURFACE(((1.,0.707106781186546,1.),(0.707106781186547,
0.499999999999998,0.707106781186547),(1.,0.707106781186546,1.)))
REPRESENTATION_ITEM('')
SURFACE()
);
#26=(
BOUNDED_SURFACE()
B_SPLINE_SURFACE(2,2,((#5754,#5755,#5756),(#5757,#5758,#5759),(#5760,#5761,
#5762)),.UNSPECIFIED.,.F.,.F.,.F.)
B_SPLINE_SURFACE_WITH_KNOTS((3,3),(3,3),(-1.5707963267949,0.),(0.,1.5707963267949),
 .UNSPECIFIED.)
GEOMETRIC_REPRESENTATION_ITEM()
RATIONAL_B_SPLINE_SURFACE(((1.,0.707106781186546,1.),(0.707106781186547,
0.499999999999998,0.707106781186547),(1.,0.707106781186546,1.)))
REPRESENTATION_ITEM('')
SURFACE()
);
#27=(
BOUNDED_SURFACE()
B_SPLINE_SURFACE(2,2,((#5777,#5778,#5779),(#5780,#5781,#5782),(#5783,#5784,
#5785)),.UNSPECIFIED.,.F.,.F.,.F.)
B_SPLINE_SURFACE_WITH_KNOTS((3,3),(3,3),(-1.5707963267949,0.),(1.57079632679489,
3.14159265358979),.UNSPECIFIED.)
GEOMETRIC_REPRESENTATION_ITEM()
RATIONAL_B_SPLINE_SURFACE(((1.,0.707106781186546,1.),(0.707106781186547,
0.499999999999998,0.707106781186547),(1.,0.707106781186546,1.)))
REPRESENTATION_ITEM('')
SURFACE()
);
#28=(
BOUNDED_SURFACE()
B_SPLINE_SURFACE(2,2,((#5794,#5795,#5796),(#5797,#5798,#5799),(#5800,#5801,
#5802)),.UNSPECIFIED.,.F.,.F.,.F.)
B_SPLINE_SURFACE_WITH_KNOTS((3,3),(3,3),(-1.5707963267949,0.),(-3.14159265358979,
-1.57079632679489),.UNSPECIFIED.)
GEOMETRIC_REPRESENTATION_ITEM()
RATIONAL_B_SPLINE_SURFACE(((1.,0.707106781186547,1.),(0.707106781186547,
0.499999999999999,0.707106781186547),(1.,0.707106781186547,1.)))
REPRESENTATION_ITEM('')
SURFACE()
);
#29=(
BOUNDED_SURFACE()
B_SPLINE_SURFACE(2,2,((#5814,#5815,#5816),(#5817,#5818,#5819),(#5820,#5821,
#5822)),.UNSPECIFIED.,.F.,.F.,.F.)
B_SPLINE_SURFACE_WITH_KNOTS((3,3),(3,3),(-1.5707963267949,0.),(-1.5707963267949,
1.90585239481046E-15),.UNSPECIFIED.)
GEOMETRIC_REPRESENTATION_ITEM()
RATIONAL_B_SPLINE_SURFACE(((1.,0.707106781186545,1.),(0.707106781186547,
0.499999999999998,0.707106781186547),(1.,0.707106781186545,1.)))
REPRESENTATION_ITEM('')
SURFACE()
);
#30=(
BOUNDED_SURFACE()
B_SPLINE_SURFACE(5,1,((#5943,#5944),(#5945,#5946),(#5947,#5948),(#5949,
#5950),(#5951,#5952),(#5953,#5954),(#5955,#5956),(#5957,#5958),(#5959,#5960),
(#5961,#5962),(#5963,#5964),(#5965,#5966),(#5967,#5968),(#5969,#5970),(#5971,
#5972),(#5973,#5974),(#5975,#5976),(#5977,#5978),(#5979,#5980),(#5981,#5982),
(#5983,#5984),(#5985,#5986),(#5987,#5988),(#5989,#5990),(#5991,#5992),(#5993,
#5994),(#5995,#5996),(#5997,#5998),(#5999,#6000),(#6001,#6002),(#6003,#6004),
(#6005,#6006),(#6007,#6008),(#6009,#6010),(#6011,#6012),(#6013,#6014),(#6015,
#6016),(#6017,#6018),(#6019,#6020),(#6021,#6022),(#6023,#6024),(#6025,#6026),
(#6027,#6028),(#6029,#6030),(#6031,#6032)),.UNSPECIFIED.,.F.,.F.,.F.)
B_SPLINE_SURFACE_WITH_KNOTS((6,5,1,1,1,1,1,1,1,1,1,1,1,1,1,1,1,1,1,1,1,
1,1,1,1,1,1,1,1,1,1,5,6),(2,2),(-0.109479638386061,0.,0.0333333333333333,
0.0666666666666667,0.1,0.133333333333333,0.166666666666667,0.2,0.233333333333333,
0.266666666666667,0.3,0.333333333333333,0.366666666666667,0.4,0.433333333333333,
0.466666666666667,0.5,0.533333333333333,0.566666666666667,0.6,0.633333333333333,
0.666666666666667,0.7,0.733333333333333,0.766666666666667,0.8,0.833333333333333,
0.866666666666667,0.9,0.933333333333333,0.966666666666667,1.,1.25518662784438),
(-10.2137949486283,4.36379494862831),.UNSPECIFIED.)
GEOMETRIC_REPRESENTATION_ITEM()
RATIONAL_B_SPLINE_SURFACE(((1.,1.),(1.,1.),(1.,1.),(1.,1.),(1.,1.),(1.,
1.),(1.,1.),(1.,1.),(1.,1.),(1.,1.),(1.,1.),(1.,1.),(1.,1.),(1.,1.),(1.,
1.),(1.,1.),(1.,1.),(1.,1.),(1.,1.),(1.,1.),(1.,1.),(1.,1.),(1.,1.),(1.,
1.),(1.,1.),(1.,1.),(1.,1.),(1.,1.),(1.,1.),(1.,1.),(1.,1.),(1.,1.),(1.,
1.),(1.,1.),(1.,1.),(1.,1.),(1.,1.),(1.,1.),(1.,1.),(1.,1.),(1.,1.),(1.,
1.),(1.,1.),(1.,1.),(1.,1.)))
REPRESENTATION_ITEM('')
SURFACE()
);
#31=B_SPLINE_SURFACE_WITH_KNOTS('',3,1,((#4180,#4181),(#4182,#4183),(#4184,
#4185),(#4186,#4187),(#4188,#4189),(#4190,#4191),(#4192,#4193),(#4194,#4195),
(#4196,#4197),(#4198,#4199),(#4200,#4201),(#4202,#4203),(#4204,#4205),(#4206,
#4207),(#4208,#4209),(#4210,#4211),(#4212,#4213),(#4214,#4215),(#4216,#4217),
(#4218,#4219),(#4220,#4221),(#4222,#4223)),.UNSPECIFIED.,.F.,.F.,.F.,(4,
3,3,3,3,3,3,4),(2,2),(0.5222957914491,0.525357553141397,0.587461325083561,
0.65534358689705,0.713773708019724,0.805241739208219,0.824016463694418,
0.827003052799948),(-0.355676743792486,-0.173398832629609),
 .UNSPECIFIED.);
#32=CYLINDRICAL_SURFACE('',#2932,2.49);
#33=CYLINDRICAL_SURFACE('',#2938,3.);
#34=CYLINDRICAL_SURFACE('',#2940,2.5);
#35=CYLINDRICAL_SURFACE('',#2944,2.5);
#36=CYLINDRICAL_SURFACE('',#2946,3.5);
#37=CYLINDRICAL_SURFACE('',#2953,1.25);
#38=CYLINDRICAL_SURFACE('',#2957,1.25);
#39=CYLINDRICAL_SURFACE('',#2960,2.15);
#40=CYLINDRICAL_SURFACE('',#2963,1.4);
#41=CYLINDRICAL_SURFACE('',#2965,1.4);
#42=CYLINDRICAL_SURFACE('',#2971,1.25);
#43=CYLINDRICAL_SURFACE('',#2972,1.25);
#44=CYLINDRICAL_SURFACE('',#2977,1.4);
#45=CYLINDRICAL_SURFACE('',#2979,1.4);
#46=CYLINDRICAL_SURFACE('',#2982,2.15);
#47=CYLINDRICAL_SURFACE('',#2986,1.25);
#48=CYLINDRICAL_SURFACE('',#2987,2.15);
#49=CYLINDRICAL_SURFACE('',#2992,1.25);
#50=CYLINDRICAL_SURFACE('',#2993,2.15);
#51=CYLINDRICAL_SURFACE('',#2997,1.);
#52=CYLINDRICAL_SURFACE('',#3000,1.);
#53=CYLINDRICAL_SURFACE('',#3003,1.);
#54=CYLINDRICAL_SURFACE('',#3004,1.);
#55=CYLINDRICAL_SURFACE('',#3020,2.);
#56=CYLINDRICAL_SURFACE('',#3024,2.);
#57=CYLINDRICAL_SURFACE('',#3030,2.73805788725412);
#58=CYLINDRICAL_SURFACE('',#3038,2.5);
#59=CYLINDRICAL_SURFACE('',#3043,1.5);
#60=CYLINDRICAL_SURFACE('',#3053,1.49999999999999);
#61=CYLINDRICAL_SURFACE('',#3062,1.5);
#62=CYLINDRICAL_SURFACE('',#3066,2.5);
#63=CYLINDRICAL_SURFACE('',#3074,1.5);
#64=CYLINDRICAL_SURFACE('',#3077,1.49999999999999);
#65=CYLINDRICAL_SURFACE('',#3082,1.5);
#66=CYLINDRICAL_SURFACE('',#3083,1.49999999999999);
#67=CYLINDRICAL_SURFACE('',#3090,1.5);
#68=CYLINDRICAL_SURFACE('',#3092,1.65);
#69=CYLINDRICAL_SURFACE('',#3095,1.65);
#70=CYLINDRICAL_SURFACE('',#3098,0.4);
#71=CYLINDRICAL_SURFACE('',#3101,0.4);
#72=CYLINDRICAL_SURFACE('',#3104,0.4);
#73=CYLINDRICAL_SURFACE('',#3107,0.4);
#74=CYLINDRICAL_SURFACE('',#3110,1.65);
#75=CYLINDRICAL_SURFACE('',#3113,1.65);
#76=CYLINDRICAL_SURFACE('',#3117,0.4);
#77=CYLINDRICAL_SURFACE('',#3120,0.4);
#78=CYLINDRICAL_SURFACE('',#3122,0.4);
#79=CYLINDRICAL_SURFACE('',#3125,0.4);
#80=CYLINDRICAL_SURFACE('',#3128,3.75);
#81=CYLINDRICAL_SURFACE('',#3130,3.75);
#82=CYLINDRICAL_SURFACE('',#3133,3.75);
#83=CYLINDRICAL_SURFACE('',#3134,3.75);
#84=CYLINDRICAL_SURFACE('',#3135,2.5);
#85=CYLINDRICAL_SURFACE('',#3138,1.5);
#86=CYLINDRICAL_SURFACE('',#3143,4.);
#87=CYLINDRICAL_SURFACE('',#3148,4.);
#88=CYLINDRICAL_SURFACE('',#3153,4.);
#89=CYLINDRICAL_SURFACE('',#3158,4.);
#90=CYLINDRICAL_SURFACE('',#3160,5.);
#91=CYLINDRICAL_SURFACE('',#3162,5.);
#92=CYLINDRICAL_SURFACE('',#3164,5.);
#93=CYLINDRICAL_SURFACE('',#3165,5.);
#94=FACE_BOUND('',#435,.T.);
#95=FACE_BOUND('',#436,.T.);
#96=FACE_BOUND('',#483,.T.);
#97=FACE_BOUND('',#484,.T.);
#98=FACE_BOUND('',#485,.T.);
#99=FACE_BOUND('',#486,.T.);
#100=FACE_BOUND('',#487,.T.);
#101=FACE_BOUND('',#488,.T.);
#102=FACE_BOUND('',#516,.T.);
#103=FACE_BOUND('',#532,.T.);
#104=FACE_BOUND('',#557,.T.);
#105=FACE_BOUND('',#570,.T.);
#106=CIRCLE('',#2924,0.4);
#107=CIRCLE('',#2925,0.4);
#108=CIRCLE('',#2926,0.4);
#109=CIRCLE('',#2927,0.4);
#110=CIRCLE('',#2928,0.4);
#111=CIRCLE('',#2929,0.4);
#112=CIRCLE('',#2930,0.4);
#113=CIRCLE('',#2931,0.4);
#114=CIRCLE('',#2933,2.49);
#115=CIRCLE('',#2935,3.);
#116=CIRCLE('',#2937,2.5);
#117=CIRCLE('',#2939,3.);
#118=CIRCLE('',#2941,2.5);
#119=CIRCLE('',#2942,2.5);
#120=CIRCLE('',#2945,2.5);
#121=CIRCLE('',#2947,3.5);
#122=CIRCLE('',#2950,1.4);
#123=CIRCLE('',#2951,1.25);
#124=CIRCLE('',#2952,0.150000000000001);
#125=CIRCLE('',#2954,1.25);
#126=CIRCLE('',#2955,0.15);
#127=CIRCLE('',#2956,1.4);
#128=CIRCLE('',#2959,2.15);
#129=CIRCLE('',#2961,2.15);
#130=CIRCLE('',#2964,1.4);
#131=CIRCLE('',#2966,1.4);
#132=CIRCLE('',#2968,1.4);
#133=CIRCLE('',#2969,1.25);
#134=CIRCLE('',#2970,0.15);
#135=CIRCLE('',#2973,1.25);
#136=CIRCLE('',#2974,0.149999999999999);
#137=CIRCLE('',#2975,1.4);
#138=CIRCLE('',#2978,1.4);
#139=CIRCLE('',#2980,1.4);
#140=CIRCLE('',#2983,2.15);
#141=CIRCLE('',#2984,2.15);
#142=CIRCLE('',#2988,2.15);
#143=CIRCLE('',#2989,2.15);
#144=CIRCLE('',#2991,2.15);
#145=CIRCLE('',#2994,2.15);
#146=CIRCLE('',#3008,1.65);
#147=CIRCLE('',#3009,1.65);
#148=CIRCLE('',#3010,1.65);
#149=CIRCLE('',#3011,1.65);
#150=CIRCLE('',#3021,2.);
#151=CIRCLE('',#3022,2.);
#152=CIRCLE('',#3025,2.);
#153=CIRCLE('',#3026,2.);
#154=CIRCLE('',#3031,2.73805788725412);
#155=CIRCLE('',#3032,2.73805788725412);
#156=CIRCLE('',#3036,2.5);
#157=CIRCLE('',#3044,1.5);
#158=CIRCLE('',#3045,1.5);
#159=CIRCLE('',#3047,1.5);
#160=CIRCLE('',#3049,1.49999999999999);
#161=CIRCLE('',#3054,1.49999999999999);
#162=CIRCLE('',#3056,1.5);
#163=CIRCLE('',#3063,1.5);
#164=CIRCLE('',#3064,1.5);
#165=CIRCLE('',#3065,2.5);
#166=CIRCLE('',#3068,1.5);
#167=CIRCLE('',#3070,1.5);
#168=CIRCLE('',#3071,1.49999999999999);
#169=CIRCLE('',#3073,1.5);
#170=CIRCLE('',#3075,1.5);
#171=CIRCLE('',#3078,1.49999999999999);
#172=CIRCLE('',#3080,1.);
#173=CIRCLE('',#3081,1.49999999999999);
#174=CIRCLE('',#3084,1.49999999999999);
#175=CIRCLE('',#3086,1.5);
#176=CIRCLE('',#3088,1.5);
#177=CIRCLE('',#3093,1.65);
#178=CIRCLE('',#3096,1.65);
#179=CIRCLE('',#3099,0.4);
#180=CIRCLE('',#3102,0.4);
#181=CIRCLE('',#3105,0.4);
#182=CIRCLE('',#3108,0.4);
#183=CIRCLE('',#3111,1.65);
#184=CIRCLE('',#3114,1.65);
#185=CIRCLE('',#3118,0.4);
#186=CIRCLE('',#3121,0.4);
#187=CIRCLE('',#3123,0.4);
#188=CIRCLE('',#3126,0.4);
#189=CIRCLE('',#3136,2.5);
#190=CIRCLE('',#3137,1.5);
#191=CIRCLE('',#3139,4.);
#192=CIRCLE('',#3140,1.);
#193=CIRCLE('',#3141,4.);
#194=CIRCLE('',#3142,5.);
#195=CIRCLE('',#3144,4.);
#196=CIRCLE('',#3145,4.);
#197=CIRCLE('',#3146,5.);
#198=CIRCLE('',#3147,1.);
#199=CIRCLE('',#3149,4.);
#200=CIRCLE('',#3150,4.);
#201=CIRCLE('',#3151,4.99999999999999);
#202=CIRCLE('',#3152,0.999999999999995);
#203=CIRCLE('',#3154,4.);
#204=CIRCLE('',#3155,4.);
#205=CIRCLE('',#3156,5.);
#206=CIRCLE('',#3157,0.999999999999995);
#207=B_SPLINE_CURVE_WITH_KNOTS('',3,(#3988,#3989,#3990,#3991),
 .UNSPECIFIED.,.F.,.F.,(4,4),(0.0499999999999998,5.),.UNSPECIFIED.);
#208=B_SPLINE_CURVE_WITH_KNOTS('',3,(#4035,#4036,#4037,#4038,#4039,#4040,
#4041,#4042,#4043,#4044,#4045,#4046,#4047,#4048,#4049,#4050,#4051,#4052,
#4053,#4054,#4055,#4056,#4057,#4058,#4059,#4060,#4061,#4062,#4063,#4064,
#4065,#4066,#4067,#4068,#4069,#4070,#4071),.UNSPECIFIED.,.F.,.F.,(4,3,3,
3,3,3,3,3,3,3,3,3,4),(-0.68232751140722,-0.649343843421311,-0.616360175435403,
-0.58223034975844,-0.546919446969791,-0.526673358666405,-0.482620381636977,
-0.427360550352449,-0.388059959320719,-0.361607890958713,-0.328580063082539,
-0.311944579040737,-0.299013367816466),.UNSPECIFIED.);
#209=B_SPLINE_CURVE_WITH_KNOTS('',3,(#4074,#4075,#4076,#4077,#4078,#4079,
#4080,#4081,#4082,#4083,#4084,#4085,#4086,#4087,#4088,#4089,#4090,#4091,
#4092,#4093,#4094,#4095,#4096,#4097,#4098,#4099,#4100,#4101,#4102,#4103,
#4104,#4105,#4106,#4107,#4108,#4109,#4110,#4111,#4112,#4113,#4114,#4115,
#4116,#4117,#4118,#4119,#4120,#4121,#4122,#4123,#4124,#4125,#4126,#4127,
#4128,#4129,#4130,#4131,#4132,#4133,#4134,#4135,#4136,#4137,#4138,#4139,
#4140,#4141,#4142,#4143,#4144,#4145,#4146,#4147,#4148,#4149,#4150,#4151,
#4152,#4153,#4154,#4155,#4156,#4157,#4158,#4159,#4160,#4161,#4162,#4163,
#4164,#4165,#4166,#4167,#4168,#4169,#4170,#4171,#4172,#4173,#4174,#4175,
#4176),.UNSPECIFIED.,.F.,.F.,(4,3,3,3,3,3,3,3,3,3,3,3,3,3,3,3,3,3,3,3,3,
3,3,3,3,3,3,3,3,3,3,3,3,3,4),(-1.83858833077791,-1.78844464486772,-1.7345812397392,
-1.67753629461147,-1.61539298785192,-1.54344544682129,-1.45103108644214,
-1.38181313160461,-1.32164867744473,-1.26607462052755,-1.21353124275572,
-1.16325769543489,-1.11479416978127,-1.06781289578509,-1.02207969651547,
-0.977425993614985,-0.93378826642372,-0.89109507990557,-0.849261639018354,
-0.808211138533183,-0.767875096917547,-0.727426110123381,-0.68526688360281,
-0.641756771668121,-0.596599315505747,-0.549365215992256,-0.499840593205954,
-0.445462479149577,-0.388257729139185,-0.327078022625211,-0.261512437157644,
-0.206700853853315,-0.155591707785153,-0.108277664319138,-0.0648156807549438),
 .UNSPECIFIED.);
#210=B_SPLINE_CURVE_WITH_KNOTS('',3,(#4226,#4227,#4228,#4229,#4230,#4231,
#4232,#4233,#4234,#4235,#4236,#4237,#4238,#4239,#4240,#4241,#4242,#4243,
#4244,#4245,#4246,#4247,#4248,#4249,#4250,#4251,#4252,#4253,#4254,#4255,
#4256,#4257,#4258,#4259),.UNSPECIFIED.,.F.,.F.,(4,3,3,3,3,3,3,3,3,3,3,4),
(0.,4.00788920167083E-6,0.0364192911220352,0.113370540835537,0.166678426096498,
0.240601437609092,0.281368751157799,0.290711836700163,0.347362949181072,
0.363157708255189,0.371727602721167,0.375549873768681),.UNSPECIFIED.);
#211=B_SPLINE_CURVE_WITH_KNOTS('',3,(#4261,#4262,#4263,#4264,#4265,#4266,
#4267,#4268,#4269,#4270,#4271,#4272,#4273,#4274,#4275,#4276,#4277,#4278,
#4279,#4280,#4281,#4282,#4283,#4284,#4285,#4286,#4287,#4288,#4289,#4290,
#4291),.UNSPECIFIED.,.F.,.F.,(4,3,3,3,3,3,3,3,3,3,4),(0.239368544524584,
0.239483770825461,0.24481382924505,0.252527884974772,0.271410021537396,
0.312746905680295,0.376601297596449,0.381060964300739,0.450491458188187,
0.47864936102928,0.478652687947183),.UNSPECIFIED.);
#212=B_SPLINE_CURVE_WITH_KNOTS('',3,(#4293,#4294,#4295,#4296,#4297,#4298,
#4299,#4300),.UNSPECIFIED.,.F.,.F.,(4,2,2,4),(0.0150741157794577,1.22776772788848,
2.39608538876332,3.13209601118547),.UNSPECIFIED.);
#213=B_SPLINE_CURVE_WITH_KNOTS('',3,(#4302,#4303,#4304,#4305),
 .UNSPECIFIED.,.F.,.F.,(4,4),(0.105676743792486,0.17401726333991),
 .UNSPECIFIED.);
#214=B_SPLINE_CURVE_WITH_KNOTS('',3,(#4307,#4308,#4309,#4310),
 .UNSPECIFIED.,.F.,.F.,(4,4),(0.,0.728088378913632),.UNSPECIFIED.);
#215=B_SPLINE_CURVE_WITH_KNOTS('',3,(#4311,#4312,#4313,#4314,#4315,#4316,
#4317),.UNSPECIFIED.,.F.,.F.,(4,3,4),(-0.798190029466726,-0.713773708019724,
-0.675231453839934),.UNSPECIFIED.);
#216=B_SPLINE_CURVE_WITH_KNOTS('',3,(#4327,#4328,#4329,#4330),
 .UNSPECIFIED.,.F.,.F.,(4,4),(-0.168999999999999,-0.168398074352866),
 .UNSPECIFIED.);
#217=B_SPLINE_CURVE_WITH_KNOTS('',3,(#4348,#4349,#4350,#4351),
 .UNSPECIFIED.,.F.,.F.,(4,4),(1.27935826283037,1.28975031141613),
 .UNSPECIFIED.);
#218=B_SPLINE_CURVE_WITH_KNOTS('',3,(#4446,#4447,#4448,#4449,#4450,#4451,
#4452,#4453,#4454,#4455,#4456,#4457,#4458,#4459,#4460,#4461,#4462,#4463,
#4464,#4465,#4466,#4467),.UNSPECIFIED.,.F.,.F.,(4,3,3,3,3,3,3,4),(0.0245047316452578,
0.107195490098314,0.166478367756893,0.221800488298996,0.518255260769933,
1.62996065753595,1.85481028199485,4.96507684783399),.UNSPECIFIED.);
#219=B_SPLINE_CURVE_WITH_KNOTS('',3,(#4469,#4470,#4471,#4472,#4473,#4474,
#4475,#4476,#4477,#4478,#4479,#4480,#4481,#4482,#4483,#4484,#4485,#4486,
#4487,#4488,#4489,#4490,#4491,#4492,#4493,#4494,#4495,#4496),
 .UNSPECIFIED.,.F.,.F.,(4,3,3,3,3,3,3,3,3,4),(0.883011679619785,0.91704285361345,
0.988959401626727,1.01718730317717,1.09703539689937,1.11640122561902,1.17825940794874,
1.20397671872217,1.27051163980455,1.27682027103409),.UNSPECIFIED.);
#220=B_SPLINE_CURVE_WITH_KNOTS('',3,(#4498,#4499,#4500,#4501),
 .UNSPECIFIED.,.F.,.F.,(4,4),(3.62500081639128,5.),.UNSPECIFIED.);
#221=B_SPLINE_CURVE_WITH_KNOTS('',3,(#4503,#4504,#4505,#4506,#4507,#4508,
#4509),.UNSPECIFIED.,.F.,.F.,(4,3,4),(-0.127000574847665,-0.0308461545838347,
0.),.UNSPECIFIED.);
#222=B_SPLINE_CURVE_WITH_KNOTS('',3,(#4511,#4512,#4513,#4514),
 .UNSPECIFIED.,.F.,.F.,(4,4),(0.0500000000000003,1.42499918360872),
 .UNSPECIFIED.);
#223=B_SPLINE_CURVE_WITH_KNOTS('',3,(#4516,#4517,#4518,#4519,#4520,#4521,
#4522,#4523,#4524,#4525,#4526,#4527,#4528,#4529,#4530,#4531,#4532,#4533,
#4534,#4535,#4536,#4537,#4538,#4539,#4540,#4541,#4542,#4543),
 .UNSPECIFIED.,.F.,.F.,(4,3,3,3,3,3,3,3,3,4),(2.80992429352723,2.88495787599379,
2.95390696345268,3.01044766252744,3.08702421833892,3.15967217002038,3.25235351526673,
3.30150318309849,3.37750782689199,3.40066868564459),.UNSPECIFIED.);
#224=B_SPLINE_CURVE_WITH_KNOTS('',3,(#4545,#4546,#4547,#4548,#4549,#4550,
#4551,#4552,#4553,#4554,#4555,#4556,#4557,#4558),.UNSPECIFIED.,.F.,.F.,
(4,2,2,2,2,2,4),(0.0500000182311792,0.881127938466892,1.70249311680817,
3.48684474333758,4.4677958257435,5.93528707783135,9.47273255422592),
 .UNSPECIFIED.);
#225=B_SPLINE_CURVE_WITH_KNOTS('',3,(#4560,#4561,#4562,#4563,#4564,#4565,
#4566,#4567,#4568,#4569,#4570,#4571),.UNSPECIFIED.,.F.,.F.,(4,2,2,2,2,4),
(2.78834913007452,2.92239949848709,3.07057239700183,3.20649790717831,3.30287395125868,
3.378937984532),.UNSPECIFIED.);
#226=B_SPLINE_CURVE_WITH_KNOTS('',3,(#4573,#4574,#4575,#4576),
 .UNSPECIFIED.,.F.,.F.,(4,4),(0.0499999999999998,5.),.UNSPECIFIED.);
#227=B_SPLINE_CURVE_WITH_KNOTS('',3,(#4578,#4579,#4580,#4581,#4582,#4583,
#4584,#4585,#4586,#4587,#4588,#4589,#4590,#4591),.UNSPECIFIED.,.F.,.F.,
(4,2,2,2,2,2,4),(2.8088506654386,2.86042639014116,2.95184155281783,3.07479543830011,
3.20850449092667,3.34748637185392,3.39922660035412),.UNSPECIFIED.);
#228=B_SPLINE_CURVE_WITH_KNOTS('',3,(#4593,#4594,#4595,#4596,#4597,#4598,
#4599,#4600,#4601,#4602,#4603,#4604,#4605,#4606,#4607,#4608,#4609,#4610,
#4611,#4612,#4613,#4614,#4615,#4616,#4617,#4618,#4619,#4620,#4621,#4622,
#4623,#4624,#4625,#4626),.UNSPECIFIED.,.F.,.F.,(4,3,3,3,3,3,3,3,3,3,3,4),
(0.0245047316452578,0.170009974196902,0.224175417905042,0.508946194062711,
0.832164610263684,1.36370683805661,1.80680266374279,2.04951708980089,5.69317867237567,
6.72463313399163,7.566236093933,9.33684025495045),.UNSPECIFIED.);
#229=B_SPLINE_CURVE_WITH_KNOTS('',3,(#4628,#4629,#4630,#4631,#4632,#4633,
#4634,#4635,#4636,#4637,#4638,#4639,#4640,#4641,#4642,#4643,#4644,#4645,
#4646,#4647,#4648,#4649,#4650,#4651,#4652,#4653,#4654,#4655),
 .UNSPECIFIED.,.F.,.F.,(4,3,3,3,3,3,3,3,3,4),(2.79928236861561,2.87648131151006,
2.937079337198,3.04744670140489,3.08596253938938,3.16099770027669,3.22556270650128,
3.29482413049079,3.34642824150043,3.39001219721249),.UNSPECIFIED.);
#230=B_SPLINE_CURVE_WITH_KNOTS('',3,(#4657,#4658,#4659,#4660),
 .UNSPECIFIED.,.F.,.F.,(4,4),(2.82499918360873,5.),.UNSPECIFIED.);
#231=B_SPLINE_CURVE_WITH_KNOTS('',3,(#4662,#4663,#4664,#4665,#4666,#4667,
#4668),.UNSPECIFIED.,.F.,.F.,(4,3,4),(-0.233567705630759,-0.134549619692427,
-0.102784806623436),.UNSPECIFIED.);
#232=B_SPLINE_CURVE_WITH_KNOTS('',3,(#4670,#4671,#4672,#4673),
 .UNSPECIFIED.,.F.,.F.,(4,4),(0.0499999999999998,2.22500081639128),
 .UNSPECIFIED.);
#233=B_SPLINE_CURVE_WITH_KNOTS('',3,(#4675,#4676,#4677,#4678,#4679,#4680,
#4681,#4682,#4683,#4684,#4685,#4686,#4687),.UNSPECIFIED.,.F.,.F.,(4,3,3,
3,4),(1.11646303542214,1.16280894088768,1.23253541355219,1.25824723485327,
1.28403674537431),.UNSPECIFIED.);
#234=B_SPLINE_CURVE_WITH_KNOTS('',3,(#4689,#4690,#4691,#4692,#4693,#4694,
#4695,#4696,#4697,#4698,#4699,#4700,#4701,#4702,#4703,#4704,#4705,#4706,
#4707,#4708,#4709,#4710),.UNSPECIFIED.,.F.,.F.,(4,3,3,3,3,3,3,4),(-0.781359431766113,
-0.695765818678122,-0.667701724153119,-0.599799373302796,-0.54596541973417,
-0.47529530622525,-0.45294477175512,-0.419743737927829),.UNSPECIFIED.);
#235=B_SPLINE_CURVE_WITH_KNOTS('',3,(#4712,#4713,#4714,#4715,#4716,#4717,
#4718,#4719,#4720,#4721,#4722,#4723,#4724,#4725,#4726,#4727,#4728,#4729,
#4730,#4731,#4732,#4733,#4734,#4735,#4736,#4737,#4738,#4739,#4740,#4741,
#4742,#4743,#4744,#4745,#4746,#4747,#4748,#4749,#4750,#4751,#4752,#4753,
#4754,#4755,#4756,#4757,#4758,#4759,#4760,#4761,#4762,#4763),
 .UNSPECIFIED.,.F.,.F.,(4,3,3,3,3,3,3,3,3,3,3,3,3,3,3,3,3,4),(-1.56442299645499,
-1.47510432140803,-1.38291782255085,-1.28856270103127,-1.19141879666645,
-1.08421080619685,-0.936739663815062,-0.825994938774869,-0.7290933043647,
-0.639556245894682,-0.552339355209584,-0.467120011324439,-0.38364967790643,
-0.300432724303202,-0.225941601201946,-0.154057647424119,-0.085227075616569,
-0.0507818634935173),.UNSPECIFIED.);
#236=B_SPLINE_CURVE_WITH_KNOTS('',3,(#4765,#4766,#4767,#4768,#4769,#4770),
 .UNSPECIFIED.,.F.,.F.,(4,2,4),(-2.0979080088983,-0.919956404259059,-0.164833856387981),
 .UNSPECIFIED.);
#237=B_SPLINE_CURVE_WITH_KNOTS('',3,(#4772,#4773,#4774,#4775),
 .UNSPECIFIED.,.F.,.F.,(4,4),(-1.05473460066351,-0.988000000000001),
 .UNSPECIFIED.);
#238=B_SPLINE_CURVE_WITH_KNOTS('',3,(#4777,#4778,#4779,#4780,#4781,#4782,
#4783,#4784,#4785,#4786),.UNSPECIFIED.,.F.,.F.,(4,2,2,2,4),(0.0500000182311792,
0.881127938466892,1.70249311680916,3.48684474334157,4.43700670501946),
 .UNSPECIFIED.);
#239=B_SPLINE_CURVE_WITH_KNOTS('',3,(#4787,#4788,#4789,#4790,#4791,#4792,
#4793,#4794,#4795,#4796,#4797,#4798,#4799,#4800,#4801,#4802,#4803,#4804,
#4805,#4806,#4807,#4808,#4809,#4810,#4811,#4812,#4813,#4814,#4815,#4816,
#4817,#4818,#4819,#4820,#4821,#4822,#4823),.UNSPECIFIED.,.F.,.F.,(4,3,3,
3,3,3,3,3,3,3,3,3,4),(0.882249837332208,0.914614145654542,0.947122017669537,
0.953388603772206,0.987567325072131,1.02299618869537,1.05237150298955,1.09787845006896,
1.1505947077689,1.18922299133219,1.21902658507968,1.25150033083371,1.27600951201291),
 .UNSPECIFIED.);
#240=B_SPLINE_CURVE_WITH_KNOTS('',3,(#4829,#4830,#4831,#4832,#4833,#4834,
#4835,#4836,#4837,#4838,#4839,#4840,#4841,#4842,#4843,#4844,#4845,#4846,
#4847,#4848),.UNSPECIFIED.,.F.,.F.,(4,2,2,2,2,2,2,2,2,4),(-0.123401888269032,
-0.111718090688086,-0.100122731717431,-0.0869512987955922,-0.073389376332313,
-0.0563894563929276,-0.0325404007213146,-0.0174747955651088,-0.00772673104568075,
0.),.UNSPECIFIED.);
#241=B_SPLINE_CURVE_WITH_KNOTS('',3,(#4850,#4851,#4852,#4853),
 .UNSPECIFIED.,.F.,.F.,(4,4),(1.80322436285586,1.82980949725387),
 .UNSPECIFIED.);
#242=B_SPLINE_CURVE_WITH_KNOTS('',3,(#4883,#4884,#4885,#4886,#4887,#4888,
#4889,#4890,#4891,#4892,#4893,#4894),.UNSPECIFIED.,.F.,.F.,(4,2,2,2,2,4),
(-0.00130277417570788,0.,0.0493750184361971,0.0983413497564817,0.147306001454367,
0.19626992115745),.UNSPECIFIED.);
#243=B_SPLINE_CURVE_WITH_KNOTS('',3,(#4898,#4899,#4900,#4901,#4902,#4903,
#4904,#4905,#4906,#4907),.UNSPECIFIED.,.F.,.F.,(4,2,2,2,4),(0.192020244895741,
0.241347455370894,0.290674665846047,0.339591644937668,0.388508624029289),
 .UNSPECIFIED.);
#244=B_SPLINE_CURVE_WITH_KNOTS('',3,(#4933,#4934,#4935,#4936,#4937,#4938,
#4939,#4940,#4941,#4942),.UNSPECIFIED.,.F.,.F.,(4,2,2,2,4),(-0.388294859005782,
-0.3394306675599,-0.290566476114018,-0.241403819048084,-0.192241161982149),
 .UNSPECIFIED.);
#245=B_SPLINE_CURVE_WITH_KNOTS('',3,(#4989,#4990,#4991,#4992,#4993,#4994,
#4995,#4996,#4997,#4998,#4999,#5000),.UNSPECIFIED.,.F.,.F.,(4,2,2,2,2,4),
(-0.00130277417570655,0.,0.0493750184361834,0.0983413497564415,0.147306001454305,
0.196269921157355),.UNSPECIFIED.);
#246=B_SPLINE_CURVE_WITH_KNOTS('',3,(#5004,#5005,#5006,#5007,#5008,#5009,
#5010,#5011,#5012,#5013),.UNSPECIFIED.,.F.,.F.,(4,2,2,2,4),(-0.388508624029289,
-0.339591644937668,-0.290674665846047,-0.241347455370894,-0.192020244895741),
 .UNSPECIFIED.);
#247=B_SPLINE_CURVE_WITH_KNOTS('',3,(#5019,#5020,#5021,#5022,#5023,#5024,
#5025,#5026,#5027,#5028),.UNSPECIFIED.,.F.,.F.,(4,2,2,2,4),(0.192241161982149,
0.241403819048084,0.290566476114018,0.3394306675599,0.388294859005782),
 .UNSPECIFIED.);
#248=B_SPLINE_CURVE_WITH_KNOTS('',3,(#5076,#5077,#5078,#5079,#5080,#5081,
#5082,#5083,#5084,#5085),.UNSPECIFIED.,.F.,.F.,(4,2,2,2,4),(-0.388294859005782,
-0.3394306675599,-0.290566476114018,-0.241403819048084,-0.192241161982149),
 .UNSPECIFIED.);
#249=B_SPLINE_CURVE_WITH_KNOTS('',3,(#5089,#5090,#5091,#5092,#5093,#5094,
#5095,#5096,#5097,#5098),.UNSPECIFIED.,.F.,.F.,(4,2,2,2,4),(0.192241161982149,
0.241403819048084,0.290566476114018,0.3394306675599,0.388294859005782),
 .UNSPECIFIED.);
#250=B_SPLINE_CURVE_WITH_KNOTS('',3,(#5104,#5105,#5106,#5107,#5108,#5109,
#5110,#5111,#5112,#5113),.UNSPECIFIED.,.F.,.F.,(4,2,2,2,4),(-0.388508624029289,
-0.339591644937668,-0.290674665846047,-0.241347455370894,-0.192020244895741),
 .UNSPECIFIED.);
#251=B_SPLINE_CURVE_WITH_KNOTS('',3,(#5125,#5126,#5127,#5128,#5129,#5130,
#5131,#5132,#5133,#5134),.UNSPECIFIED.,.F.,.F.,(4,2,2,2,4),(0.192020244895741,
0.241347455370894,0.290674665846047,0.339591644937668,0.388508624029289),
 .UNSPECIFIED.);
#252=B_SPLINE_CURVE_WITH_KNOTS('',3,(#5182,#5183,#5184,#5185),
 .UNSPECIFIED.,.F.,.F.,(4,4),(0.0499999999999989,5.),.UNSPECIFIED.);
#253=B_SPLINE_CURVE_WITH_KNOTS('',3,(#5209,#5210,#5211,#5212,#5213,#5214,
#5215),.UNSPECIFIED.,.F.,.F.,(4,3,4),(-0.378613022691773,-0.27248425946163,
-0.241649363545763),.UNSPECIFIED.);
#254=B_SPLINE_CURVE_WITH_KNOTS('',3,(#5231,#5232,#5233,#5234,#5235,#5236,
#5237),.UNSPECIFIED.,.F.,.F.,(4,3,4),(-0.128520250402165,-0.0289340148249866,
0.),.UNSPECIFIED.);
#255=B_SPLINE_CURVE_WITH_KNOTS('',3,(#5249,#5250,#5251,#5252),
 .UNSPECIFIED.,.F.,.F.,(4,4),(-5.,-3.62500081639128),.UNSPECIFIED.);
#256=B_SPLINE_CURVE_WITH_KNOTS('',3,(#5257,#5258,#5259,#5260),
 .UNSPECIFIED.,.F.,.F.,(4,4),(-2.22500081639127,-0.0499999999999954),
 .UNSPECIFIED.);
#257=B_SPLINE_CURVE_WITH_KNOTS('',3,(#5580,#5581,#5582,#5583,#5584,#5585,
#5586,#5587,#5588,#5589,#5590,#5591,#5592,#5593),.UNSPECIFIED.,.F.,.F.,
(4,2,2,2,2,2,4),(0.418689521349693,0.487440462906422,0.624574690315651,
0.774596891060497,0.887379687274547,0.965602033979626,1.00913606319656),
 .UNSPECIFIED.);
#258=B_SPLINE_CURVE_WITH_KNOTS('',3,(#5598,#5599,#5600,#5601),
 .UNSPECIFIED.,.F.,.F.,(4,4),(-5.,-0.0499999999999963),.UNSPECIFIED.);
#259=B_SPLINE_CURVE_WITH_KNOTS('',3,(#5605,#5606,#5607,#5608,#5609,#5610,
#5611,#5612,#5613,#5614,#5615,#5616,#5617,#5618),.UNSPECIFIED.,.F.,.F.,
(4,2,2,2,2,2,4),(0.448794445908469,0.49981648159602,0.579794483013935,0.694653534117553,
0.841392868961271,0.990079031775583,1.03924828387868),.UNSPECIFIED.);
#260=B_SPLINE_CURVE_WITH_KNOTS('',3,(#5622,#5623,#5624,#5625,#5626,#5627,
#5628,#5629,#5630,#5631,#5632,#5633,#5634,#5635),.UNSPECIFIED.,.F.,.F.,
(4,2,2,2,2,2,4),(-9.52131737779905,-5.89877705508524,-4.43487651160021,
-3.45739928472791,-1.71024060525163,-0.883215890445942,-0.0510404687760436),
 .UNSPECIFIED.);
#261=B_SPLINE_CURVE_WITH_KNOTS('',3,(#5639,#5640,#5641,#5642,#5643,#5644,
#5645,#5646,#5647,#5648,#5649,#5650,#5651,#5652,#5653,#5654,#5655,#5656,
#5657,#5658,#5659,#5660,#5661,#5662,#5663,#5664,#5665,#5666,#5667,#5668,
#5669,#5670,#5671,#5672,#5673,#5674,#5675,#5676,#5677,#5678),
 .UNSPECIFIED.,.F.,.F.,(4,3,3,3,3,3,3,3,3,3,3,3,3,4),(-6.42209261667463,
-5.19887705745643,-4.69119584816352,-4.23140337357444,-2.12811111755166,
-1.83098366725902,-1.56150989805948,-0.793164379794186,-0.594313276941092,
-0.473081614950472,-0.24895023823968,-0.189995758041866,-0.147652393974576,
-0.0248188615288875),.UNSPECIFIED.);
#262=B_SPLINE_CURVE_WITH_KNOTS('',3,(#5681,#5682,#5683,#5684,#5685,#5686,
#5687,#5688,#5689,#5690,#5691,#5692,#5693,#5694,#5695,#5696,#5697,#5698,
#5699,#5700,#5701,#5702,#5703,#5704,#5705,#5706,#5707,#5708),
 .UNSPECIFIED.,.F.,.F.,(4,3,3,3,3,3,3,3,3,4),(0.449360526902242,0.519970108812774,
0.588787659416078,0.62989402200716,0.703480608784048,0.774703407473101,
0.876988285147446,0.923362522494241,0.999842561574361,1.04005087556151),
 .UNSPECIFIED.);
#263=B_SPLINE_CURVE_WITH_KNOTS('',3,(#5710,#5711,#5712,#5713,#5714,#5715,
#5716,#5717,#5718,#5719,#5720,#5721,#5722,#5723,#5724,#5725,#5726,#5727,
#5728,#5729,#5730,#5731,#5732,#5733,#5734,#5735,#5736,#5737,#5738,#5739,
#5740),.UNSPECIFIED.,.F.,.F.,(4,3,3,3,3,3,3,3,3,3,4),(0.43016017768131,
0.487173403642543,0.570121448796792,0.627717023152296,0.725941986423372,
0.776926998202925,0.847211254818619,0.902488101723159,0.973477251004657,
1.00139388828706,1.02070248478997),.UNSPECIFIED.);
#264=B_SPLINE_CURVE_WITH_KNOTS('',3,(#5835,#5836,#5837,#5838,#5839,#5840,
#5841,#5842,#5843,#5844,#5845,#5846,#5847,#5848,#5849,#5850,#5851,#5852,
#5853,#5854,#5855,#5856,#5857,#5858,#5859,#5860,#5861,#5862,#5863,#5864,
#5865,#5866,#5867,#5868,#5869,#5870,#5871,#5872,#5873,#5874),
 .UNSPECIFIED.,.F.,.F.,(4,3,3,3,3,3,3,3,3,3,3,3,3,4),(0.0245047316452575,
0.124369252966813,0.17452891637388,0.227639742975911,0.434404158942339,
0.582217841647997,1.3114198734701,1.6904684866225,1.9807093766212,4.198271736423,
4.61054691785251,5.14199508623458,5.72649230964747,6.4158340962248),
 .UNSPECIFIED.);
#265=B_SPLINE_CURVE_WITH_KNOTS('',3,(#5879,#5880,#5881,#5882,#5883,#5884,
#5885,#5886,#5887,#5888,#5889,#5890,#5891,#5892,#5893,#5894,#5895,#5896,
#5897,#5898,#5899,#5900,#5901,#5902,#5903,#5904,#5905,#5906,#5907,#5908,
#5909,#5910,#5911,#5912,#5913,#5914,#5915),.UNSPECIFIED.,.F.,.F.,(4,3,3,
3,3,3,3,3,3,3,3,3,4),(3.73625504993738,3.82306081248544,3.9117260385851,
3.92433576657711,4.03287529896545,4.12296262711514,4.21418861763465,4.29328550041965,
4.30541460815417,4.38005892596551,4.45468318479497,4.47957188310639,4.52388779586355),
 .UNSPECIFIED.);
#266=B_SPLINE_CURVE_WITH_KNOTS('',3,(#5917,#5918,#5919,#5920),
 .UNSPECIFIED.,.F.,.F.,(4,4),(2.82499918360872,5.),.UNSPECIFIED.);
#267=B_SPLINE_CURVE_WITH_KNOTS('',3,(#5923,#5924,#5925,#5926),
 .UNSPECIFIED.,.F.,.F.,(4,4),(0.0499999999999998,1.42499918360872),
 .UNSPECIFIED.);
#268=B_SPLINE_CURVE_WITH_KNOTS('',3,(#5930,#5931,#5932,#5933,#5934,#5935,
#5936,#5937,#5938,#5939,#5940,#5941),.UNSPECIFIED.,.F.,.F.,(4,2,2,2,2,4),
(3.74473879966046,3.78781992033788,3.96187751625538,4.1561814583441,4.34719383647639,
4.53237006943306),.UNSPECIFIED.);
#269=B_SPLINE_CURVE_WITH_KNOTS('',3,(#6034,#6035,#6036,#6037,#6038,#6039,
#6040,#6041,#6042,#6043,#6044,#6045,#6046,#6047),.UNSPECIFIED.,.F.,.F.,
(4,2,2,2,2,2,4),(0.0500000182311796,0.881127938466891,1.70249311680756,
3.48684474333563,4.46779582574066,5.93528707782719,9.47273255421598),
 .UNSPECIFIED.);
#270=B_SPLINE_CURVE_WITH_KNOTS('',3,(#6048,#6049,#6050,#6051,#6052,#6053,
#6054,#6055,#6056,#6057,#6058,#6059),.UNSPECIFIED.,.F.,.F.,(4,2,2,2,2,4),
(0.571249650607723,0.737144955274606,0.934945812165145,1.11603092771967,
1.24743990932031,1.35871683130572),.UNSPECIFIED.);
#271=B_SPLINE_CURVE_WITH_KNOTS('',3,(#6060,#6061,#6062,#6063,#6064,#6065,
#6066,#6067,#6068,#6069,#6070,#6071,#6072,#6073),.UNSPECIFIED.,.F.,.F.,
(4,2,2,2,2,2,4),(3.73968986807655,3.83657655191528,3.96692173708314,4.14519927431047,
4.32597132297416,4.51423754716548,4.52693073480302),.UNSPECIFIED.);
#272=FACE_OUTER_BOUND('',#429,.T.);
#273=FACE_OUTER_BOUND('',#430,.T.);
#274=FACE_OUTER_BOUND('',#431,.T.);
#275=FACE_OUTER_BOUND('',#432,.T.);
#276=FACE_OUTER_BOUND('',#433,.T.);
#277=FACE_OUTER_BOUND('',#434,.T.);
#278=FACE_OUTER_BOUND('',#437,.T.);
#279=FACE_OUTER_BOUND('',#438,.T.);
#280=FACE_OUTER_BOUND('',#439,.T.);
#281=FACE_OUTER_BOUND('',#440,.T.);
#282=FACE_OUTER_BOUND('',#441,.T.);
#283=FACE_OUTER_BOUND('',#442,.T.);
#284=FACE_OUTER_BOUND('',#443,.T.);
#285=FACE_OUTER_BOUND('',#444,.T.);
#286=FACE_OUTER_BOUND('',#445,.T.);
#287=FACE_OUTER_BOUND('',#446,.T.);
#288=FACE_OUTER_BOUND('',#447,.T.);
#289=FACE_OUTER_BOUND('',#448,.T.);
#290=FACE_OUTER_BOUND('',#449,.T.);
#291=FACE_OUTER_BOUND('',#450,.T.);
#292=FACE_OUTER_BOUND('',#451,.T.);
#293=FACE_OUTER_BOUND('',#452,.T.);
#294=FACE_OUTER_BOUND('',#453,.T.);
#295=FACE_OUTER_BOUND('',#454,.T.);
#296=FACE_OUTER_BOUND('',#455,.T.);
#297=FACE_OUTER_BOUND('',#456,.T.);
#298=FACE_OUTER_BOUND('',#457,.T.);
#299=FACE_OUTER_BOUND('',#458,.T.);
#300=FACE_OUTER_BOUND('',#459,.T.);
#301=FACE_OUTER_BOUND('',#460,.T.);
#302=FACE_OUTER_BOUND('',#461,.T.);
#303=FACE_OUTER_BOUND('',#462,.T.);
#304=FACE_OUTER_BOUND('',#463,.T.);
#305=FACE_OUTER_BOUND('',#464,.T.);
#306=FACE_OUTER_BOUND('',#465,.T.);
#307=FACE_OUTER_BOUND('',#466,.T.);
#308=FACE_OUTER_BOUND('',#467,.T.);
#309=FACE_OUTER_BOUND('',#468,.T.);
#310=FACE_OUTER_BOUND('',#469,.T.);
#311=FACE_OUTER_BOUND('',#470,.T.);
#312=FACE_OUTER_BOUND('',#471,.T.);
#313=FACE_OUTER_BOUND('',#472,.T.);
#314=FACE_OUTER_BOUND('',#473,.T.);
#315=FACE_OUTER_BOUND('',#474,.T.);
#316=FACE_OUTER_BOUND('',#475,.T.);
#317=FACE_OUTER_BOUND('',#476,.T.);
#318=FACE_OUTER_BOUND('',#477,.T.);
#319=FACE_OUTER_BOUND('',#478,.T.);
#320=FACE_OUTER_BOUND('',#479,.T.);
#321=FACE_OUTER_BOUND('',#480,.T.);
#322=FACE_OUTER_BOUND('',#481,.T.);
#323=FACE_OUTER_BOUND('',#482,.T.);
#324=FACE_OUTER_BOUND('',#489,.T.);
#325=FACE_OUTER_BOUND('',#490,.T.);
#326=FACE_OUTER_BOUND('',#491,.T.);
#327=FACE_OUTER_BOUND('',#492,.T.);
#328=FACE_OUTER_BOUND('',#493,.T.);
#329=FACE_OUTER_BOUND('',#494,.T.);
#330=FACE_OUTER_BOUND('',#495,.T.);
#331=FACE_OUTER_BOUND('',#496,.T.);
#332=FACE_OUTER_BOUND('',#497,.T.);
#333=FACE_OUTER_BOUND('',#498,.T.);
#334=FACE_OUTER_BOUND('',#499,.T.);
#335=FACE_OUTER_BOUND('',#500,.T.);
#336=FACE_OUTER_BOUND('',#501,.T.);
#337=FACE_OUTER_BOUND('',#502,.T.);
#338=FACE_OUTER_BOUND('',#503,.T.);
#339=FACE_OUTER_BOUND('',#504,.T.);
#340=FACE_OUTER_BOUND('',#505,.T.);
#341=FACE_OUTER_BOUND('',#506,.T.);
#342=FACE_OUTER_BOUND('',#507,.T.);
#343=FACE_OUTER_BOUND('',#508,.T.);
#344=FACE_OUTER_BOUND('',#509,.T.);
#345=FACE_OUTER_BOUND('',#510,.T.);
#346=FACE_OUTER_BOUND('',#511,.T.);
#347=FACE_OUTER_BOUND('',#512,.T.);
#348=FACE_OUTER_BOUND('',#513,.T.);
#349=FACE_OUTER_BOUND('',#514,.T.);
#350=FACE_OUTER_BOUND('',#515,.T.);
#351=FACE_OUTER_BOUND('',#517,.T.);
#352=FACE_OUTER_BOUND('',#518,.T.);
#353=FACE_OUTER_BOUND('',#519,.T.);
#354=FACE_OUTER_BOUND('',#520,.T.);
#355=FACE_OUTER_BOUND('',#521,.T.);
#356=FACE_OUTER_BOUND('',#522,.T.);
#357=FACE_OUTER_BOUND('',#523,.T.);
#358=FACE_OUTER_BOUND('',#524,.T.);
#359=FACE_OUTER_BOUND('',#525,.T.);
#360=FACE_OUTER_BOUND('',#526,.T.);
#361=FACE_OUTER_BOUND('',#527,.T.);
#362=FACE_OUTER_BOUND('',#528,.T.);
#363=FACE_OUTER_BOUND('',#529,.T.);
#364=FACE_OUTER_BOUND('',#530,.T.);
#365=FACE_OUTER_BOUND('',#531,.T.);
#366=FACE_OUTER_BOUND('',#533,.T.);
#367=FACE_OUTER_BOUND('',#534,.T.);
#368=FACE_OUTER_BOUND('',#535,.T.);
#369=FACE_OUTER_BOUND('',#536,.T.);
#370=FACE_OUTER_BOUND('',#537,.T.);
#371=FACE_OUTER_BOUND('',#538,.T.);
#372=FACE_OUTER_BOUND('',#539,.T.);
#373=FACE_OUTER_BOUND('',#540,.T.);
#374=FACE_OUTER_BOUND('',#541,.T.);
#375=FACE_OUTER_BOUND('',#542,.T.);
#376=FACE_OUTER_BOUND('',#543,.T.);
#377=FACE_OUTER_BOUND('',#544,.T.);
#378=FACE_OUTER_BOUND('',#545,.T.);
#379=FACE_OUTER_BOUND('',#546,.T.);
#380=FACE_OUTER_BOUND('',#547,.T.);
#381=FACE_OUTER_BOUND('',#548,.T.);
#382=FACE_OUTER_BOUND('',#549,.T.);
#383=FACE_OUTER_BOUND('',#550,.T.);
#384=FACE_OUTER_BOUND('',#551,.T.);
#385=FACE_OUTER_BOUND('',#552,.T.);
#386=FACE_OUTER_BOUND('',#553,.T.);
#387=FACE_OUTER_BOUND('',#554,.T.);
#388=FACE_OUTER_BOUND('',#555,.T.);
#389=FACE_OUTER_BOUND('',#556,.T.);
#390=FACE_OUTER_BOUND('',#558,.T.);
#391=FACE_OUTER_BOUND('',#559,.T.);
#392=FACE_OUTER_BOUND('',#560,.T.);
#393=FACE_OUTER_BOUND('',#561,.T.);
#394=FACE_OUTER_BOUND('',#562,.T.);
#395=FACE_OUTER_BOUND('',#563,.T.);
#396=FACE_OUTER_BOUND('',#564,.T.);
#397=FACE_OUTER_BOUND('',#565,.T.);
#398=FACE_OUTER_BOUND('',#566,.T.);
#399=FACE_OUTER_BOUND('',#567,.T.);
#400=FACE_OUTER_BOUND('',#568,.T.);
#401=FACE_OUTER_BOUND('',#569,.T.);
#402=FACE_OUTER_BOUND('',#571,.T.);
#403=FACE_OUTER_BOUND('',#572,.T.);
#404=FACE_OUTER_BOUND('',#573,.T.);
#405=FACE_OUTER_BOUND('',#574,.T.);
#406=FACE_OUTER_BOUND('',#575,.T.);
#407=FACE_OUTER_BOUND('',#576,.T.);
#408=FACE_OUTER_BOUND('',#577,.T.);
#409=FACE_OUTER_BOUND('',#578,.T.);
#410=FACE_OUTER_BOUND('',#579,.T.);
#411=FACE_OUTER_BOUND('',#580,.T.);
#412=FACE_OUTER_BOUND('',#581,.T.);
#413=FACE_OUTER_BOUND('',#582,.T.);
#414=FACE_OUTER_BOUND('',#583,.T.);
#415=FACE_OUTER_BOUND('',#584,.T.);
#416=FACE_OUTER_BOUND('',#585,.T.);
#417=FACE_OUTER_BOUND('',#586,.T.);
#418=FACE_OUTER_BOUND('',#587,.T.);
#419=FACE_OUTER_BOUND('',#588,.T.);
#420=FACE_OUTER_BOUND('',#589,.T.);
#421=FACE_OUTER_BOUND('',#590,.T.);
#422=FACE_OUTER_BOUND('',#591,.T.);
#423=FACE_OUTER_BOUND('',#592,.T.);
#424=FACE_OUTER_BOUND('',#593,.T.);
#425=FACE_OUTER_BOUND('',#594,.T.);
#426=FACE_OUTER_BOUND('',#595,.T.);
#427=FACE_OUTER_BOUND('',#596,.T.);
#428=FACE_OUTER_BOUND('',#597,.T.);
#429=EDGE_LOOP('',(#1813,#1814,#1815,#1816));
#430=EDGE_LOOP('',(#1817,#1818,#1819,#1820,#1821,#1822,#1823,#1824));
#431=EDGE_LOOP('',(#1825,#1826,#1827,#1828));
#432=EDGE_LOOP('',(#1829,#1830,#1831,#1832,#1833,#1834,#1835,#1836));
#433=EDGE_LOOP('',(#1837,#1838,#1839,#1840));
#434=EDGE_LOOP('',(#1841,#1842,#1843,#1844,#1845,#1846,#1847,#1848,#1849,
#1850,#1851,#1852));
#435=EDGE_LOOP('',(#1853,#1854,#1855,#1856,#1857,#1858,#1859,#1860,#1861,
#1862,#1863,#1864,#1865,#1866,#1867,#1868,#1869,#1870,#1871,#1872));
#436=EDGE_LOOP('',(#1873,#1874,#1875,#1876));
#437=EDGE_LOOP('',(#1877,#1878,#1879,#1880));
#438=EDGE_LOOP('',(#1881,#1882,#1883,#1884));
#439=EDGE_LOOP('',(#1885,#1886,#1887,#1888,#1889,#1890));
#440=EDGE_LOOP('',(#1891,#1892,#1893,#1894,#1895));
#441=EDGE_LOOP('',(#1896,#1897,#1898,#1899));
#442=EDGE_LOOP('',(#1900,#1901,#1902,#1903,#1904,#1905));
#443=EDGE_LOOP('',(#1906,#1907,#1908,#1909,#1910));
#444=EDGE_LOOP('',(#1911,#1912,#1913,#1914,#1915,#1916));
#445=EDGE_LOOP('',(#1917,#1918,#1919,#1920,#1921,#1922,#1923,#1924,#1925,
#1926,#1927,#1928,#1929,#1930,#1931,#1932,#1933,#1934,#1935,#1936,#1937,
#1938,#1939,#1940,#1941,#1942,#1943));
#446=EDGE_LOOP('',(#1944,#1945,#1946,#1947,#1948,#1949,#1950,#1951,#1952));
#447=EDGE_LOOP('',(#1953,#1954,#1955,#1956));
#448=EDGE_LOOP('',(#1957,#1958,#1959,#1960));
#449=EDGE_LOOP('',(#1961,#1962,#1963,#1964));
#450=EDGE_LOOP('',(#1965,#1966,#1967,#1968));
#451=EDGE_LOOP('',(#1969,#1970,#1971,#1972));
#452=EDGE_LOOP('',(#1973,#1974,#1975,#1976));
#453=EDGE_LOOP('',(#1977,#1978,#1979,#1980,#1981));
#454=EDGE_LOOP('',(#1982,#1983,#1984,#1985,#1986,#1987));
#455=EDGE_LOOP('',(#1988,#1989,#1990,#1991));
#456=EDGE_LOOP('',(#1992,#1993,#1994,#1995));
#457=EDGE_LOOP('',(#1996,#1997,#1998,#1999));
#458=EDGE_LOOP('',(#2000,#2001,#2002,#2003));
#459=EDGE_LOOP('',(#2004,#2005,#2006,#2007));
#460=EDGE_LOOP('',(#2008,#2009,#2010,#2011));
#461=EDGE_LOOP('',(#2012,#2013,#2014,#2015));
#462=EDGE_LOOP('',(#2016,#2017,#2018,#2019));
#463=EDGE_LOOP('',(#2020,#2021,#2022,#2023));
#464=EDGE_LOOP('',(#2024,#2025,#2026,#2027));
#465=EDGE_LOOP('',(#2028,#2029,#2030,#2031));
#466=EDGE_LOOP('',(#2032,#2033,#2034,#2035));
#467=EDGE_LOOP('',(#2036,#2037,#2038,#2039,#2040,#2041));
#468=EDGE_LOOP('',(#2042,#2043,#2044,#2045,#2046));
#469=EDGE_LOOP('',(#2047,#2048,#2049,#2050));
#470=EDGE_LOOP('',(#2051,#2052,#2053,#2054,#2055,#2056));
#471=EDGE_LOOP('',(#2057,#2058,#2059,#2060));
#472=EDGE_LOOP('',(#2061,#2062,#2063,#2064));
#473=EDGE_LOOP('',(#2065,#2066,#2067,#2068,#2069,#2070));
#474=EDGE_LOOP('',(#2071,#2072,#2073,#2074));
#475=EDGE_LOOP('',(#2075,#2076,#2077,#2078));
#476=EDGE_LOOP('',(#2079,#2080,#2081,#2082));
#477=EDGE_LOOP('',(#2083,#2084,#2085,#2086));
#478=EDGE_LOOP('',(#2087,#2088,#2089,#2090));
#479=EDGE_LOOP('',(#2091,#2092,#2093,#2094));
#480=EDGE_LOOP('',(#2095,#2096,#2097,#2098));
#481=EDGE_LOOP('',(#2099,#2100,#2101,#2102));
#482=EDGE_LOOP('',(#2103,#2104,#2105,#2106));
#483=EDGE_LOOP('',(#2107,#2108,#2109,#2110,#2111));
#484=EDGE_LOOP('',(#2112,#2113,#2114,#2115,#2116));
#485=EDGE_LOOP('',(#2117,#2118,#2119,#2120));
#486=EDGE_LOOP('',(#2121,#2122,#2123,#2124));
#487=EDGE_LOOP('',(#2125,#2126,#2127,#2128));
#488=EDGE_LOOP('',(#2129,#2130,#2131,#2132));
#489=EDGE_LOOP('',(#2133,#2134,#2135,#2136));
#490=EDGE_LOOP('',(#2137,#2138,#2139,#2140));
#491=EDGE_LOOP('',(#2141,#2142,#2143,#2144,#2145,#2146));
#492=EDGE_LOOP('',(#2147,#2148,#2149,#2150));
#493=EDGE_LOOP('',(#2151,#2152,#2153,#2154,#2155,#2156));
#494=EDGE_LOOP('',(#2157,#2158,#2159,#2160,#2161,#2162,#2163,#2164));
#495=EDGE_LOOP('',(#2165,#2166,#2167,#2168));
#496=EDGE_LOOP('',(#2169,#2170,#2171,#2172));
#497=EDGE_LOOP('',(#2173,#2174,#2175,#2176));
#498=EDGE_LOOP('',(#2177));
#499=EDGE_LOOP('',(#2178,#2179,#2180,#2181));
#500=EDGE_LOOP('',(#2182));
#501=EDGE_LOOP('',(#2183,#2184,#2185,#2186));
#502=EDGE_LOOP('',(#2187,#2188,#2189,#2190));
#503=EDGE_LOOP('',(#2191,#2192,#2193,#2194));
#504=EDGE_LOOP('',(#2195,#2196,#2197,#2198));
#505=EDGE_LOOP('',(#2199,#2200,#2201,#2202));
#506=EDGE_LOOP('',(#2203,#2204,#2205,#2206,#2207,#2208,#2209,#2210,#2211));
#507=EDGE_LOOP('',(#2212,#2213,#2214,#2215,#2216));
#508=EDGE_LOOP('',(#2217,#2218,#2219,#2220));
#509=EDGE_LOOP('',(#2221,#2222,#2223,#2224));
#510=EDGE_LOOP('',(#2225,#2226,#2227,#2228));
#511=EDGE_LOOP('',(#2229,#2230,#2231,#2232));
#512=EDGE_LOOP('',(#2233,#2234,#2235,#2236,#2237));
#513=EDGE_LOOP('',(#2238,#2239,#2240,#2241));
#514=EDGE_LOOP('',(#2242,#2243,#2244,#2245,#2246));
#515=EDGE_LOOP('',(#2247,#2248,#2249,#2250,#2251,#2252,#2253,#2254,#2255,
#2256,#2257,#2258,#2259,#2260,#2261,#2262,#2263,#2264,#2265,#2266,#2267,
#2268,#2269,#2270,#2271,#2272,#2273));
#516=EDGE_LOOP('',(#2274));
#517=EDGE_LOOP('',(#2275,#2276,#2277,#2278));
#518=EDGE_LOOP('',(#2279,#2280,#2281,#2282));
#519=EDGE_LOOP('',(#2283,#2284,#2285,#2286));
#520=EDGE_LOOP('',(#2287,#2288,#2289,#2290));
#521=EDGE_LOOP('',(#2291,#2292,#2293,#2294,#2295,#2296,#2297));
#522=EDGE_LOOP('',(#2298,#2299,#2300,#2301));
#523=EDGE_LOOP('',(#2302,#2303,#2304,#2305));
#524=EDGE_LOOP('',(#2306,#2307,#2308,#2309));
#525=EDGE_LOOP('',(#2310,#2311,#2312,#2313));
#526=EDGE_LOOP('',(#2314,#2315,#2316,#2317));
#527=EDGE_LOOP('',(#2318,#2319,#2320,#2321,#2322,#2323,#2324));
#528=EDGE_LOOP('',(#2325,#2326,#2327));
#529=EDGE_LOOP('',(#2328,#2329,#2330,#2331));
#530=EDGE_LOOP('',(#2332,#2333,#2334,#2335,#2336));
#531=EDGE_LOOP('',(#2337,#2338,#2339,#2340,#2341,#2342));
#532=EDGE_LOOP('',(#2343));
#533=EDGE_LOOP('',(#2344,#2345,#2346,#2347,#2348));
#534=EDGE_LOOP('',(#2349,#2350,#2351,#2352));
#535=EDGE_LOOP('',(#2353,#2354,#2355,#2356));
#536=EDGE_LOOP('',(#2357,#2358,#2359,#2360));
#537=EDGE_LOOP('',(#2361,#2362,#2363,#2364,#2365,#2366,#2367,#2368,#2369,
#2370,#2371,#2372,#2373,#2374,#2375,#2376,#2377,#2378,#2379,#2380,#2381,
#2382,#2383,#2384));
#538=EDGE_LOOP('',(#2385,#2386,#2387,#2388));
#539=EDGE_LOOP('',(#2389,#2390,#2391,#2392));
#540=EDGE_LOOP('',(#2393,#2394,#2395,#2396,#2397));
#541=EDGE_LOOP('',(#2398,#2399,#2400,#2401,#2402));
#542=EDGE_LOOP('',(#2403,#2404,#2405,#2406,#2407,#2408));
#543=EDGE_LOOP('',(#2409,#2410,#2411,#2412));
#544=EDGE_LOOP('',(#2413,#2414,#2415,#2416,#2417,#2418,#2419,#2420));
#545=EDGE_LOOP('',(#2421,#2422,#2423,#2424));
#546=EDGE_LOOP('',(#2425,#2426,#2427,#2428));
#547=EDGE_LOOP('',(#2429,#2430,#2431,#2432));
#548=EDGE_LOOP('',(#2433,#2434,#2435,#2436));
#549=EDGE_LOOP('',(#2437,#2438,#2439,#2440));
#550=EDGE_LOOP('',(#2441,#2442,#2443,#2444));
#551=EDGE_LOOP('',(#2445,#2446,#2447,#2448));
#552=EDGE_LOOP('',(#2449,#2450,#2451,#2452));
#553=EDGE_LOOP('',(#2453,#2454,#2455,#2456));
#554=EDGE_LOOP('',(#2457,#2458,#2459,#2460));
#555=EDGE_LOOP('',(#2461,#2462,#2463,#2464));
#556=EDGE_LOOP('',(#2465,#2466,#2467,#2468,#2469,#2470,#2471,#2472));
#557=EDGE_LOOP('',(#2473,#2474,#2475,#2476));
#558=EDGE_LOOP('',(#2477,#2478,#2479,#2480));
#559=EDGE_LOOP('',(#2481,#2482,#2483,#2484));
#560=EDGE_LOOP('',(#2485,#2486,#2487,#2488));
#561=EDGE_LOOP('',(#2489,#2490,#2491,#2492));
#562=EDGE_LOOP('',(#2493,#2494,#2495,#2496));
#563=EDGE_LOOP('',(#2497,#2498,#2499,#2500));
#564=EDGE_LOOP('',(#2501,#2502,#2503,#2504));
#565=EDGE_LOOP('',(#2505,#2506,#2507,#2508));
#566=EDGE_LOOP('',(#2509,#2510,#2511,#2512));
#567=EDGE_LOOP('',(#2513,#2514,#2515,#2516));
#568=EDGE_LOOP('',(#2517,#2518,#2519,#2520));
#569=EDGE_LOOP('',(#2521,#2522,#2523,#2524,#2525,#2526,#2527,#2528));
#570=EDGE_LOOP('',(#2529,#2530,#2531,#2532));
#571=EDGE_LOOP('',(#2533,#2534,#2535,#2536));
#572=EDGE_LOOP('',(#2537,#2538,#2539,#2540));
#573=EDGE_LOOP('',(#2541,#2542,#2543,#2544));
#574=EDGE_LOOP('',(#2545,#2546,#2547,#2548));
#575=EDGE_LOOP('',(#2549,#2550,#2551,#2552));
#576=EDGE_LOOP('',(#2553,#2554,#2555,#2556));
#577=EDGE_LOOP('',(#2557,#2558,#2559,#2560));
#578=EDGE_LOOP('',(#2561,#2562,#2563,#2564));
#579=EDGE_LOOP('',(#2565,#2566,#2567,#2568));
#580=EDGE_LOOP('',(#2569,#2570,#2571,#2572));
#581=EDGE_LOOP('',(#2573,#2574,#2575,#2576));
#582=EDGE_LOOP('',(#2577,#2578,#2579,#2580));
#583=EDGE_LOOP('',(#2581,#2582,#2583,#2584));
#584=EDGE_LOOP('',(#2585,#2586,#2587,#2588));
#585=EDGE_LOOP('',(#2589,#2590,#2591,#2592));
#586=EDGE_LOOP('',(#2593,#2594,#2595,#2596));
#587=EDGE_LOOP('',(#2597,#2598,#2599,#2600));
#588=EDGE_LOOP('',(#2601,#2602,#2603,#2604));
#589=EDGE_LOOP('',(#2605,#2606,#2607,#2608));
#590=EDGE_LOOP('',(#2609,#2610,#2611,#2612));
#591=EDGE_LOOP('',(#2613,#2614,#2615,#2616,#2617,#2618,#2619,#2620));
#592=EDGE_LOOP('',(#2621,#2622,#2623,#2624));
#593=EDGE_LOOP('',(#2625,#2626,#2627,#2628,#2629,#2630,#2631,#2632));
#594=EDGE_LOOP('',(#2633,#2634,#2635,#2636,#2637,#2638,#2639,#2640,#2641,
#2642,#2643,#2644,#2645,#2646,#2647,#2648,#2649,#2650,#2651,#2652));
#595=EDGE_LOOP('',(#2653,#2654,#2655,#2656));
#596=EDGE_LOOP('',(#2657,#2658,#2659,#2660));
#597=EDGE_LOOP('',(#2661,#2662,#2663,#2664));
#598=LINE('',#3927,#854);
#599=LINE('',#3929,#855);
#600=LINE('',#3931,#856);
#601=LINE('',#3932,#857);
#602=LINE('',#3935,#858);
#603=LINE('',#3937,#859);
#604=LINE('',#3939,#860);
#605=LINE('',#3941,#861);
#606=LINE('',#3943,#862);
#607=LINE('',#3945,#863);
#608=LINE('',#3946,#864);
#609=LINE('',#3949,#865);
#610=LINE('',#3950,#866);
#611=LINE('',#3954,#867);
#612=LINE('',#3956,#868);
#613=LINE('',#3957,#869);
#614=LINE('',#3959,#870);
#615=LINE('',#3961,#871);
#616=LINE('',#3962,#872);
#617=LINE('',#3964,#873);
#618=LINE('',#3968,#874);
#619=LINE('',#3970,#875);
#620=LINE('',#3972,#876);
#621=LINE('',#3974,#877);
#622=LINE('',#3976,#878);
#623=LINE('',#3978,#879);
#624=LINE('',#3980,#880);
#625=LINE('',#3982,#881);
#626=LINE('',#3984,#882);
#627=LINE('',#3986,#883);
#628=LINE('',#3992,#884);
#629=LINE('',#3996,#885);
#630=LINE('',#4000,#886);
#631=LINE('',#4004,#887);
#632=LINE('',#4009,#888);
#633=LINE('',#4013,#889);
#634=LINE('',#4017,#890);
#635=LINE('',#4021,#891);
#636=LINE('',#4023,#892);
#637=LINE('',#4025,#893);
#638=LINE('',#4026,#894);
#639=LINE('',#4030,#895);
#640=LINE('',#4034,#896);
#641=LINE('',#4178,#897);
#642=LINE('',#4322,#898);
#643=LINE('',#4323,#899);
#644=LINE('',#4333,#900);
#645=LINE('',#4337,#901);
#646=LINE('',#4340,#902);
#647=LINE('',#4343,#903);
#648=LINE('',#4345,#904);
#649=LINE('',#4346,#905);
#650=LINE('',#4354,#906);
#651=LINE('',#4825,#907);
#652=LINE('',#4827,#908);
#653=LINE('',#4855,#909);
#654=LINE('',#4858,#910);
#655=LINE('',#4860,#911);
#656=LINE('',#4909,#912);
#657=LINE('',#4912,#913);
#658=LINE('',#4943,#914);
#659=LINE('',#4944,#915);
#660=LINE('',#4949,#916);
#661=LINE('',#4952,#917);
#662=LINE('',#4955,#918);
#663=LINE('',#4956,#919);
#664=LINE('',#4959,#920);
#665=LINE('',#4963,#921);
#666=LINE('',#4966,#922);
#667=LINE('',#5014,#923);
#668=LINE('',#5015,#924);
#669=LINE('',#5030,#925);
#670=LINE('',#5033,#926);
#671=LINE('',#5053,#927);
#672=LINE('',#5055,#928);
#673=LINE('',#5056,#929);
#674=LINE('',#5059,#930);
#675=LINE('',#5063,#931);
#676=LINE('',#5067,#932);
#677=LINE('',#5068,#933);
#678=LINE('',#5087,#934);
#679=LINE('',#5099,#935);
#680=LINE('',#5115,#936);
#681=LINE('',#5118,#937);
#682=LINE('',#5122,#938);
#683=LINE('',#5135,#939);
#684=LINE('',#5138,#940);
#685=LINE('',#5141,#941);
#686=LINE('',#5143,#942);
#687=LINE('',#5145,#943);
#688=LINE('',#5149,#944);
#689=LINE('',#5153,#945);
#690=LINE('',#5158,#946);
#691=LINE('',#5162,#947);
#692=LINE('',#5165,#948);
#693=LINE('',#5166,#949);
#694=LINE('',#5168,#950);
#695=LINE('',#5169,#951);
#696=LINE('',#5171,#952);
#697=LINE('',#5172,#953);
#698=LINE('',#5174,#954);
#699=LINE('',#5178,#955);
#700=LINE('',#5180,#956);
#701=LINE('',#5186,#957);
#702=LINE('',#5191,#958);
#703=LINE('',#5194,#959);
#704=LINE('',#5199,#960);
#705=LINE('',#5202,#961);
#706=LINE('',#5204,#962);
#707=LINE('',#5217,#963);
#708=LINE('',#5219,#964);
#709=LINE('',#5220,#965);
#710=LINE('',#5221,#966);
#711=LINE('',#5224,#967);
#712=LINE('',#5226,#968);
#713=LINE('',#5227,#969);
#714=LINE('',#5238,#970);
#715=LINE('',#5239,#971);
#716=LINE('',#5240,#972);
#717=LINE('',#5243,#973);
#718=LINE('',#5245,#974);
#719=LINE('',#5246,#975);
#720=LINE('',#5253,#976);
#721=LINE('',#5256,#977);
#722=LINE('',#5265,#978);
#723=LINE('',#5272,#979);
#724=LINE('',#5278,#980);
#725=LINE('',#5280,#981);
#726=LINE('',#5282,#982);
#727=LINE('',#5283,#983);
#728=LINE('',#5287,#984);
#729=LINE('',#5289,#985);
#730=LINE('',#5291,#986);
#731=LINE('',#5292,#987);
#732=LINE('',#5298,#988);
#733=LINE('',#5301,#989);
#734=LINE('',#5303,#990);
#735=LINE('',#5304,#991);
#736=LINE('',#5306,#992);
#737=LINE('',#5307,#993);
#738=LINE('',#5310,#994);
#739=LINE('',#5311,#995);
#740=LINE('',#5314,#996);
#741=LINE('',#5315,#997);
#742=LINE('',#5319,#998);
#743=LINE('',#5321,#999);
#744=LINE('',#5322,#1000);
#745=LINE('',#5325,#1001);
#746=LINE('',#5327,#1002);
#747=LINE('',#5328,#1003);
#748=LINE('',#5330,#1004);
#749=LINE('',#5331,#1005);
#750=LINE('',#5338,#1006);
#751=LINE('',#5341,#1007);
#752=LINE('',#5344,#1008);
#753=LINE('',#5346,#1009);
#754=LINE('',#5349,#1010);
#755=LINE('',#5351,#1011);
#756=LINE('',#5353,#1012);
#757=LINE('',#5355,#1013);
#758=LINE('',#5357,#1014);
#759=LINE('',#5359,#1015);
#760=LINE('',#5361,#1016);
#761=LINE('',#5363,#1017);
#762=LINE('',#5365,#1018);
#763=LINE('',#5368,#1019);
#764=LINE('',#5372,#1020);
#765=LINE('',#5373,#1021);
#766=LINE('',#5374,#1022);
#767=LINE('',#5377,#1023);
#768=LINE('',#5378,#1024);
#769=LINE('',#5381,#1025);
#770=LINE('',#5382,#1026);
#771=LINE('',#5386,#1027);
#772=LINE('',#5389,#1028);
#773=LINE('',#5393,#1029);
#774=LINE('',#5394,#1030);
#775=LINE('',#5397,#1031);
#776=LINE('',#5398,#1032);
#777=LINE('',#5401,#1033);
#778=LINE('',#5402,#1034);
#779=LINE('',#5404,#1035);
#780=LINE('',#5406,#1036);
#781=LINE('',#5411,#1037);
#782=LINE('',#5426,#1038);
#783=LINE('',#5429,#1039);
#784=LINE('',#5430,#1040);
#785=LINE('',#5433,#1041);
#786=LINE('',#5437,#1042);
#787=LINE('',#5443,#1043);
#788=LINE('',#5444,#1044);
#789=LINE('',#5448,#1045);
#790=LINE('',#5451,#1046);
#791=LINE('',#5452,#1047);
#792=LINE('',#5459,#1048);
#793=LINE('',#5461,#1049);
#794=LINE('',#5465,#1050);
#795=LINE('',#5466,#1051);
#796=LINE('',#5467,#1052);
#797=LINE('',#5471,#1053);
#798=LINE('',#5474,#1054);
#799=LINE('',#5479,#1055);
#800=LINE('',#5480,#1056);
#801=LINE('',#5482,#1057);
#802=LINE('',#5485,#1058);
#803=LINE('',#5489,#1059);
#804=LINE('',#5490,#1060);
#805=LINE('',#5493,#1061);
#806=LINE('',#5496,#1062);
#807=LINE('',#5499,#1063);
#808=LINE('',#5500,#1064);
#809=LINE('',#5504,#1065);
#810=LINE('',#5506,#1066);
#811=LINE('',#5509,#1067);
#812=LINE('',#5513,#1068);
#813=LINE('',#5514,#1069);
#814=LINE('',#5517,#1070);
#815=LINE('',#5521,#1071);
#816=LINE('',#5522,#1072);
#817=LINE('',#5525,#1073);
#818=LINE('',#5529,#1074);
#819=LINE('',#5530,#1075);
#820=LINE('',#5536,#1076);
#821=LINE('',#5539,#1077);
#822=LINE('',#5542,#1078);
#823=LINE('',#5543,#1079);
#824=LINE('',#5547,#1080);
#825=LINE('',#5549,#1081);
#826=LINE('',#5552,#1082);
#827=LINE('',#5554,#1083);
#828=LINE('',#5555,#1084);
#829=LINE('',#5558,#1085);
#830=LINE('',#5562,#1086);
#831=LINE('',#5563,#1087);
#832=LINE('',#5568,#1088);
#833=LINE('',#5572,#1089);
#834=LINE('',#5573,#1090);
#835=LINE('',#5594,#1091);
#836=LINE('',#5595,#1092);
#837=LINE('',#5602,#1093);
#838=LINE('',#5619,#1094);
#839=LINE('',#5636,#1095);
#840=LINE('',#5679,#1096);
#841=LINE('',#5775,#1097);
#842=LINE('',#5776,#1098);
#843=LINE('',#5793,#1099);
#844=LINE('',#5812,#1100);
#845=LINE('',#5813,#1101);
#846=LINE('',#5829,#1102);
#847=LINE('',#5830,#1103);
#848=LINE('',#5833,#1104);
#849=LINE('',#5875,#1105);
#850=LINE('',#5878,#1106);
#851=LINE('',#5922,#1107);
#852=LINE('',#5929,#1108);
#853=LINE('',#6076,#1109);
#854=VECTOR('',#3171,10.);
#855=VECTOR('',#3172,10.);
#856=VECTOR('',#3173,10.);
#857=VECTOR('',#3174,10.);
#858=VECTOR('',#3177,10.);
#859=VECTOR('',#3178,10.);
#860=VECTOR('',#3179,10.);
#861=VECTOR('',#3180,10.);
#862=VECTOR('',#3181,10.);
#863=VECTOR('',#3182,10.);
#864=VECTOR('',#3183,10.);
#865=VECTOR('',#3186,10.);
#866=VECTOR('',#3187,10.);
#867=VECTOR('',#3190,10.);
#868=VECTOR('',#3191,10.);
#869=VECTOR('',#3192,10.);
#870=VECTOR('',#3193,10.);
#871=VECTOR('',#3194,10.);
#872=VECTOR('',#3195,10.);
#873=VECTOR('',#3198,10.);
#874=VECTOR('',#3201,10.);
#875=VECTOR('',#3202,10.);
#876=VECTOR('',#3203,10.);
#877=VECTOR('',#3204,10.);
#878=VECTOR('',#3205,10.);
#879=VECTOR('',#3206,10.);
#880=VECTOR('',#3207,10.);
#881=VECTOR('',#3208,10.);
#882=VECTOR('',#3209,10.);
#883=VECTOR('',#3210,10.);
#884=VECTOR('',#3211,10.);
#885=VECTOR('',#3214,10.);
#886=VECTOR('',#3217,10.);
#887=VECTOR('',#3220,10.);
#888=VECTOR('',#3225,10.);
#889=VECTOR('',#3228,10.);
#890=VECTOR('',#3231,10.);
#891=VECTOR('',#3234,10.);
#892=VECTOR('',#3235,10.);
#893=VECTOR('',#3236,10.);
#894=VECTOR('',#3237,10.);
#895=VECTOR('',#3240,10.);
#896=VECTOR('',#3243,10.);
#897=VECTOR('',#3246,10.);
#898=VECTOR('',#3253,10.);
#899=VECTOR('',#3254,10.);
#900=VECTOR('',#3261,10.);
#901=VECTOR('',#3264,10.);
#902=VECTOR('',#3267,10.);
#903=VECTOR('',#3270,10.);
#904=VECTOR('',#3271,10.);
#905=VECTOR('',#3272,10.);
#906=VECTOR('',#3277,10.);
#907=VECTOR('',#3280,10.);
#908=VECTOR('',#3281,10.);
#909=VECTOR('',#3282,10.);
#910=VECTOR('',#3287,10.);
#911=VECTOR('',#3290,10.);
#912=VECTOR('',#3299,10.);
#913=VECTOR('',#3302,10.);
#914=VECTOR('',#3309,10.);
#915=VECTOR('',#3310,10.);
#916=VECTOR('',#3317,10.);
#917=VECTOR('',#3320,10.);
#918=VECTOR('',#3323,10.);
#919=VECTOR('',#3324,10.);
#920=VECTOR('',#3327,10.);
#921=VECTOR('',#3332,10.);
#922=VECTOR('',#3337,10.);
#923=VECTOR('',#3346,10.);
#924=VECTOR('',#3347,10.);
#925=VECTOR('',#3350,10.);
#926=VECTOR('',#3353,10.);
#927=VECTOR('',#3360,10.);
#928=VECTOR('',#3361,10.);
#929=VECTOR('',#3362,10.);
#930=VECTOR('',#3365,10.);
#931=VECTOR('',#3370,10.);
#932=VECTOR('',#3375,10.);
#933=VECTOR('',#3376,10.);
#934=VECTOR('',#3387,10.);
#935=VECTOR('',#3388,10.);
#936=VECTOR('',#3393,10.);
#937=VECTOR('',#3396,10.);
#938=VECTOR('',#3401,10.);
#939=VECTOR('',#3404,10.);
#940=VECTOR('',#3407,10.);
#941=VECTOR('',#3410,10.);
#942=VECTOR('',#3413,10.);
#943=VECTOR('',#3416,10.);
#944=VECTOR('',#3419,10.);
#945=VECTOR('',#3422,10.);
#946=VECTOR('',#3427,10.);
#947=VECTOR('',#3430,10.);
#948=VECTOR('',#3435,10.);
#949=VECTOR('',#3436,10.);
#950=VECTOR('',#3439,10.);
#951=VECTOR('',#3440,10.);
#952=VECTOR('',#3443,10.);
#953=VECTOR('',#3444,10.);
#954=VECTOR('',#3447,10.);
#955=VECTOR('',#3450,10.);
#956=VECTOR('',#3451,10.);
#957=VECTOR('',#3452,10.);
#958=VECTOR('',#3455,10.);
#959=VECTOR('',#3458,10.);
#960=VECTOR('',#3461,10.);
#961=VECTOR('',#3464,10.);
#962=VECTOR('',#3467,10.);
#963=VECTOR('',#3472,10.);
#964=VECTOR('',#3473,10.);
#965=VECTOR('',#3474,10.);
#966=VECTOR('',#3475,10.);
#967=VECTOR('',#3478,10.);
#968=VECTOR('',#3479,10.);
#969=VECTOR('',#3480,10.);
#970=VECTOR('',#3483,10.);
#971=VECTOR('',#3484,10.);
#972=VECTOR('',#3485,10.);
#973=VECTOR('',#3488,10.);
#974=VECTOR('',#3489,10.);
#975=VECTOR('',#3490,10.);
#976=VECTOR('',#3493,10.);
#977=VECTOR('',#3496,10.);
#978=VECTOR('',#3501,2.);
#979=VECTOR('',#3510,2.);
#980=VECTOR('',#3517,10.);
#981=VECTOR('',#3518,10.);
#982=VECTOR('',#3519,10.);
#983=VECTOR('',#3520,10.);
#984=VECTOR('',#3523,10.);
#985=VECTOR('',#3524,10.);
#986=VECTOR('',#3525,10.);
#987=VECTOR('',#3526,10.);
#988=VECTOR('',#3533,10.);
#989=VECTOR('',#3536,10.);
#990=VECTOR('',#3537,10.);
#991=VECTOR('',#3538,10.);
#992=VECTOR('',#3541,10.);
#993=VECTOR('',#3542,10.);
#994=VECTOR('',#3545,10.);
#995=VECTOR('',#3546,10.);
#996=VECTOR('',#3551,10.);
#997=VECTOR('',#3552,10.);
#998=VECTOR('',#3557,10.);
#999=VECTOR('',#3558,10.);
#1000=VECTOR('',#3559,10.);
#1001=VECTOR('',#3562,10.);
#1002=VECTOR('',#3563,10.);
#1003=VECTOR('',#3564,10.);
#1004=VECTOR('',#3567,10.);
#1005=VECTOR('',#3568,10.);
#1006=VECTOR('',#3575,10.);
#1007=VECTOR('',#3578,10.);
#1008=VECTOR('',#3581,10.);
#1009=VECTOR('',#3582,10.);
#1010=VECTOR('',#3585,10.);
#1011=VECTOR('',#3588,10.);
#1012=VECTOR('',#3589,10.);
#1013=VECTOR('',#3590,10.);
#1014=VECTOR('',#3591,10.);
#1015=VECTOR('',#3592,10.);
#1016=VECTOR('',#3593,10.);
#1017=VECTOR('',#3594,10.);
#1018=VECTOR('',#3595,10.);
#1019=VECTOR('',#3598,10.);
#1020=VECTOR('',#3601,10.);
#1021=VECTOR('',#3602,10.);
#1022=VECTOR('',#3603,10.);
#1023=VECTOR('',#3606,10.);
#1024=VECTOR('',#3607,10.);
#1025=VECTOR('',#3610,10.);
#1026=VECTOR('',#3611,10.);
#1027=VECTOR('',#3616,10.);
#1028=VECTOR('',#3619,10.);
#1029=VECTOR('',#3624,10.);
#1030=VECTOR('',#3625,10.);
#1031=VECTOR('',#3628,10.);
#1032=VECTOR('',#3629,10.);
#1033=VECTOR('',#3632,10.);
#1034=VECTOR('',#3633,10.);
#1035=VECTOR('',#3636,10.);
#1036=VECTOR('',#3639,10.);
#1037=VECTOR('',#3646,10.);
#1038=VECTOR('',#3653,10.);
#1039=VECTOR('',#3656,10.);
#1040=VECTOR('',#3657,10.);
#1041=VECTOR('',#3660,10.);
#1042=VECTOR('',#3663,10.);
#1043=VECTOR('',#3670,10.);
#1044=VECTOR('',#3671,10.);
#1045=VECTOR('',#3676,10.);
#1046=VECTOR('',#3679,10.);
#1047=VECTOR('',#3680,10.);
#1048=VECTOR('',#3689,10.);
#1049=VECTOR('',#3690,10.);
#1050=VECTOR('',#3693,10.);
#1051=VECTOR('',#3694,10.);
#1052=VECTOR('',#3695,10.);
#1053=VECTOR('',#3700,10.);
#1054=VECTOR('',#3703,10.);
#1055=VECTOR('',#3708,10.);
#1056=VECTOR('',#3709,10.);
#1057=VECTOR('',#3712,10.);
#1058=VECTOR('',#3717,10.);
#1059=VECTOR('',#3722,10.);
#1060=VECTOR('',#3723,10.);
#1061=VECTOR('',#3726,10.);
#1062=VECTOR('',#3729,10.);
#1063=VECTOR('',#3732,10.);
#1064=VECTOR('',#3733,10.);
#1065=VECTOR('',#3738,10.);
#1066=VECTOR('',#3741,10.);
#1067=VECTOR('',#3744,10.);
#1068=VECTOR('',#3749,10.);
#1069=VECTOR('',#3750,10.);
#1070=VECTOR('',#3753,10.);
#1071=VECTOR('',#3758,10.);
#1072=VECTOR('',#3759,10.);
#1073=VECTOR('',#3762,10.);
#1074=VECTOR('',#3767,10.);
#1075=VECTOR('',#3768,10.);
#1076=VECTOR('',#3777,10.);
#1077=VECTOR('',#3780,10.);
#1078=VECTOR('',#3783,10.);
#1079=VECTOR('',#3784,10.);
#1080=VECTOR('',#3789,10.);
#1081=VECTOR('',#3792,10.);
#1082=VECTOR('',#3795,10.);
#1083=VECTOR('',#3796,10.);
#1084=VECTOR('',#3797,10.);
#1085=VECTOR('',#3800,10.);
#1086=VECTOR('',#3805,10.);
#1087=VECTOR('',#3806,10.);
#1088=VECTOR('',#3813,10.);
#1089=VECTOR('',#3818,10.);
#1090=VECTOR('',#3819,10.);
#1091=VECTOR('',#3828,10.);
#1092=VECTOR('',#3829,10.);
#1093=VECTOR('',#3832,10.);
#1094=VECTOR('',#3835,10.);
#1095=VECTOR('',#3838,10.);
#1096=VECTOR('',#3841,10.);
#1097=VECTOR('',#3866,10.);
#1098=VECTOR('',#3867,10.);
#1099=VECTOR('',#3878,10.);
#1100=VECTOR('',#3889,10.);
#1101=VECTOR('',#3890,10.);
#1102=VECTOR('',#3899,10.);
#1103=VECTOR('',#3900,10.);
#1104=VECTOR('',#3903,10.);
#1105=VECTOR('',#3904,10.);
#1106=VECTOR('',#3907,10.);
#1107=VECTOR('',#3910,10.);
#1108=VECTOR('',#3913,10.);
#1109=VECTOR('',#3920,10.);
#1110=VERTEX_POINT('',#3925);
#1111=VERTEX_POINT('',#3926);
#1112=VERTEX_POINT('',#3928);
#1113=VERTEX_POINT('',#3930);
#1114=VERTEX_POINT('',#3934);
#1115=VERTEX_POINT('',#3936);
#1116=VERTEX_POINT('',#3938);
#1117=VERTEX_POINT('',#3940);
#1118=VERTEX_POINT('',#3942);
#1119=VERTEX_POINT('',#3944);
#1120=VERTEX_POINT('',#3948);
#1121=VERTEX_POINT('',#3952);
#1122=VERTEX_POINT('',#3953);
#1123=VERTEX_POINT('',#3955);
#1124=VERTEX_POINT('',#3958);
#1125=VERTEX_POINT('',#3960);
#1126=VERTEX_POINT('',#3966);
#1127=VERTEX_POINT('',#3967);
#1128=VERTEX_POINT('',#3969);
#1129=VERTEX_POINT('',#3971);
#1130=VERTEX_POINT('',#3973);
#1131=VERTEX_POINT('',#3975);
#1132=VERTEX_POINT('',#3977);
#1133=VERTEX_POINT('',#3979);
#1134=VERTEX_POINT('',#3981);
#1135=VERTEX_POINT('',#3983);
#1136=VERTEX_POINT('',#3985);
#1137=VERTEX_POINT('',#3987);
#1138=VERTEX_POINT('',#3993);
#1139=VERTEX_POINT('',#3995);
#1140=VERTEX_POINT('',#3997);
#1141=VERTEX_POINT('',#3999);
#1142=VERTEX_POINT('',#4001);
#1143=VERTEX_POINT('',#4003);
#1144=VERTEX_POINT('',#4006);
#1145=VERTEX_POINT('',#4008);
#1146=VERTEX_POINT('',#4010);
#1147=VERTEX_POINT('',#4012);
#1148=VERTEX_POINT('',#4014);
#1149=VERTEX_POINT('',#4016);
#1150=VERTEX_POINT('',#4019);
#1151=VERTEX_POINT('',#4020);
#1152=VERTEX_POINT('',#4022);
#1153=VERTEX_POINT('',#4024);
#1154=VERTEX_POINT('',#4028);
#1155=VERTEX_POINT('',#4029);
#1156=VERTEX_POINT('',#4031);
#1157=VERTEX_POINT('',#4033);
#1158=VERTEX_POINT('',#4073);
#1159=VERTEX_POINT('',#4177);
#1160=VERTEX_POINT('',#4224);
#1161=VERTEX_POINT('',#4225);
#1162=VERTEX_POINT('',#4260);
#1163=VERTEX_POINT('',#4292);
#1164=VERTEX_POINT('',#4301);
#1165=VERTEX_POINT('',#4306);
#1166=VERTEX_POINT('',#4319);
#1167=VERTEX_POINT('',#4321);
#1168=VERTEX_POINT('',#4325);
#1169=VERTEX_POINT('',#4332);
#1170=VERTEX_POINT('',#4334);
#1171=VERTEX_POINT('',#4336);
#1172=VERTEX_POINT('',#4338);
#1173=VERTEX_POINT('',#4342);
#1174=VERTEX_POINT('',#4344);
#1175=VERTEX_POINT('',#4352);
#1176=VERTEX_POINT('',#4445);
#1177=VERTEX_POINT('',#4468);
#1178=VERTEX_POINT('',#4497);
#1179=VERTEX_POINT('',#4502);
#1180=VERTEX_POINT('',#4510);
#1181=VERTEX_POINT('',#4515);
#1182=VERTEX_POINT('',#4544);
#1183=VERTEX_POINT('',#4559);
#1184=VERTEX_POINT('',#4572);
#1185=VERTEX_POINT('',#4577);
#1186=VERTEX_POINT('',#4592);
#1187=VERTEX_POINT('',#4627);
#1188=VERTEX_POINT('',#4656);
#1189=VERTEX_POINT('',#4661);
#1190=VERTEX_POINT('',#4669);
#1191=VERTEX_POINT('',#4674);
#1192=VERTEX_POINT('',#4688);
#1193=VERTEX_POINT('',#4711);
#1194=VERTEX_POINT('',#4764);
#1195=VERTEX_POINT('',#4771);
#1196=VERTEX_POINT('',#4776);
#1197=VERTEX_POINT('',#4826);
#1198=VERTEX_POINT('',#4828);
#1199=VERTEX_POINT('',#4849);
#1200=VERTEX_POINT('',#4854);
#1201=VERTEX_POINT('',#4876);
#1202=VERTEX_POINT('',#4877);
#1203=VERTEX_POINT('',#4879);
#1204=VERTEX_POINT('',#4881);
#1205=VERTEX_POINT('',#4896);
#1206=VERTEX_POINT('',#4897);
#1207=VERTEX_POINT('',#4908);
#1208=VERTEX_POINT('',#4910);
#1209=VERTEX_POINT('',#4931);
#1210=VERTEX_POINT('',#4932);
#1211=VERTEX_POINT('',#4948);
#1212=VERTEX_POINT('',#4950);
#1213=VERTEX_POINT('',#4954);
#1214=VERTEX_POINT('',#4958);
#1215=VERTEX_POINT('',#4962);
#1216=VERTEX_POINT('',#4982);
#1217=VERTEX_POINT('',#4983);
#1218=VERTEX_POINT('',#4985);
#1219=VERTEX_POINT('',#4987);
#1220=VERTEX_POINT('',#5002);
#1221=VERTEX_POINT('',#5003);
#1222=VERTEX_POINT('',#5017);
#1223=VERTEX_POINT('',#5018);
#1224=VERTEX_POINT('',#5029);
#1225=VERTEX_POINT('',#5031);
#1226=VERTEX_POINT('',#5052);
#1227=VERTEX_POINT('',#5054);
#1228=VERTEX_POINT('',#5058);
#1229=VERTEX_POINT('',#5062);
#1230=VERTEX_POINT('',#5066);
#1231=VERTEX_POINT('',#5074);
#1232=VERTEX_POINT('',#5075);
#1233=VERTEX_POINT('',#5086);
#1234=VERTEX_POINT('',#5088);
#1235=VERTEX_POINT('',#5101);
#1236=VERTEX_POINT('',#5103);
#1237=VERTEX_POINT('',#5114);
#1238=VERTEX_POINT('',#5116);
#1239=VERTEX_POINT('',#5120);
#1240=VERTEX_POINT('',#5124);
#1241=VERTEX_POINT('',#5137);
#1242=VERTEX_POINT('',#5139);
#1243=VERTEX_POINT('',#5147);
#1244=VERTEX_POINT('',#5148);
#1245=VERTEX_POINT('',#5150);
#1246=VERTEX_POINT('',#5152);
#1247=VERTEX_POINT('',#5156);
#1248=VERTEX_POINT('',#5157);
#1249=VERTEX_POINT('',#5159);
#1250=VERTEX_POINT('',#5161);
#1251=VERTEX_POINT('',#5176);
#1252=VERTEX_POINT('',#5177);
#1253=VERTEX_POINT('',#5179);
#1254=VERTEX_POINT('',#5181);
#1255=VERTEX_POINT('',#5187);
#1256=VERTEX_POINT('',#5188);
#1257=VERTEX_POINT('',#5190);
#1258=VERTEX_POINT('',#5192);
#1259=VERTEX_POINT('',#5195);
#1260=VERTEX_POINT('',#5196);
#1261=VERTEX_POINT('',#5198);
#1262=VERTEX_POINT('',#5200);
#1263=VERTEX_POINT('',#5207);
#1264=VERTEX_POINT('',#5208);
#1265=VERTEX_POINT('',#5216);
#1266=VERTEX_POINT('',#5218);
#1267=VERTEX_POINT('',#5223);
#1268=VERTEX_POINT('',#5225);
#1269=VERTEX_POINT('',#5229);
#1270=VERTEX_POINT('',#5230);
#1271=VERTEX_POINT('',#5242);
#1272=VERTEX_POINT('',#5244);
#1273=VERTEX_POINT('',#5248);
#1274=VERTEX_POINT('',#5255);
#1275=VERTEX_POINT('',#5262);
#1276=VERTEX_POINT('',#5264);
#1277=VERTEX_POINT('',#5269);
#1278=VERTEX_POINT('',#5271);
#1279=VERTEX_POINT('',#5276);
#1280=VERTEX_POINT('',#5277);
#1281=VERTEX_POINT('',#5279);
#1282=VERTEX_POINT('',#5281);
#1283=VERTEX_POINT('',#5285);
#1284=VERTEX_POINT('',#5286);
#1285=VERTEX_POINT('',#5288);
#1286=VERTEX_POINT('',#5290);
#1287=VERTEX_POINT('',#5294);
#1288=VERTEX_POINT('',#5296);
#1289=VERTEX_POINT('',#5300);
#1290=VERTEX_POINT('',#5302);
#1291=VERTEX_POINT('',#5309);
#1292=VERTEX_POINT('',#5318);
#1293=VERTEX_POINT('',#5320);
#1294=VERTEX_POINT('',#5324);
#1295=VERTEX_POINT('',#5326);
#1296=VERTEX_POINT('',#5334);
#1297=VERTEX_POINT('',#5335);
#1298=VERTEX_POINT('',#5337);
#1299=VERTEX_POINT('',#5339);
#1300=VERTEX_POINT('',#5343);
#1301=VERTEX_POINT('',#5345);
#1302=VERTEX_POINT('',#5347);
#1303=VERTEX_POINT('',#5352);
#1304=VERTEX_POINT('',#5354);
#1305=VERTEX_POINT('',#5356);
#1306=VERTEX_POINT('',#5358);
#1307=VERTEX_POINT('',#5360);
#1308=VERTEX_POINT('',#5362);
#1309=VERTEX_POINT('',#5364);
#1310=VERTEX_POINT('',#5366);
#1311=VERTEX_POINT('',#5370);
#1312=VERTEX_POINT('',#5371);
#1313=VERTEX_POINT('',#5376);
#1314=VERTEX_POINT('',#5380);
#1315=VERTEX_POINT('',#5384);
#1316=VERTEX_POINT('',#5388);
#1317=VERTEX_POINT('',#5392);
#1318=VERTEX_POINT('',#5396);
#1319=VERTEX_POINT('',#5400);
#1320=VERTEX_POINT('',#5409);
#1321=VERTEX_POINT('',#5424);
#1322=VERTEX_POINT('',#5425);
#1323=VERTEX_POINT('',#5428);
#1324=VERTEX_POINT('',#5432);
#1325=VERTEX_POINT('',#5434);
#1326=VERTEX_POINT('',#5436);
#1327=VERTEX_POINT('',#5440);
#1328=VERTEX_POINT('',#5442);
#1329=VERTEX_POINT('',#5446);
#1330=VERTEX_POINT('',#5450);
#1331=VERTEX_POINT('',#5456);
#1332=VERTEX_POINT('',#5458);
#1333=VERTEX_POINT('',#5460);
#1334=VERTEX_POINT('',#5462);
#1335=VERTEX_POINT('',#5464);
#1336=VERTEX_POINT('',#5470);
#1337=VERTEX_POINT('',#5472);
#1338=VERTEX_POINT('',#5476);
#1339=VERTEX_POINT('',#5478);
#1340=VERTEX_POINT('',#5488);
#1341=VERTEX_POINT('',#5492);
#1342=VERTEX_POINT('',#5494);
#1343=VERTEX_POINT('',#5498);
#1344=VERTEX_POINT('',#5502);
#1345=VERTEX_POINT('',#5508);
#1346=VERTEX_POINT('',#5512);
#1347=VERTEX_POINT('',#5516);
#1348=VERTEX_POINT('',#5520);
#1349=VERTEX_POINT('',#5524);
#1350=VERTEX_POINT('',#5528);
#1351=VERTEX_POINT('',#5535);
#1352=VERTEX_POINT('',#5537);
#1353=VERTEX_POINT('',#5541);
#1354=VERTEX_POINT('',#5545);
#1355=VERTEX_POINT('',#5551);
#1356=VERTEX_POINT('',#5553);
#1357=VERTEX_POINT('',#5557);
#1358=VERTEX_POINT('',#5561);
#1359=VERTEX_POINT('',#5567);
#1360=VERTEX_POINT('',#5571);
#1361=VERTEX_POINT('',#5578);
#1362=VERTEX_POINT('',#5579);
#1363=VERTEX_POINT('',#5597);
#1364=VERTEX_POINT('',#5604);
#1365=VERTEX_POINT('',#5621);
#1366=VERTEX_POINT('',#5638);
#1367=VERTEX_POINT('',#5763);
#1368=VERTEX_POINT('',#5764);
#1369=VERTEX_POINT('',#5766);
#1370=VERTEX_POINT('',#5768);
#1371=VERTEX_POINT('',#5772);
#1372=VERTEX_POINT('',#5773);
#1373=VERTEX_POINT('',#5786);
#1374=VERTEX_POINT('',#5791);
#1375=VERTEX_POINT('',#5803);
#1376=VERTEX_POINT('',#5804);
#1377=VERTEX_POINT('',#5809);
#1378=VERTEX_POINT('',#5810);
#1379=VERTEX_POINT('',#5823);
#1380=VERTEX_POINT('',#5824);
#1381=VERTEX_POINT('',#5832);
#1382=VERTEX_POINT('',#5834);
#1383=VERTEX_POINT('',#5877);
#1384=VERTEX_POINT('',#5921);
#1385=VERTEX_POINT('',#5928);
#1386=VERTEX_POINT('',#6033);
#1387=EDGE_CURVE('',#1110,#1111,#598,.F.);
#1388=EDGE_CURVE('',#1112,#1110,#599,.T.);
#1389=EDGE_CURVE('',#1113,#1112,#600,.F.);
#1390=EDGE_CURVE('',#1111,#1113,#601,.T.);
#1391=EDGE_CURVE('',#1110,#1114,#602,.F.);
#1392=EDGE_CURVE('',#1115,#1114,#603,.T.);
#1393=EDGE_CURVE('',#1116,#1115,#604,.T.);
#1394=EDGE_CURVE('',#1116,#1117,#605,.F.);
#1395=EDGE_CURVE('',#1117,#1118,#606,.T.);
#1396=EDGE_CURVE('',#1119,#1118,#607,.T.);
#1397=EDGE_CURVE('',#1112,#1119,#608,.T.);
#1398=EDGE_CURVE('',#1120,#1119,#609,.T.);
#1399=EDGE_CURVE('',#1113,#1120,#610,.T.);
#1400=EDGE_CURVE('',#1121,#1122,#611,.T.);
#1401=EDGE_CURVE('',#1123,#1121,#612,.T.);
#1402=EDGE_CURVE('',#1111,#1123,#613,.F.);
#1403=EDGE_CURVE('',#1124,#1120,#614,.T.);
#1404=EDGE_CURVE('',#1125,#1124,#615,.T.);
#1405=EDGE_CURVE('',#1125,#1122,#616,.F.);
#1406=EDGE_CURVE('',#1114,#1123,#617,.T.);
#1407=EDGE_CURVE('',#1126,#1127,#618,.T.);
#1408=EDGE_CURVE('',#1127,#1128,#619,.T.);
#1409=EDGE_CURVE('',#1129,#1128,#620,.T.);
#1410=EDGE_CURVE('',#1129,#1130,#621,.T.);
#1411=EDGE_CURVE('',#1130,#1131,#622,.T.);
#1412=EDGE_CURVE('',#1131,#1132,#623,.T.);
#1413=EDGE_CURVE('',#1133,#1132,#624,.T.);
#1414=EDGE_CURVE('',#1133,#1134,#625,.T.);
#1415=EDGE_CURVE('',#1134,#1135,#626,.T.);
#1416=EDGE_CURVE('',#1135,#1136,#627,.T.);
#1417=EDGE_CURVE('',#1136,#1137,#207,.T.);
#1418=EDGE_CURVE('',#1126,#1137,#628,.T.);
#1419=EDGE_CURVE('',#1121,#1138,#106,.T.);
#1420=EDGE_CURVE('',#1138,#1139,#629,.T.);
#1421=EDGE_CURVE('',#1139,#1140,#107,.T.);
#1422=EDGE_CURVE('',#1140,#1141,#630,.T.);
#1423=EDGE_CURVE('',#1141,#1142,#108,.T.);
#1424=EDGE_CURVE('',#1142,#1143,#631,.T.);
#1425=EDGE_CURVE('',#1143,#1124,#109,.T.);
#1426=EDGE_CURVE('',#1118,#1144,#110,.T.);
#1427=EDGE_CURVE('',#1144,#1145,#632,.T.);
#1428=EDGE_CURVE('',#1145,#1146,#111,.T.);
#1429=EDGE_CURVE('',#1146,#1147,#633,.T.);
#1430=EDGE_CURVE('',#1147,#1148,#112,.T.);
#1431=EDGE_CURVE('',#1148,#1149,#634,.T.);
#1432=EDGE_CURVE('',#1149,#1115,#113,.T.);
#1433=EDGE_CURVE('',#1150,#1151,#635,.T.);
#1434=EDGE_CURVE('',#1151,#1152,#636,.T.);
#1435=EDGE_CURVE('',#1152,#1153,#637,.T.);
#1436=EDGE_CURVE('',#1153,#1150,#638,.T.);
#1437=EDGE_CURVE('',#1154,#1155,#639,.T.);
#1438=EDGE_CURVE('',#1154,#1156,#114,.F.);
#1439=EDGE_CURVE('',#1157,#1156,#640,.T.);
#1440=EDGE_CURVE('',#1155,#1157,#208,.T.);
#1441=EDGE_CURVE('',#1157,#1158,#209,.T.);
#1442=EDGE_CURVE('',#1156,#1159,#641,.F.);
#1443=EDGE_CURVE('',#1159,#1158,#115,.F.);
#1444=EDGE_CURVE('',#1160,#1161,#210,.T.);
#1445=EDGE_CURVE('',#1160,#1162,#211,.F.);
#1446=EDGE_CURVE('',#1162,#1163,#212,.F.);
#1447=EDGE_CURVE('',#1164,#1163,#213,.F.);
#1448=EDGE_CURVE('',#1165,#1164,#214,.T.);
#1449=EDGE_CURVE('',#1161,#1165,#215,.T.);
#1450=EDGE_CURVE('',#1166,#1154,#116,.T.);
#1451=EDGE_CURVE('',#1167,#1166,#642,.T.);
#1452=EDGE_CURVE('',#1167,#1159,#643,.T.);
#1453=EDGE_CURVE('',#1168,#1167,#117,.T.);
#1454=EDGE_CURVE('',#1158,#1168,#216,.T.);
#1455=EDGE_CURVE('',#1169,#1160,#644,.T.);
#1456=EDGE_CURVE('',#1170,#1169,#118,.T.);
#1457=EDGE_CURVE('',#1171,#1170,#645,.T.);
#1458=EDGE_CURVE('',#1172,#1171,#119,.T.);
#1459=EDGE_CURVE('',#1162,#1172,#646,.T.);
#1460=EDGE_CURVE('',#1173,#1172,#647,.T.);
#1461=EDGE_CURVE('',#1174,#1173,#648,.T.);
#1462=EDGE_CURVE('',#1163,#1174,#649,.T.);
#1463=EDGE_CURVE('',#1155,#1136,#217,.T.);
#1464=EDGE_CURVE('',#1135,#1175,#120,.T.);
#1465=EDGE_CURVE('',#1175,#1166,#650,.T.);
#1466=EDGE_CURVE('',#1176,#1168,#218,.T.);
#1467=EDGE_CURVE('',#1177,#1176,#219,.T.);
#1468=EDGE_CURVE('',#1178,#1177,#220,.T.);
#1469=EDGE_CURVE('',#1178,#1179,#221,.T.);
#1470=EDGE_CURVE('',#1180,#1179,#222,.T.);
#1471=EDGE_CURVE('',#1181,#1180,#223,.T.);
#1472=EDGE_CURVE('',#1182,#1181,#224,.T.);
#1473=EDGE_CURVE('',#1183,#1182,#225,.T.);
#1474=EDGE_CURVE('',#1184,#1183,#226,.T.);
#1475=EDGE_CURVE('',#1185,#1184,#227,.T.);
#1476=EDGE_CURVE('',#1186,#1185,#228,.T.);
#1477=EDGE_CURVE('',#1187,#1186,#229,.T.);
#1478=EDGE_CURVE('',#1188,#1187,#230,.T.);
#1479=EDGE_CURVE('',#1188,#1189,#231,.T.);
#1480=EDGE_CURVE('',#1190,#1189,#232,.T.);
#1481=EDGE_CURVE('',#1191,#1190,#233,.T.);
#1482=EDGE_CURVE('',#1191,#1192,#234,.T.);
#1483=EDGE_CURVE('',#1192,#1193,#235,.T.);
#1484=EDGE_CURVE('',#1193,#1194,#236,.T.);
#1485=EDGE_CURVE('',#1194,#1195,#237,.T.);
#1486=EDGE_CURVE('',#1196,#1195,#238,.T.);
#1487=EDGE_CURVE('',#1137,#1196,#239,.T.);
#1488=EDGE_CURVE('',#1161,#1192,#651,.T.);
#1489=EDGE_CURVE('',#1197,#1191,#652,.T.);
#1490=EDGE_CURVE('',#1198,#1197,#240,.T.);
#1491=EDGE_CURVE('',#1199,#1198,#241,.T.);
#1492=EDGE_CURVE('',#1200,#1199,#653,.T.);
#1493=EDGE_CURVE('',#1200,#1169,#121,.T.);
#1494=EDGE_CURVE('',#1165,#1193,#654,.T.);
#1495=EDGE_CURVE('',#1164,#1194,#655,.T.);
#1496=EDGE_CURVE('',#1201,#1202,#122,.T.);
#1497=EDGE_CURVE('',#1202,#1203,#123,.T.);
#1498=EDGE_CURVE('',#1203,#1204,#124,.T.);
#1499=EDGE_CURVE('',#1204,#1201,#242,.T.);
#1500=EDGE_CURVE('',#1205,#1206,#243,.T.);
#1501=EDGE_CURVE('',#1206,#1207,#656,.T.);
#1502=EDGE_CURVE('',#1207,#1208,#125,.T.);
#1503=EDGE_CURVE('',#1208,#1205,#657,.T.);
#1504=EDGE_CURVE('',#1204,#1208,#126,.T.);
#1505=EDGE_CURVE('',#1207,#1201,#127,.T.);
#1506=EDGE_CURVE('',#1209,#1210,#244,.T.);
#1507=EDGE_CURVE('',#1210,#1203,#658,.T.);
#1508=EDGE_CURVE('',#1202,#1209,#659,.T.);
#1509=EDGE_CURVE('',#1210,#1205,#128,.F.);
#1510=EDGE_CURVE('',#1211,#1209,#660,.F.);
#1511=EDGE_CURVE('',#1212,#1211,#129,.T.);
#1512=EDGE_CURVE('',#1212,#1206,#661,.T.);
#1513=EDGE_CURVE('',#1213,#1202,#662,.T.);
#1514=EDGE_CURVE('',#1211,#1213,#663,.T.);
#1515=EDGE_CURVE('',#1214,#1201,#664,.T.);
#1516=EDGE_CURVE('',#1213,#1214,#130,.T.);
#1517=EDGE_CURVE('',#1215,#1207,#665,.T.);
#1518=EDGE_CURVE('',#1214,#1215,#131,.T.);
#1519=EDGE_CURVE('',#1215,#1212,#666,.T.);
#1520=EDGE_CURVE('',#1216,#1217,#132,.T.);
#1521=EDGE_CURVE('',#1217,#1218,#133,.T.);
#1522=EDGE_CURVE('',#1218,#1219,#134,.T.);
#1523=EDGE_CURVE('',#1219,#1216,#245,.T.);
#1524=EDGE_CURVE('',#1220,#1221,#246,.T.);
#1525=EDGE_CURVE('',#1221,#1218,#667,.T.);
#1526=EDGE_CURVE('',#1217,#1220,#668,.T.);
#1527=EDGE_CURVE('',#1222,#1223,#247,.T.);
#1528=EDGE_CURVE('',#1223,#1224,#669,.T.);
#1529=EDGE_CURVE('',#1224,#1225,#135,.T.);
#1530=EDGE_CURVE('',#1225,#1222,#670,.T.);
#1531=EDGE_CURVE('',#1219,#1225,#136,.T.);
#1532=EDGE_CURVE('',#1224,#1216,#137,.T.);
#1533=EDGE_CURVE('',#1226,#1217,#671,.T.);
#1534=EDGE_CURVE('',#1227,#1226,#672,.T.);
#1535=EDGE_CURVE('',#1227,#1220,#673,.F.);
#1536=EDGE_CURVE('',#1228,#1216,#674,.T.);
#1537=EDGE_CURVE('',#1226,#1228,#138,.T.);
#1538=EDGE_CURVE('',#1229,#1224,#675,.T.);
#1539=EDGE_CURVE('',#1228,#1229,#139,.T.);
#1540=EDGE_CURVE('',#1230,#1223,#676,.T.);
#1541=EDGE_CURVE('',#1229,#1230,#677,.T.);
#1542=EDGE_CURVE('',#1230,#1227,#140,.T.);
#1543=EDGE_CURVE('',#1221,#1222,#141,.F.);
#1544=EDGE_CURVE('',#1231,#1232,#248,.T.);
#1545=EDGE_CURVE('',#1232,#1233,#678,.T.);
#1546=EDGE_CURVE('',#1233,#1234,#249,.T.);
#1547=EDGE_CURVE('',#1234,#1231,#679,.T.);
#1548=EDGE_CURVE('',#1235,#1233,#142,.F.);
#1549=EDGE_CURVE('',#1236,#1235,#250,.T.);
#1550=EDGE_CURVE('',#1237,#1236,#680,.F.);
#1551=EDGE_CURVE('',#1238,#1237,#143,.T.);
#1552=EDGE_CURVE('',#1238,#1234,#681,.T.);
#1553=EDGE_CURVE('',#1232,#1239,#144,.F.);
#1554=EDGE_CURVE('',#1235,#1239,#682,.T.);
#1555=EDGE_CURVE('',#1239,#1240,#251,.T.);
#1556=EDGE_CURVE('',#1240,#1236,#683,.T.);
#1557=EDGE_CURVE('',#1241,#1231,#684,.F.);
#1558=EDGE_CURVE('',#1242,#1241,#145,.T.);
#1559=EDGE_CURVE('',#1242,#1240,#685,.T.);
#1560=EDGE_CURVE('',#1241,#1238,#686,.T.);
#1561=EDGE_CURVE('',#1237,#1242,#687,.T.);
#1562=EDGE_CURVE('',#1243,#1244,#688,.T.);
#1563=EDGE_CURVE('',#1244,#1245,#15,.T.);
#1564=EDGE_CURVE('',#1245,#1246,#689,.T.);
#1565=EDGE_CURVE('',#1243,#1246,#16,.T.);
#1566=EDGE_CURVE('',#1247,#1248,#690,.T.);
#1567=EDGE_CURVE('',#1248,#1249,#17,.T.);
#1568=EDGE_CURVE('',#1249,#1250,#691,.T.);
#1569=EDGE_CURVE('',#1250,#1247,#18,.T.);
#1570=EDGE_CURVE('',#1246,#1249,#692,.T.);
#1571=EDGE_CURVE('',#1248,#1243,#693,.T.);
#1572=EDGE_CURVE('',#1244,#1247,#694,.T.);
#1573=EDGE_CURVE('',#1250,#1245,#695,.T.);
#1574=EDGE_CURVE('',#1250,#1150,#696,.T.);
#1575=EDGE_CURVE('',#1245,#1153,#697,.T.);
#1576=EDGE_CURVE('',#1249,#1151,#698,.T.);
#1577=EDGE_CURVE('',#1251,#1252,#699,.T.);
#1578=EDGE_CURVE('',#1251,#1253,#700,.T.);
#1579=EDGE_CURVE('',#1253,#1254,#252,.T.);
#1580=EDGE_CURVE('',#1252,#1254,#701,.T.);
#1581=EDGE_CURVE('',#1255,#1256,#146,.T.);
#1582=EDGE_CURVE('',#1256,#1257,#702,.T.);
#1583=EDGE_CURVE('',#1257,#1258,#147,.T.);
#1584=EDGE_CURVE('',#1258,#1255,#703,.T.);
#1585=EDGE_CURVE('',#1259,#1260,#148,.T.);
#1586=EDGE_CURVE('',#1260,#1261,#704,.T.);
#1587=EDGE_CURVE('',#1261,#1262,#149,.T.);
#1588=EDGE_CURVE('',#1262,#1259,#705,.T.);
#1589=EDGE_CURVE('',#1246,#1152,#706,.T.);
#1590=EDGE_CURVE('',#1263,#1264,#253,.T.);
#1591=EDGE_CURVE('',#1265,#1263,#707,.T.);
#1592=EDGE_CURVE('',#1265,#1266,#708,.T.);
#1593=EDGE_CURVE('',#1189,#1266,#709,.T.);
#1594=EDGE_CURVE('',#1264,#1188,#710,.T.);
#1595=EDGE_CURVE('',#1266,#1267,#711,.T.);
#1596=EDGE_CURVE('',#1268,#1265,#712,.T.);
#1597=EDGE_CURVE('',#1268,#1267,#713,.T.);
#1598=EDGE_CURVE('',#1269,#1270,#254,.T.);
#1599=EDGE_CURVE('',#1179,#1269,#714,.T.);
#1600=EDGE_CURVE('',#1267,#1178,#715,.T.);
#1601=EDGE_CURVE('',#1270,#1268,#716,.T.);
#1602=EDGE_CURVE('',#1271,#1177,#717,.T.);
#1603=EDGE_CURVE('',#1272,#1271,#718,.T.);
#1604=EDGE_CURVE('',#1272,#1190,#719,.T.);
#1605=EDGE_CURVE('',#1273,#1269,#255,.T.);
#1606=EDGE_CURVE('',#1273,#1180,#720,.T.);
#1607=EDGE_CURVE('',#1274,#1187,#721,.T.);
#1608=EDGE_CURVE('',#1264,#1274,#256,.T.);
#1609=EDGE_CURVE('',#1275,#1275,#150,.T.);
#1610=EDGE_CURVE('',#1275,#1276,#722,.T.);
#1611=EDGE_CURVE('',#1276,#1276,#151,.T.);
#1612=EDGE_CURVE('',#1277,#1277,#152,.T.);
#1613=EDGE_CURVE('',#1277,#1278,#723,.T.);
#1614=EDGE_CURVE('',#1278,#1278,#153,.T.);
#1615=EDGE_CURVE('',#1279,#1280,#724,.T.);
#1616=EDGE_CURVE('',#1281,#1279,#725,.T.);
#1617=EDGE_CURVE('',#1281,#1282,#726,.F.);
#1618=EDGE_CURVE('',#1280,#1282,#727,.T.);
#1619=EDGE_CURVE('',#1283,#1284,#728,.T.);
#1620=EDGE_CURVE('',#1283,#1285,#729,.T.);
#1621=EDGE_CURVE('',#1286,#1285,#730,.T.);
#1622=EDGE_CURVE('',#1284,#1286,#731,.T.);
#1623=EDGE_CURVE('',#1284,#1287,#154,.T.);
#1624=EDGE_CURVE('',#1288,#1286,#155,.T.);
#1625=EDGE_CURVE('',#1287,#1288,#732,.F.);
#1626=EDGE_CURVE('',#1287,#1289,#733,.T.);
#1627=EDGE_CURVE('',#1290,#1288,#734,.T.);
#1628=EDGE_CURVE('',#1289,#1290,#735,.F.);
#1629=EDGE_CURVE('',#1289,#1281,#736,.T.);
#1630=EDGE_CURVE('',#1282,#1290,#737,.T.);
#1631=EDGE_CURVE('',#1280,#1291,#738,.T.);
#1632=EDGE_CURVE('',#1285,#1127,#739,.T.);
#1633=EDGE_CURVE('',#1291,#1126,#156,.T.);
#1634=EDGE_CURVE('',#1291,#1196,#740,.T.);
#1635=EDGE_CURVE('',#1195,#1279,#741,.T.);
#1636=EDGE_CURVE('',#1292,#1173,#742,.T.);
#1637=EDGE_CURVE('',#1293,#1292,#743,.T.);
#1638=EDGE_CURVE('',#1174,#1293,#744,.T.);
#1639=EDGE_CURVE('',#1293,#1294,#745,.T.);
#1640=EDGE_CURVE('',#1295,#1292,#746,.T.);
#1641=EDGE_CURVE('',#1294,#1295,#747,.F.);
#1642=EDGE_CURVE('',#1294,#1170,#748,.T.);
#1643=EDGE_CURVE('',#1171,#1295,#749,.T.);
#1644=EDGE_CURVE('',#1296,#1297,#157,.T.);
#1645=EDGE_CURVE('',#1297,#1298,#750,.T.);
#1646=EDGE_CURVE('',#1298,#1299,#158,.F.);
#1647=EDGE_CURVE('',#1299,#1296,#751,.T.);
#1648=EDGE_CURVE('',#1297,#1300,#752,.F.);
#1649=EDGE_CURVE('',#1300,#1301,#753,.T.);
#1650=EDGE_CURVE('',#1302,#1301,#159,.T.);
#1651=EDGE_CURVE('',#1298,#1302,#754,.T.);
#1652=EDGE_CURVE('',#1300,#1200,#755,.T.);
#1653=EDGE_CURVE('',#1296,#1303,#756,.T.);
#1654=EDGE_CURVE('',#1304,#1303,#757,.T.);
#1655=EDGE_CURVE('',#1305,#1304,#758,.T.);
#1656=EDGE_CURVE('',#1305,#1306,#759,.T.);
#1657=EDGE_CURVE('',#1306,#1307,#760,.T.);
#1658=EDGE_CURVE('',#1308,#1307,#761,.T.);
#1659=EDGE_CURVE('',#1308,#1309,#762,.T.);
#1660=EDGE_CURVE('',#1310,#1309,#160,.T.);
#1661=EDGE_CURVE('',#1310,#1283,#763,.T.);
#1662=EDGE_CURVE('',#1311,#1312,#764,.T.);
#1663=EDGE_CURVE('',#1307,#1311,#765,.T.);
#1664=EDGE_CURVE('',#1306,#1312,#766,.T.);
#1665=EDGE_CURVE('',#1313,#1311,#767,.T.);
#1666=EDGE_CURVE('',#1308,#1313,#768,.T.);
#1667=EDGE_CURVE('',#1314,#1313,#769,.T.);
#1668=EDGE_CURVE('',#1309,#1314,#770,.T.);
#1669=EDGE_CURVE('',#1315,#1314,#161,.T.);
#1670=EDGE_CURVE('',#1310,#1315,#771,.T.);
#1671=EDGE_CURVE('',#1316,#1315,#772,.T.);
#1672=EDGE_CURVE('',#1128,#1316,#162,.T.);
#1673=EDGE_CURVE('',#1317,#1299,#773,.T.);
#1674=EDGE_CURVE('',#1303,#1317,#774,.T.);
#1675=EDGE_CURVE('',#1318,#1317,#775,.T.);
#1676=EDGE_CURVE('',#1304,#1318,#776,.T.);
#1677=EDGE_CURVE('',#1319,#1318,#777,.T.);
#1678=EDGE_CURVE('',#1305,#1319,#778,.T.);
#1679=EDGE_CURVE('',#1312,#1319,#779,.T.);
#1680=EDGE_CURVE('',#1301,#1199,#780,.T.);
#1681=EDGE_CURVE('',#1272,#1198,#163,.T.);
#1682=EDGE_CURVE('',#1271,#1320,#164,.T.);
#1683=EDGE_CURVE('',#1320,#1302,#781,.T.);
#1684=EDGE_CURVE('',#1197,#1272,#165,.T.);
#1685=EDGE_CURVE('',#1321,#1322,#782,.T.);
#1686=EDGE_CURVE('',#1132,#1321,#166,.T.);
#1687=EDGE_CURVE('',#1323,#1131,#783,.T.);
#1688=EDGE_CURVE('',#1323,#1322,#784,.T.);
#1689=EDGE_CURVE('',#1130,#1324,#785,.T.);
#1690=EDGE_CURVE('',#1325,#1324,#167,.T.);
#1691=EDGE_CURVE('',#1325,#1326,#786,.T.);
#1692=EDGE_CURVE('',#1323,#1326,#168,.T.);
#1693=EDGE_CURVE('',#1327,#1129,#169,.T.);
#1694=EDGE_CURVE('',#1328,#1327,#787,.T.);
#1695=EDGE_CURVE('',#1324,#1328,#788,.T.);
#1696=EDGE_CURVE('',#1329,#1328,#170,.T.);
#1697=EDGE_CURVE('',#1325,#1329,#789,.T.);
#1698=EDGE_CURVE('',#1330,#1329,#790,.T.);
#1699=EDGE_CURVE('',#1326,#1330,#791,.T.);
#1700=EDGE_CURVE('',#1322,#1330,#171,.T.);
#1701=EDGE_CURVE('',#1331,#1320,#172,.T.);
#1702=EDGE_CURVE('',#1332,#1331,#792,.T.);
#1703=EDGE_CURVE('',#1332,#1333,#793,.T.);
#1704=EDGE_CURVE('',#1333,#1334,#173,.T.);
#1705=EDGE_CURVE('',#1334,#1335,#794,.T.);
#1706=EDGE_CURVE('',#1321,#1335,#795,.T.);
#1707=EDGE_CURVE('',#1316,#1327,#796,.T.);
#1708=EDGE_CURVE('',#1336,#1333,#797,.T.);
#1709=EDGE_CURVE('',#1336,#1337,#174,.T.);
#1710=EDGE_CURVE('',#1337,#1334,#798,.T.);
#1711=EDGE_CURVE('',#1338,#1332,#175,.T.);
#1712=EDGE_CURVE('',#1339,#1338,#799,.T.);
#1713=EDGE_CURVE('',#1336,#1339,#800,.T.);
#1714=EDGE_CURVE('',#1134,#1337,#801,.T.);
#1715=EDGE_CURVE('',#1335,#1133,#176,.T.);
#1716=EDGE_CURVE('',#1175,#1339,#802,.T.);
#1717=EDGE_CURVE('',#1340,#1338,#803,.T.);
#1718=EDGE_CURVE('',#1340,#1176,#804,.T.);
#1719=EDGE_CURVE('',#1341,#1261,#805,.T.);
#1720=EDGE_CURVE('',#1341,#1342,#177,.T.);
#1721=EDGE_CURVE('',#1342,#1262,#806,.T.);
#1722=EDGE_CURVE('',#1342,#1343,#807,.T.);
#1723=EDGE_CURVE('',#1343,#1259,#808,.T.);
#1724=EDGE_CURVE('',#1343,#1344,#178,.T.);
#1725=EDGE_CURVE('',#1344,#1260,#809,.T.);
#1726=EDGE_CURVE('',#1344,#1341,#810,.T.);
#1727=EDGE_CURVE('',#1345,#1143,#811,.T.);
#1728=EDGE_CURVE('',#1345,#1125,#179,.F.);
#1729=EDGE_CURVE('',#1346,#1142,#812,.T.);
#1730=EDGE_CURVE('',#1346,#1345,#813,.F.);
#1731=EDGE_CURVE('',#1347,#1141,#814,.T.);
#1732=EDGE_CURVE('',#1347,#1346,#180,.F.);
#1733=EDGE_CURVE('',#1348,#1140,#815,.T.);
#1734=EDGE_CURVE('',#1348,#1347,#816,.F.);
#1735=EDGE_CURVE('',#1349,#1139,#817,.T.);
#1736=EDGE_CURVE('',#1349,#1348,#181,.F.);
#1737=EDGE_CURVE('',#1350,#1138,#818,.T.);
#1738=EDGE_CURVE('',#1350,#1349,#819,.F.);
#1739=EDGE_CURVE('',#1122,#1350,#182,.F.);
#1740=EDGE_CURVE('',#1351,#1257,#820,.T.);
#1741=EDGE_CURVE('',#1351,#1352,#183,.T.);
#1742=EDGE_CURVE('',#1352,#1258,#821,.T.);
#1743=EDGE_CURVE('',#1352,#1353,#822,.T.);
#1744=EDGE_CURVE('',#1353,#1255,#823,.T.);
#1745=EDGE_CURVE('',#1353,#1354,#184,.T.);
#1746=EDGE_CURVE('',#1354,#1256,#824,.T.);
#1747=EDGE_CURVE('',#1354,#1351,#825,.T.);
#1748=EDGE_CURVE('',#1355,#1146,#826,.T.);
#1749=EDGE_CURVE('',#1355,#1356,#827,.F.);
#1750=EDGE_CURVE('',#1147,#1356,#828,.T.);
#1751=EDGE_CURVE('',#1357,#1145,#829,.T.);
#1752=EDGE_CURVE('',#1357,#1355,#185,.F.);
#1753=EDGE_CURVE('',#1358,#1144,#830,.T.);
#1754=EDGE_CURVE('',#1358,#1357,#831,.F.);
#1755=EDGE_CURVE('',#1117,#1358,#186,.F.);
#1756=EDGE_CURVE('',#1359,#1149,#832,.T.);
#1757=EDGE_CURVE('',#1359,#1116,#187,.F.);
#1758=EDGE_CURVE('',#1360,#1148,#833,.T.);
#1759=EDGE_CURVE('',#1360,#1359,#834,.F.);
#1760=EDGE_CURVE('',#1356,#1360,#188,.F.);
#1761=EDGE_CURVE('',#1361,#1362,#257,.T.);
#1762=EDGE_CURVE('',#1361,#1183,#835,.T.);
#1763=EDGE_CURVE('',#1362,#1182,#836,.T.);
#1764=EDGE_CURVE('',#1363,#1361,#258,.T.);
#1765=EDGE_CURVE('',#1363,#1184,#837,.T.);
#1766=EDGE_CURVE('',#1364,#1363,#259,.T.);
#1767=EDGE_CURVE('',#1364,#1185,#838,.T.);
#1768=EDGE_CURVE('',#1365,#1364,#260,.T.);
#1769=EDGE_CURVE('',#1365,#1186,#839,.T.);
#1770=EDGE_CURVE('',#1362,#1366,#261,.T.);
#1771=EDGE_CURVE('',#1366,#1181,#840,.T.);
#1772=EDGE_CURVE('',#1366,#1273,#262,.T.);
#1773=EDGE_CURVE('',#1274,#1365,#263,.T.);
#1774=EDGE_CURVE('',#1271,#1340,#189,.T.);
#1775=EDGE_CURVE('',#1340,#1331,#190,.T.);
#1776=EDGE_CURVE('',#1367,#1368,#191,.T.);
#1777=EDGE_CURVE('',#1368,#1369,#192,.T.);
#1778=EDGE_CURVE('',#1369,#1370,#193,.T.);
#1779=EDGE_CURVE('',#1370,#1367,#194,.T.);
#1780=EDGE_CURVE('',#1371,#1372,#195,.T.);
#1781=EDGE_CURVE('',#1372,#1370,#841,.T.);
#1782=EDGE_CURVE('',#1369,#1371,#842,.T.);
#1783=EDGE_CURVE('',#1373,#1252,#196,.T.);
#1784=EDGE_CURVE('',#1252,#1372,#197,.T.);
#1785=EDGE_CURVE('',#1371,#1373,#198,.T.);
#1786=EDGE_CURVE('',#1374,#1251,#199,.T.);
#1787=EDGE_CURVE('',#1373,#1374,#843,.T.);
#1788=EDGE_CURVE('',#1375,#1376,#200,.T.);
#1789=EDGE_CURVE('',#1376,#1251,#201,.T.);
#1790=EDGE_CURVE('',#1374,#1375,#202,.T.);
#1791=EDGE_CURVE('',#1377,#1378,#203,.T.);
#1792=EDGE_CURVE('',#1378,#1376,#844,.T.);
#1793=EDGE_CURVE('',#1375,#1377,#845,.T.);
#1794=EDGE_CURVE('',#1379,#1380,#204,.T.);
#1795=EDGE_CURVE('',#1380,#1378,#205,.T.);
#1796=EDGE_CURVE('',#1377,#1379,#206,.T.);
#1797=EDGE_CURVE('',#1379,#1368,#846,.T.);
#1798=EDGE_CURVE('',#1367,#1380,#847,.T.);
#1799=EDGE_CURVE('',#1378,#1381,#848,.T.);
#1800=EDGE_CURVE('',#1381,#1382,#264,.T.);
#1801=EDGE_CURVE('',#1376,#1382,#849,.T.);
#1802=EDGE_CURVE('',#1380,#1383,#850,.T.);
#1803=EDGE_CURVE('',#1383,#1381,#265,.T.);
#1804=EDGE_CURVE('',#1263,#1383,#266,.T.);
#1805=EDGE_CURVE('',#1367,#1384,#851,.T.);
#1806=EDGE_CURVE('',#1384,#1270,#267,.T.);
#1807=EDGE_CURVE('',#1370,#1385,#852,.T.);
#1808=EDGE_CURVE('',#1385,#1384,#268,.T.);
#1809=EDGE_CURVE('',#1386,#1385,#269,.T.);
#1810=EDGE_CURVE('',#1254,#1386,#270,.T.);
#1811=EDGE_CURVE('',#1382,#1253,#271,.T.);
#1812=EDGE_CURVE('',#1372,#1386,#853,.T.);
#1813=ORIENTED_EDGE('',*,*,#1387,.F.);
#1814=ORIENTED_EDGE('',*,*,#1388,.F.);
#1815=ORIENTED_EDGE('',*,*,#1389,.F.);
#1816=ORIENTED_EDGE('',*,*,#1390,.F.);
#1817=ORIENTED_EDGE('',*,*,#1391,.T.);
#1818=ORIENTED_EDGE('',*,*,#1392,.F.);
#1819=ORIENTED_EDGE('',*,*,#1393,.F.);
#1820=ORIENTED_EDGE('',*,*,#1394,.T.);
#1821=ORIENTED_EDGE('',*,*,#1395,.T.);
#1822=ORIENTED_EDGE('',*,*,#1396,.F.);
#1823=ORIENTED_EDGE('',*,*,#1397,.F.);
#1824=ORIENTED_EDGE('',*,*,#1388,.T.);
#1825=ORIENTED_EDGE('',*,*,#1397,.T.);
#1826=ORIENTED_EDGE('',*,*,#1398,.F.);
#1827=ORIENTED_EDGE('',*,*,#1399,.F.);
#1828=ORIENTED_EDGE('',*,*,#1389,.T.);
#1829=ORIENTED_EDGE('',*,*,#1400,.F.);
#1830=ORIENTED_EDGE('',*,*,#1401,.F.);
#1831=ORIENTED_EDGE('',*,*,#1402,.F.);
#1832=ORIENTED_EDGE('',*,*,#1390,.T.);
#1833=ORIENTED_EDGE('',*,*,#1399,.T.);
#1834=ORIENTED_EDGE('',*,*,#1403,.F.);
#1835=ORIENTED_EDGE('',*,*,#1404,.F.);
#1836=ORIENTED_EDGE('',*,*,#1405,.T.);
#1837=ORIENTED_EDGE('',*,*,#1387,.T.);
#1838=ORIENTED_EDGE('',*,*,#1402,.T.);
#1839=ORIENTED_EDGE('',*,*,#1406,.F.);
#1840=ORIENTED_EDGE('',*,*,#1391,.F.);
#1841=ORIENTED_EDGE('',*,*,#1407,.T.);
#1842=ORIENTED_EDGE('',*,*,#1408,.T.);
#1843=ORIENTED_EDGE('',*,*,#1409,.F.);
#1844=ORIENTED_EDGE('',*,*,#1410,.T.);
#1845=ORIENTED_EDGE('',*,*,#1411,.T.);
#1846=ORIENTED_EDGE('',*,*,#1412,.T.);
#1847=ORIENTED_EDGE('',*,*,#1413,.F.);
#1848=ORIENTED_EDGE('',*,*,#1414,.T.);
#1849=ORIENTED_EDGE('',*,*,#1415,.T.);
#1850=ORIENTED_EDGE('',*,*,#1416,.T.);
#1851=ORIENTED_EDGE('',*,*,#1417,.T.);
#1852=ORIENTED_EDGE('',*,*,#1418,.F.);
#1853=ORIENTED_EDGE('',*,*,#1406,.T.);
#1854=ORIENTED_EDGE('',*,*,#1401,.T.);
#1855=ORIENTED_EDGE('',*,*,#1419,.T.);
#1856=ORIENTED_EDGE('',*,*,#1420,.T.);
#1857=ORIENTED_EDGE('',*,*,#1421,.T.);
#1858=ORIENTED_EDGE('',*,*,#1422,.T.);
#1859=ORIENTED_EDGE('',*,*,#1423,.T.);
#1860=ORIENTED_EDGE('',*,*,#1424,.T.);
#1861=ORIENTED_EDGE('',*,*,#1425,.T.);
#1862=ORIENTED_EDGE('',*,*,#1403,.T.);
#1863=ORIENTED_EDGE('',*,*,#1398,.T.);
#1864=ORIENTED_EDGE('',*,*,#1396,.T.);
#1865=ORIENTED_EDGE('',*,*,#1426,.T.);
#1866=ORIENTED_EDGE('',*,*,#1427,.T.);
#1867=ORIENTED_EDGE('',*,*,#1428,.T.);
#1868=ORIENTED_EDGE('',*,*,#1429,.T.);
#1869=ORIENTED_EDGE('',*,*,#1430,.T.);
#1870=ORIENTED_EDGE('',*,*,#1431,.T.);
#1871=ORIENTED_EDGE('',*,*,#1432,.T.);
#1872=ORIENTED_EDGE('',*,*,#1392,.T.);
#1873=ORIENTED_EDGE('',*,*,#1433,.T.);
#1874=ORIENTED_EDGE('',*,*,#1434,.T.);
#1875=ORIENTED_EDGE('',*,*,#1435,.T.);
#1876=ORIENTED_EDGE('',*,*,#1436,.T.);
#1877=ORIENTED_EDGE('',*,*,#1437,.F.);
#1878=ORIENTED_EDGE('',*,*,#1438,.T.);
#1879=ORIENTED_EDGE('',*,*,#1439,.F.);
#1880=ORIENTED_EDGE('',*,*,#1440,.F.);
#1881=ORIENTED_EDGE('',*,*,#1441,.F.);
#1882=ORIENTED_EDGE('',*,*,#1439,.T.);
#1883=ORIENTED_EDGE('',*,*,#1442,.T.);
#1884=ORIENTED_EDGE('',*,*,#1443,.T.);
#1885=ORIENTED_EDGE('',*,*,#1444,.F.);
#1886=ORIENTED_EDGE('',*,*,#1445,.T.);
#1887=ORIENTED_EDGE('',*,*,#1446,.T.);
#1888=ORIENTED_EDGE('',*,*,#1447,.F.);
#1889=ORIENTED_EDGE('',*,*,#1448,.F.);
#1890=ORIENTED_EDGE('',*,*,#1449,.F.);
#1891=ORIENTED_EDGE('',*,*,#1450,.F.);
#1892=ORIENTED_EDGE('',*,*,#1451,.F.);
#1893=ORIENTED_EDGE('',*,*,#1452,.T.);
#1894=ORIENTED_EDGE('',*,*,#1442,.F.);
#1895=ORIENTED_EDGE('',*,*,#1438,.F.);
#1896=ORIENTED_EDGE('',*,*,#1453,.F.);
#1897=ORIENTED_EDGE('',*,*,#1454,.F.);
#1898=ORIENTED_EDGE('',*,*,#1443,.F.);
#1899=ORIENTED_EDGE('',*,*,#1452,.F.);
#1900=ORIENTED_EDGE('',*,*,#1455,.F.);
#1901=ORIENTED_EDGE('',*,*,#1456,.F.);
#1902=ORIENTED_EDGE('',*,*,#1457,.F.);
#1903=ORIENTED_EDGE('',*,*,#1458,.F.);
#1904=ORIENTED_EDGE('',*,*,#1459,.F.);
#1905=ORIENTED_EDGE('',*,*,#1445,.F.);
#1906=ORIENTED_EDGE('',*,*,#1460,.F.);
#1907=ORIENTED_EDGE('',*,*,#1461,.F.);
#1908=ORIENTED_EDGE('',*,*,#1462,.F.);
#1909=ORIENTED_EDGE('',*,*,#1446,.F.);
#1910=ORIENTED_EDGE('',*,*,#1459,.T.);
#1911=ORIENTED_EDGE('',*,*,#1450,.T.);
#1912=ORIENTED_EDGE('',*,*,#1437,.T.);
#1913=ORIENTED_EDGE('',*,*,#1463,.T.);
#1914=ORIENTED_EDGE('',*,*,#1416,.F.);
#1915=ORIENTED_EDGE('',*,*,#1464,.T.);
#1916=ORIENTED_EDGE('',*,*,#1465,.T.);
#1917=ORIENTED_EDGE('',*,*,#1440,.T.);
#1918=ORIENTED_EDGE('',*,*,#1441,.T.);
#1919=ORIENTED_EDGE('',*,*,#1454,.T.);
#1920=ORIENTED_EDGE('',*,*,#1466,.F.);
#1921=ORIENTED_EDGE('',*,*,#1467,.F.);
#1922=ORIENTED_EDGE('',*,*,#1468,.F.);
#1923=ORIENTED_EDGE('',*,*,#1469,.T.);
#1924=ORIENTED_EDGE('',*,*,#1470,.F.);
#1925=ORIENTED_EDGE('',*,*,#1471,.F.);
#1926=ORIENTED_EDGE('',*,*,#1472,.F.);
#1927=ORIENTED_EDGE('',*,*,#1473,.F.);
#1928=ORIENTED_EDGE('',*,*,#1474,.F.);
#1929=ORIENTED_EDGE('',*,*,#1475,.F.);
#1930=ORIENTED_EDGE('',*,*,#1476,.F.);
#1931=ORIENTED_EDGE('',*,*,#1477,.F.);
#1932=ORIENTED_EDGE('',*,*,#1478,.F.);
#1933=ORIENTED_EDGE('',*,*,#1479,.T.);
#1934=ORIENTED_EDGE('',*,*,#1480,.F.);
#1935=ORIENTED_EDGE('',*,*,#1481,.F.);
#1936=ORIENTED_EDGE('',*,*,#1482,.T.);
#1937=ORIENTED_EDGE('',*,*,#1483,.T.);
#1938=ORIENTED_EDGE('',*,*,#1484,.T.);
#1939=ORIENTED_EDGE('',*,*,#1485,.T.);
#1940=ORIENTED_EDGE('',*,*,#1486,.F.);
#1941=ORIENTED_EDGE('',*,*,#1487,.F.);
#1942=ORIENTED_EDGE('',*,*,#1417,.F.);
#1943=ORIENTED_EDGE('',*,*,#1463,.F.);
#1944=ORIENTED_EDGE('',*,*,#1455,.T.);
#1945=ORIENTED_EDGE('',*,*,#1444,.T.);
#1946=ORIENTED_EDGE('',*,*,#1488,.T.);
#1947=ORIENTED_EDGE('',*,*,#1482,.F.);
#1948=ORIENTED_EDGE('',*,*,#1489,.F.);
#1949=ORIENTED_EDGE('',*,*,#1490,.F.);
#1950=ORIENTED_EDGE('',*,*,#1491,.F.);
#1951=ORIENTED_EDGE('',*,*,#1492,.F.);
#1952=ORIENTED_EDGE('',*,*,#1493,.T.);
#1953=ORIENTED_EDGE('',*,*,#1449,.T.);
#1954=ORIENTED_EDGE('',*,*,#1494,.T.);
#1955=ORIENTED_EDGE('',*,*,#1483,.F.);
#1956=ORIENTED_EDGE('',*,*,#1488,.F.);
#1957=ORIENTED_EDGE('',*,*,#1448,.T.);
#1958=ORIENTED_EDGE('',*,*,#1495,.T.);
#1959=ORIENTED_EDGE('',*,*,#1484,.F.);
#1960=ORIENTED_EDGE('',*,*,#1494,.F.);
#1961=ORIENTED_EDGE('',*,*,#1496,.T.);
#1962=ORIENTED_EDGE('',*,*,#1497,.T.);
#1963=ORIENTED_EDGE('',*,*,#1498,.T.);
#1964=ORIENTED_EDGE('',*,*,#1499,.T.);
#1965=ORIENTED_EDGE('',*,*,#1500,.T.);
#1966=ORIENTED_EDGE('',*,*,#1501,.T.);
#1967=ORIENTED_EDGE('',*,*,#1502,.T.);
#1968=ORIENTED_EDGE('',*,*,#1503,.T.);
#1969=ORIENTED_EDGE('',*,*,#1504,.T.);
#1970=ORIENTED_EDGE('',*,*,#1502,.F.);
#1971=ORIENTED_EDGE('',*,*,#1505,.T.);
#1972=ORIENTED_EDGE('',*,*,#1499,.F.);
#1973=ORIENTED_EDGE('',*,*,#1506,.T.);
#1974=ORIENTED_EDGE('',*,*,#1507,.T.);
#1975=ORIENTED_EDGE('',*,*,#1497,.F.);
#1976=ORIENTED_EDGE('',*,*,#1508,.T.);
#1977=ORIENTED_EDGE('',*,*,#1503,.F.);
#1978=ORIENTED_EDGE('',*,*,#1504,.F.);
#1979=ORIENTED_EDGE('',*,*,#1498,.F.);
#1980=ORIENTED_EDGE('',*,*,#1507,.F.);
#1981=ORIENTED_EDGE('',*,*,#1509,.T.);
#1982=ORIENTED_EDGE('',*,*,#1500,.F.);
#1983=ORIENTED_EDGE('',*,*,#1509,.F.);
#1984=ORIENTED_EDGE('',*,*,#1506,.F.);
#1985=ORIENTED_EDGE('',*,*,#1510,.F.);
#1986=ORIENTED_EDGE('',*,*,#1511,.F.);
#1987=ORIENTED_EDGE('',*,*,#1512,.T.);
#1988=ORIENTED_EDGE('',*,*,#1508,.F.);
#1989=ORIENTED_EDGE('',*,*,#1513,.F.);
#1990=ORIENTED_EDGE('',*,*,#1514,.F.);
#1991=ORIENTED_EDGE('',*,*,#1510,.T.);
#1992=ORIENTED_EDGE('',*,*,#1496,.F.);
#1993=ORIENTED_EDGE('',*,*,#1515,.F.);
#1994=ORIENTED_EDGE('',*,*,#1516,.F.);
#1995=ORIENTED_EDGE('',*,*,#1513,.T.);
#1996=ORIENTED_EDGE('',*,*,#1505,.F.);
#1997=ORIENTED_EDGE('',*,*,#1517,.F.);
#1998=ORIENTED_EDGE('',*,*,#1518,.F.);
#1999=ORIENTED_EDGE('',*,*,#1515,.T.);
#2000=ORIENTED_EDGE('',*,*,#1501,.F.);
#2001=ORIENTED_EDGE('',*,*,#1512,.F.);
#2002=ORIENTED_EDGE('',*,*,#1519,.F.);
#2003=ORIENTED_EDGE('',*,*,#1517,.T.);
#2004=ORIENTED_EDGE('',*,*,#1520,.T.);
#2005=ORIENTED_EDGE('',*,*,#1521,.T.);
#2006=ORIENTED_EDGE('',*,*,#1522,.T.);
#2007=ORIENTED_EDGE('',*,*,#1523,.T.);
#2008=ORIENTED_EDGE('',*,*,#1524,.T.);
#2009=ORIENTED_EDGE('',*,*,#1525,.T.);
#2010=ORIENTED_EDGE('',*,*,#1521,.F.);
#2011=ORIENTED_EDGE('',*,*,#1526,.T.);
#2012=ORIENTED_EDGE('',*,*,#1527,.T.);
#2013=ORIENTED_EDGE('',*,*,#1528,.T.);
#2014=ORIENTED_EDGE('',*,*,#1529,.T.);
#2015=ORIENTED_EDGE('',*,*,#1530,.T.);
#2016=ORIENTED_EDGE('',*,*,#1531,.T.);
#2017=ORIENTED_EDGE('',*,*,#1529,.F.);
#2018=ORIENTED_EDGE('',*,*,#1532,.T.);
#2019=ORIENTED_EDGE('',*,*,#1523,.F.);
#2020=ORIENTED_EDGE('',*,*,#1526,.F.);
#2021=ORIENTED_EDGE('',*,*,#1533,.F.);
#2022=ORIENTED_EDGE('',*,*,#1534,.F.);
#2023=ORIENTED_EDGE('',*,*,#1535,.T.);
#2024=ORIENTED_EDGE('',*,*,#1520,.F.);
#2025=ORIENTED_EDGE('',*,*,#1536,.F.);
#2026=ORIENTED_EDGE('',*,*,#1537,.F.);
#2027=ORIENTED_EDGE('',*,*,#1533,.T.);
#2028=ORIENTED_EDGE('',*,*,#1532,.F.);
#2029=ORIENTED_EDGE('',*,*,#1538,.F.);
#2030=ORIENTED_EDGE('',*,*,#1539,.F.);
#2031=ORIENTED_EDGE('',*,*,#1536,.T.);
#2032=ORIENTED_EDGE('',*,*,#1528,.F.);
#2033=ORIENTED_EDGE('',*,*,#1540,.F.);
#2034=ORIENTED_EDGE('',*,*,#1541,.F.);
#2035=ORIENTED_EDGE('',*,*,#1538,.T.);
#2036=ORIENTED_EDGE('',*,*,#1524,.F.);
#2037=ORIENTED_EDGE('',*,*,#1535,.F.);
#2038=ORIENTED_EDGE('',*,*,#1542,.F.);
#2039=ORIENTED_EDGE('',*,*,#1540,.T.);
#2040=ORIENTED_EDGE('',*,*,#1527,.F.);
#2041=ORIENTED_EDGE('',*,*,#1543,.F.);
#2042=ORIENTED_EDGE('',*,*,#1525,.F.);
#2043=ORIENTED_EDGE('',*,*,#1543,.T.);
#2044=ORIENTED_EDGE('',*,*,#1530,.F.);
#2045=ORIENTED_EDGE('',*,*,#1531,.F.);
#2046=ORIENTED_EDGE('',*,*,#1522,.F.);
#2047=ORIENTED_EDGE('',*,*,#1544,.T.);
#2048=ORIENTED_EDGE('',*,*,#1545,.T.);
#2049=ORIENTED_EDGE('',*,*,#1546,.T.);
#2050=ORIENTED_EDGE('',*,*,#1547,.T.);
#2051=ORIENTED_EDGE('',*,*,#1546,.F.);
#2052=ORIENTED_EDGE('',*,*,#1548,.F.);
#2053=ORIENTED_EDGE('',*,*,#1549,.F.);
#2054=ORIENTED_EDGE('',*,*,#1550,.F.);
#2055=ORIENTED_EDGE('',*,*,#1551,.F.);
#2056=ORIENTED_EDGE('',*,*,#1552,.T.);
#2057=ORIENTED_EDGE('',*,*,#1545,.F.);
#2058=ORIENTED_EDGE('',*,*,#1553,.T.);
#2059=ORIENTED_EDGE('',*,*,#1554,.F.);
#2060=ORIENTED_EDGE('',*,*,#1548,.T.);
#2061=ORIENTED_EDGE('',*,*,#1549,.T.);
#2062=ORIENTED_EDGE('',*,*,#1554,.T.);
#2063=ORIENTED_EDGE('',*,*,#1555,.T.);
#2064=ORIENTED_EDGE('',*,*,#1556,.T.);
#2065=ORIENTED_EDGE('',*,*,#1544,.F.);
#2066=ORIENTED_EDGE('',*,*,#1557,.F.);
#2067=ORIENTED_EDGE('',*,*,#1558,.F.);
#2068=ORIENTED_EDGE('',*,*,#1559,.T.);
#2069=ORIENTED_EDGE('',*,*,#1555,.F.);
#2070=ORIENTED_EDGE('',*,*,#1553,.F.);
#2071=ORIENTED_EDGE('',*,*,#1547,.F.);
#2072=ORIENTED_EDGE('',*,*,#1552,.F.);
#2073=ORIENTED_EDGE('',*,*,#1560,.F.);
#2074=ORIENTED_EDGE('',*,*,#1557,.T.);
#2075=ORIENTED_EDGE('',*,*,#1556,.F.);
#2076=ORIENTED_EDGE('',*,*,#1559,.F.);
#2077=ORIENTED_EDGE('',*,*,#1561,.F.);
#2078=ORIENTED_EDGE('',*,*,#1550,.T.);
#2079=ORIENTED_EDGE('',*,*,#1562,.T.);
#2080=ORIENTED_EDGE('',*,*,#1563,.T.);
#2081=ORIENTED_EDGE('',*,*,#1564,.T.);
#2082=ORIENTED_EDGE('',*,*,#1565,.F.);
#2083=ORIENTED_EDGE('',*,*,#1566,.T.);
#2084=ORIENTED_EDGE('',*,*,#1567,.T.);
#2085=ORIENTED_EDGE('',*,*,#1568,.T.);
#2086=ORIENTED_EDGE('',*,*,#1569,.T.);
#2087=ORIENTED_EDGE('',*,*,#1570,.T.);
#2088=ORIENTED_EDGE('',*,*,#1567,.F.);
#2089=ORIENTED_EDGE('',*,*,#1571,.T.);
#2090=ORIENTED_EDGE('',*,*,#1565,.T.);
#2091=ORIENTED_EDGE('',*,*,#1572,.T.);
#2092=ORIENTED_EDGE('',*,*,#1569,.F.);
#2093=ORIENTED_EDGE('',*,*,#1573,.T.);
#2094=ORIENTED_EDGE('',*,*,#1563,.F.);
#2095=ORIENTED_EDGE('',*,*,#1573,.F.);
#2096=ORIENTED_EDGE('',*,*,#1574,.T.);
#2097=ORIENTED_EDGE('',*,*,#1436,.F.);
#2098=ORIENTED_EDGE('',*,*,#1575,.F.);
#2099=ORIENTED_EDGE('',*,*,#1568,.F.);
#2100=ORIENTED_EDGE('',*,*,#1576,.T.);
#2101=ORIENTED_EDGE('',*,*,#1433,.F.);
#2102=ORIENTED_EDGE('',*,*,#1574,.F.);
#2103=ORIENTED_EDGE('',*,*,#1577,.F.);
#2104=ORIENTED_EDGE('',*,*,#1578,.T.);
#2105=ORIENTED_EDGE('',*,*,#1579,.T.);
#2106=ORIENTED_EDGE('',*,*,#1580,.F.);
#2107=ORIENTED_EDGE('',*,*,#1511,.T.);
#2108=ORIENTED_EDGE('',*,*,#1514,.T.);
#2109=ORIENTED_EDGE('',*,*,#1516,.T.);
#2110=ORIENTED_EDGE('',*,*,#1518,.T.);
#2111=ORIENTED_EDGE('',*,*,#1519,.T.);
#2112=ORIENTED_EDGE('',*,*,#1534,.T.);
#2113=ORIENTED_EDGE('',*,*,#1537,.T.);
#2114=ORIENTED_EDGE('',*,*,#1539,.T.);
#2115=ORIENTED_EDGE('',*,*,#1541,.T.);
#2116=ORIENTED_EDGE('',*,*,#1542,.T.);
#2117=ORIENTED_EDGE('',*,*,#1558,.T.);
#2118=ORIENTED_EDGE('',*,*,#1560,.T.);
#2119=ORIENTED_EDGE('',*,*,#1551,.T.);
#2120=ORIENTED_EDGE('',*,*,#1561,.T.);
#2121=ORIENTED_EDGE('',*,*,#1581,.T.);
#2122=ORIENTED_EDGE('',*,*,#1582,.T.);
#2123=ORIENTED_EDGE('',*,*,#1583,.T.);
#2124=ORIENTED_EDGE('',*,*,#1584,.T.);
#2125=ORIENTED_EDGE('',*,*,#1585,.T.);
#2126=ORIENTED_EDGE('',*,*,#1586,.T.);
#2127=ORIENTED_EDGE('',*,*,#1587,.T.);
#2128=ORIENTED_EDGE('',*,*,#1588,.T.);
#2129=ORIENTED_EDGE('',*,*,#1566,.F.);
#2130=ORIENTED_EDGE('',*,*,#1572,.F.);
#2131=ORIENTED_EDGE('',*,*,#1562,.F.);
#2132=ORIENTED_EDGE('',*,*,#1571,.F.);
#2133=ORIENTED_EDGE('',*,*,#1564,.F.);
#2134=ORIENTED_EDGE('',*,*,#1575,.T.);
#2135=ORIENTED_EDGE('',*,*,#1435,.F.);
#2136=ORIENTED_EDGE('',*,*,#1589,.F.);
#2137=ORIENTED_EDGE('',*,*,#1570,.F.);
#2138=ORIENTED_EDGE('',*,*,#1589,.T.);
#2139=ORIENTED_EDGE('',*,*,#1434,.F.);
#2140=ORIENTED_EDGE('',*,*,#1576,.F.);
#2141=ORIENTED_EDGE('',*,*,#1590,.F.);
#2142=ORIENTED_EDGE('',*,*,#1591,.F.);
#2143=ORIENTED_EDGE('',*,*,#1592,.T.);
#2144=ORIENTED_EDGE('',*,*,#1593,.F.);
#2145=ORIENTED_EDGE('',*,*,#1479,.F.);
#2146=ORIENTED_EDGE('',*,*,#1594,.F.);
#2147=ORIENTED_EDGE('',*,*,#1595,.F.);
#2148=ORIENTED_EDGE('',*,*,#1592,.F.);
#2149=ORIENTED_EDGE('',*,*,#1596,.F.);
#2150=ORIENTED_EDGE('',*,*,#1597,.T.);
#2151=ORIENTED_EDGE('',*,*,#1598,.F.);
#2152=ORIENTED_EDGE('',*,*,#1599,.F.);
#2153=ORIENTED_EDGE('',*,*,#1469,.F.);
#2154=ORIENTED_EDGE('',*,*,#1600,.F.);
#2155=ORIENTED_EDGE('',*,*,#1597,.F.);
#2156=ORIENTED_EDGE('',*,*,#1601,.F.);
#2157=ORIENTED_EDGE('',*,*,#1593,.T.);
#2158=ORIENTED_EDGE('',*,*,#1595,.T.);
#2159=ORIENTED_EDGE('',*,*,#1600,.T.);
#2160=ORIENTED_EDGE('',*,*,#1468,.T.);
#2161=ORIENTED_EDGE('',*,*,#1602,.F.);
#2162=ORIENTED_EDGE('',*,*,#1603,.F.);
#2163=ORIENTED_EDGE('',*,*,#1604,.T.);
#2164=ORIENTED_EDGE('',*,*,#1480,.T.);
#2165=ORIENTED_EDGE('',*,*,#1599,.T.);
#2166=ORIENTED_EDGE('',*,*,#1605,.F.);
#2167=ORIENTED_EDGE('',*,*,#1606,.T.);
#2168=ORIENTED_EDGE('',*,*,#1470,.T.);
#2169=ORIENTED_EDGE('',*,*,#1594,.T.);
#2170=ORIENTED_EDGE('',*,*,#1478,.T.);
#2171=ORIENTED_EDGE('',*,*,#1607,.F.);
#2172=ORIENTED_EDGE('',*,*,#1608,.F.);
#2173=ORIENTED_EDGE('',*,*,#1609,.F.);
#2174=ORIENTED_EDGE('',*,*,#1610,.T.);
#2175=ORIENTED_EDGE('',*,*,#1611,.T.);
#2176=ORIENTED_EDGE('',*,*,#1610,.F.);
#2177=ORIENTED_EDGE('',*,*,#1611,.F.);
#2178=ORIENTED_EDGE('',*,*,#1612,.F.);
#2179=ORIENTED_EDGE('',*,*,#1613,.T.);
#2180=ORIENTED_EDGE('',*,*,#1614,.T.);
#2181=ORIENTED_EDGE('',*,*,#1613,.F.);
#2182=ORIENTED_EDGE('',*,*,#1614,.F.);
#2183=ORIENTED_EDGE('',*,*,#1615,.F.);
#2184=ORIENTED_EDGE('',*,*,#1616,.F.);
#2185=ORIENTED_EDGE('',*,*,#1617,.T.);
#2186=ORIENTED_EDGE('',*,*,#1618,.F.);
#2187=ORIENTED_EDGE('',*,*,#1619,.F.);
#2188=ORIENTED_EDGE('',*,*,#1620,.T.);
#2189=ORIENTED_EDGE('',*,*,#1621,.F.);
#2190=ORIENTED_EDGE('',*,*,#1622,.F.);
#2191=ORIENTED_EDGE('',*,*,#1623,.F.);
#2192=ORIENTED_EDGE('',*,*,#1622,.T.);
#2193=ORIENTED_EDGE('',*,*,#1624,.F.);
#2194=ORIENTED_EDGE('',*,*,#1625,.F.);
#2195=ORIENTED_EDGE('',*,*,#1626,.F.);
#2196=ORIENTED_EDGE('',*,*,#1625,.T.);
#2197=ORIENTED_EDGE('',*,*,#1627,.F.);
#2198=ORIENTED_EDGE('',*,*,#1628,.F.);
#2199=ORIENTED_EDGE('',*,*,#1629,.F.);
#2200=ORIENTED_EDGE('',*,*,#1628,.T.);
#2201=ORIENTED_EDGE('',*,*,#1630,.F.);
#2202=ORIENTED_EDGE('',*,*,#1617,.F.);
#2203=ORIENTED_EDGE('',*,*,#1631,.F.);
#2204=ORIENTED_EDGE('',*,*,#1618,.T.);
#2205=ORIENTED_EDGE('',*,*,#1630,.T.);
#2206=ORIENTED_EDGE('',*,*,#1627,.T.);
#2207=ORIENTED_EDGE('',*,*,#1624,.T.);
#2208=ORIENTED_EDGE('',*,*,#1621,.T.);
#2209=ORIENTED_EDGE('',*,*,#1632,.T.);
#2210=ORIENTED_EDGE('',*,*,#1407,.F.);
#2211=ORIENTED_EDGE('',*,*,#1633,.F.);
#2212=ORIENTED_EDGE('',*,*,#1615,.T.);
#2213=ORIENTED_EDGE('',*,*,#1631,.T.);
#2214=ORIENTED_EDGE('',*,*,#1634,.T.);
#2215=ORIENTED_EDGE('',*,*,#1486,.T.);
#2216=ORIENTED_EDGE('',*,*,#1635,.T.);
#2217=ORIENTED_EDGE('',*,*,#1633,.T.);
#2218=ORIENTED_EDGE('',*,*,#1418,.T.);
#2219=ORIENTED_EDGE('',*,*,#1487,.T.);
#2220=ORIENTED_EDGE('',*,*,#1634,.F.);
#2221=ORIENTED_EDGE('',*,*,#1461,.T.);
#2222=ORIENTED_EDGE('',*,*,#1636,.F.);
#2223=ORIENTED_EDGE('',*,*,#1637,.F.);
#2224=ORIENTED_EDGE('',*,*,#1638,.F.);
#2225=ORIENTED_EDGE('',*,*,#1639,.F.);
#2226=ORIENTED_EDGE('',*,*,#1637,.T.);
#2227=ORIENTED_EDGE('',*,*,#1640,.F.);
#2228=ORIENTED_EDGE('',*,*,#1641,.F.);
#2229=ORIENTED_EDGE('',*,*,#1457,.T.);
#2230=ORIENTED_EDGE('',*,*,#1642,.F.);
#2231=ORIENTED_EDGE('',*,*,#1641,.T.);
#2232=ORIENTED_EDGE('',*,*,#1643,.F.);
#2233=ORIENTED_EDGE('',*,*,#1458,.T.);
#2234=ORIENTED_EDGE('',*,*,#1643,.T.);
#2235=ORIENTED_EDGE('',*,*,#1640,.T.);
#2236=ORIENTED_EDGE('',*,*,#1636,.T.);
#2237=ORIENTED_EDGE('',*,*,#1460,.T.);
#2238=ORIENTED_EDGE('',*,*,#1644,.T.);
#2239=ORIENTED_EDGE('',*,*,#1645,.T.);
#2240=ORIENTED_EDGE('',*,*,#1646,.T.);
#2241=ORIENTED_EDGE('',*,*,#1647,.T.);
#2242=ORIENTED_EDGE('',*,*,#1645,.F.);
#2243=ORIENTED_EDGE('',*,*,#1648,.T.);
#2244=ORIENTED_EDGE('',*,*,#1649,.T.);
#2245=ORIENTED_EDGE('',*,*,#1650,.F.);
#2246=ORIENTED_EDGE('',*,*,#1651,.F.);
#2247=ORIENTED_EDGE('',*,*,#1456,.T.);
#2248=ORIENTED_EDGE('',*,*,#1493,.F.);
#2249=ORIENTED_EDGE('',*,*,#1652,.F.);
#2250=ORIENTED_EDGE('',*,*,#1648,.F.);
#2251=ORIENTED_EDGE('',*,*,#1644,.F.);
#2252=ORIENTED_EDGE('',*,*,#1653,.T.);
#2253=ORIENTED_EDGE('',*,*,#1654,.F.);
#2254=ORIENTED_EDGE('',*,*,#1655,.F.);
#2255=ORIENTED_EDGE('',*,*,#1656,.T.);
#2256=ORIENTED_EDGE('',*,*,#1657,.T.);
#2257=ORIENTED_EDGE('',*,*,#1658,.F.);
#2258=ORIENTED_EDGE('',*,*,#1659,.T.);
#2259=ORIENTED_EDGE('',*,*,#1660,.F.);
#2260=ORIENTED_EDGE('',*,*,#1661,.T.);
#2261=ORIENTED_EDGE('',*,*,#1619,.T.);
#2262=ORIENTED_EDGE('',*,*,#1623,.T.);
#2263=ORIENTED_EDGE('',*,*,#1626,.T.);
#2264=ORIENTED_EDGE('',*,*,#1629,.T.);
#2265=ORIENTED_EDGE('',*,*,#1616,.T.);
#2266=ORIENTED_EDGE('',*,*,#1635,.F.);
#2267=ORIENTED_EDGE('',*,*,#1485,.F.);
#2268=ORIENTED_EDGE('',*,*,#1495,.F.);
#2269=ORIENTED_EDGE('',*,*,#1447,.T.);
#2270=ORIENTED_EDGE('',*,*,#1462,.T.);
#2271=ORIENTED_EDGE('',*,*,#1638,.T.);
#2272=ORIENTED_EDGE('',*,*,#1639,.T.);
#2273=ORIENTED_EDGE('',*,*,#1642,.T.);
#2274=ORIENTED_EDGE('',*,*,#1612,.T.);
#2275=ORIENTED_EDGE('',*,*,#1662,.F.);
#2276=ORIENTED_EDGE('',*,*,#1663,.F.);
#2277=ORIENTED_EDGE('',*,*,#1657,.F.);
#2278=ORIENTED_EDGE('',*,*,#1664,.T.);
#2279=ORIENTED_EDGE('',*,*,#1665,.F.);
#2280=ORIENTED_EDGE('',*,*,#1666,.F.);
#2281=ORIENTED_EDGE('',*,*,#1658,.T.);
#2282=ORIENTED_EDGE('',*,*,#1663,.T.);
#2283=ORIENTED_EDGE('',*,*,#1667,.F.);
#2284=ORIENTED_EDGE('',*,*,#1668,.F.);
#2285=ORIENTED_EDGE('',*,*,#1659,.F.);
#2286=ORIENTED_EDGE('',*,*,#1666,.T.);
#2287=ORIENTED_EDGE('',*,*,#1669,.F.);
#2288=ORIENTED_EDGE('',*,*,#1670,.F.);
#2289=ORIENTED_EDGE('',*,*,#1660,.T.);
#2290=ORIENTED_EDGE('',*,*,#1668,.T.);
#2291=ORIENTED_EDGE('',*,*,#1671,.F.);
#2292=ORIENTED_EDGE('',*,*,#1672,.F.);
#2293=ORIENTED_EDGE('',*,*,#1408,.F.);
#2294=ORIENTED_EDGE('',*,*,#1632,.F.);
#2295=ORIENTED_EDGE('',*,*,#1620,.F.);
#2296=ORIENTED_EDGE('',*,*,#1661,.F.);
#2297=ORIENTED_EDGE('',*,*,#1670,.T.);
#2298=ORIENTED_EDGE('',*,*,#1647,.F.);
#2299=ORIENTED_EDGE('',*,*,#1673,.F.);
#2300=ORIENTED_EDGE('',*,*,#1674,.F.);
#2301=ORIENTED_EDGE('',*,*,#1653,.F.);
#2302=ORIENTED_EDGE('',*,*,#1675,.F.);
#2303=ORIENTED_EDGE('',*,*,#1676,.F.);
#2304=ORIENTED_EDGE('',*,*,#1654,.T.);
#2305=ORIENTED_EDGE('',*,*,#1674,.T.);
#2306=ORIENTED_EDGE('',*,*,#1677,.F.);
#2307=ORIENTED_EDGE('',*,*,#1678,.F.);
#2308=ORIENTED_EDGE('',*,*,#1655,.T.);
#2309=ORIENTED_EDGE('',*,*,#1676,.T.);
#2310=ORIENTED_EDGE('',*,*,#1679,.F.);
#2311=ORIENTED_EDGE('',*,*,#1664,.F.);
#2312=ORIENTED_EDGE('',*,*,#1656,.F.);
#2313=ORIENTED_EDGE('',*,*,#1678,.T.);
#2314=ORIENTED_EDGE('',*,*,#1680,.F.);
#2315=ORIENTED_EDGE('',*,*,#1649,.F.);
#2316=ORIENTED_EDGE('',*,*,#1652,.T.);
#2317=ORIENTED_EDGE('',*,*,#1492,.T.);
#2318=ORIENTED_EDGE('',*,*,#1650,.T.);
#2319=ORIENTED_EDGE('',*,*,#1680,.T.);
#2320=ORIENTED_EDGE('',*,*,#1491,.T.);
#2321=ORIENTED_EDGE('',*,*,#1681,.F.);
#2322=ORIENTED_EDGE('',*,*,#1603,.T.);
#2323=ORIENTED_EDGE('',*,*,#1682,.T.);
#2324=ORIENTED_EDGE('',*,*,#1683,.T.);
#2325=ORIENTED_EDGE('',*,*,#1490,.T.);
#2326=ORIENTED_EDGE('',*,*,#1684,.T.);
#2327=ORIENTED_EDGE('',*,*,#1681,.T.);
#2328=ORIENTED_EDGE('',*,*,#1489,.T.);
#2329=ORIENTED_EDGE('',*,*,#1481,.T.);
#2330=ORIENTED_EDGE('',*,*,#1604,.F.);
#2331=ORIENTED_EDGE('',*,*,#1684,.F.);
#2332=ORIENTED_EDGE('',*,*,#1685,.F.);
#2333=ORIENTED_EDGE('',*,*,#1686,.F.);
#2334=ORIENTED_EDGE('',*,*,#1412,.F.);
#2335=ORIENTED_EDGE('',*,*,#1687,.F.);
#2336=ORIENTED_EDGE('',*,*,#1688,.T.);
#2337=ORIENTED_EDGE('',*,*,#1411,.F.);
#2338=ORIENTED_EDGE('',*,*,#1689,.T.);
#2339=ORIENTED_EDGE('',*,*,#1690,.F.);
#2340=ORIENTED_EDGE('',*,*,#1691,.T.);
#2341=ORIENTED_EDGE('',*,*,#1692,.F.);
#2342=ORIENTED_EDGE('',*,*,#1687,.T.);
#2343=ORIENTED_EDGE('',*,*,#1609,.T.);
#2344=ORIENTED_EDGE('',*,*,#1410,.F.);
#2345=ORIENTED_EDGE('',*,*,#1693,.F.);
#2346=ORIENTED_EDGE('',*,*,#1694,.F.);
#2347=ORIENTED_EDGE('',*,*,#1695,.F.);
#2348=ORIENTED_EDGE('',*,*,#1689,.F.);
#2349=ORIENTED_EDGE('',*,*,#1696,.F.);
#2350=ORIENTED_EDGE('',*,*,#1697,.F.);
#2351=ORIENTED_EDGE('',*,*,#1690,.T.);
#2352=ORIENTED_EDGE('',*,*,#1695,.T.);
#2353=ORIENTED_EDGE('',*,*,#1698,.F.);
#2354=ORIENTED_EDGE('',*,*,#1699,.F.);
#2355=ORIENTED_EDGE('',*,*,#1691,.F.);
#2356=ORIENTED_EDGE('',*,*,#1697,.T.);
#2357=ORIENTED_EDGE('',*,*,#1700,.F.);
#2358=ORIENTED_EDGE('',*,*,#1688,.F.);
#2359=ORIENTED_EDGE('',*,*,#1692,.T.);
#2360=ORIENTED_EDGE('',*,*,#1699,.T.);
#2361=ORIENTED_EDGE('',*,*,#1651,.T.);
#2362=ORIENTED_EDGE('',*,*,#1683,.F.);
#2363=ORIENTED_EDGE('',*,*,#1701,.F.);
#2364=ORIENTED_EDGE('',*,*,#1702,.F.);
#2365=ORIENTED_EDGE('',*,*,#1703,.T.);
#2366=ORIENTED_EDGE('',*,*,#1704,.T.);
#2367=ORIENTED_EDGE('',*,*,#1705,.T.);
#2368=ORIENTED_EDGE('',*,*,#1706,.F.);
#2369=ORIENTED_EDGE('',*,*,#1685,.T.);
#2370=ORIENTED_EDGE('',*,*,#1700,.T.);
#2371=ORIENTED_EDGE('',*,*,#1698,.T.);
#2372=ORIENTED_EDGE('',*,*,#1696,.T.);
#2373=ORIENTED_EDGE('',*,*,#1694,.T.);
#2374=ORIENTED_EDGE('',*,*,#1707,.F.);
#2375=ORIENTED_EDGE('',*,*,#1671,.T.);
#2376=ORIENTED_EDGE('',*,*,#1669,.T.);
#2377=ORIENTED_EDGE('',*,*,#1667,.T.);
#2378=ORIENTED_EDGE('',*,*,#1665,.T.);
#2379=ORIENTED_EDGE('',*,*,#1662,.T.);
#2380=ORIENTED_EDGE('',*,*,#1679,.T.);
#2381=ORIENTED_EDGE('',*,*,#1677,.T.);
#2382=ORIENTED_EDGE('',*,*,#1675,.T.);
#2383=ORIENTED_EDGE('',*,*,#1673,.T.);
#2384=ORIENTED_EDGE('',*,*,#1646,.F.);
#2385=ORIENTED_EDGE('',*,*,#1672,.T.);
#2386=ORIENTED_EDGE('',*,*,#1707,.T.);
#2387=ORIENTED_EDGE('',*,*,#1693,.T.);
#2388=ORIENTED_EDGE('',*,*,#1409,.T.);
#2389=ORIENTED_EDGE('',*,*,#1704,.F.);
#2390=ORIENTED_EDGE('',*,*,#1708,.F.);
#2391=ORIENTED_EDGE('',*,*,#1709,.T.);
#2392=ORIENTED_EDGE('',*,*,#1710,.T.);
#2393=ORIENTED_EDGE('',*,*,#1703,.F.);
#2394=ORIENTED_EDGE('',*,*,#1711,.F.);
#2395=ORIENTED_EDGE('',*,*,#1712,.F.);
#2396=ORIENTED_EDGE('',*,*,#1713,.F.);
#2397=ORIENTED_EDGE('',*,*,#1708,.T.);
#2398=ORIENTED_EDGE('',*,*,#1705,.F.);
#2399=ORIENTED_EDGE('',*,*,#1710,.F.);
#2400=ORIENTED_EDGE('',*,*,#1714,.F.);
#2401=ORIENTED_EDGE('',*,*,#1414,.F.);
#2402=ORIENTED_EDGE('',*,*,#1715,.F.);
#2403=ORIENTED_EDGE('',*,*,#1415,.F.);
#2404=ORIENTED_EDGE('',*,*,#1714,.T.);
#2405=ORIENTED_EDGE('',*,*,#1709,.F.);
#2406=ORIENTED_EDGE('',*,*,#1713,.T.);
#2407=ORIENTED_EDGE('',*,*,#1716,.F.);
#2408=ORIENTED_EDGE('',*,*,#1464,.F.);
#2409=ORIENTED_EDGE('',*,*,#1686,.T.);
#2410=ORIENTED_EDGE('',*,*,#1706,.T.);
#2411=ORIENTED_EDGE('',*,*,#1715,.T.);
#2412=ORIENTED_EDGE('',*,*,#1413,.T.);
#2413=ORIENTED_EDGE('',*,*,#1451,.T.);
#2414=ORIENTED_EDGE('',*,*,#1465,.F.);
#2415=ORIENTED_EDGE('',*,*,#1716,.T.);
#2416=ORIENTED_EDGE('',*,*,#1712,.T.);
#2417=ORIENTED_EDGE('',*,*,#1717,.F.);
#2418=ORIENTED_EDGE('',*,*,#1718,.T.);
#2419=ORIENTED_EDGE('',*,*,#1466,.T.);
#2420=ORIENTED_EDGE('',*,*,#1453,.T.);
#2421=ORIENTED_EDGE('',*,*,#1587,.F.);
#2422=ORIENTED_EDGE('',*,*,#1719,.F.);
#2423=ORIENTED_EDGE('',*,*,#1720,.T.);
#2424=ORIENTED_EDGE('',*,*,#1721,.T.);
#2425=ORIENTED_EDGE('',*,*,#1588,.F.);
#2426=ORIENTED_EDGE('',*,*,#1721,.F.);
#2427=ORIENTED_EDGE('',*,*,#1722,.T.);
#2428=ORIENTED_EDGE('',*,*,#1723,.T.);
#2429=ORIENTED_EDGE('',*,*,#1585,.F.);
#2430=ORIENTED_EDGE('',*,*,#1723,.F.);
#2431=ORIENTED_EDGE('',*,*,#1724,.T.);
#2432=ORIENTED_EDGE('',*,*,#1725,.T.);
#2433=ORIENTED_EDGE('',*,*,#1586,.F.);
#2434=ORIENTED_EDGE('',*,*,#1725,.F.);
#2435=ORIENTED_EDGE('',*,*,#1726,.T.);
#2436=ORIENTED_EDGE('',*,*,#1719,.T.);
#2437=ORIENTED_EDGE('',*,*,#1727,.F.);
#2438=ORIENTED_EDGE('',*,*,#1728,.T.);
#2439=ORIENTED_EDGE('',*,*,#1404,.T.);
#2440=ORIENTED_EDGE('',*,*,#1425,.F.);
#2441=ORIENTED_EDGE('',*,*,#1729,.F.);
#2442=ORIENTED_EDGE('',*,*,#1730,.T.);
#2443=ORIENTED_EDGE('',*,*,#1727,.T.);
#2444=ORIENTED_EDGE('',*,*,#1424,.F.);
#2445=ORIENTED_EDGE('',*,*,#1731,.F.);
#2446=ORIENTED_EDGE('',*,*,#1732,.T.);
#2447=ORIENTED_EDGE('',*,*,#1729,.T.);
#2448=ORIENTED_EDGE('',*,*,#1423,.F.);
#2449=ORIENTED_EDGE('',*,*,#1733,.F.);
#2450=ORIENTED_EDGE('',*,*,#1734,.T.);
#2451=ORIENTED_EDGE('',*,*,#1731,.T.);
#2452=ORIENTED_EDGE('',*,*,#1422,.F.);
#2453=ORIENTED_EDGE('',*,*,#1735,.F.);
#2454=ORIENTED_EDGE('',*,*,#1736,.T.);
#2455=ORIENTED_EDGE('',*,*,#1733,.T.);
#2456=ORIENTED_EDGE('',*,*,#1421,.F.);
#2457=ORIENTED_EDGE('',*,*,#1737,.F.);
#2458=ORIENTED_EDGE('',*,*,#1738,.T.);
#2459=ORIENTED_EDGE('',*,*,#1735,.T.);
#2460=ORIENTED_EDGE('',*,*,#1420,.F.);
#2461=ORIENTED_EDGE('',*,*,#1400,.T.);
#2462=ORIENTED_EDGE('',*,*,#1739,.T.);
#2463=ORIENTED_EDGE('',*,*,#1737,.T.);
#2464=ORIENTED_EDGE('',*,*,#1419,.F.);
#2465=ORIENTED_EDGE('',*,*,#1739,.F.);
#2466=ORIENTED_EDGE('',*,*,#1405,.F.);
#2467=ORIENTED_EDGE('',*,*,#1728,.F.);
#2468=ORIENTED_EDGE('',*,*,#1730,.F.);
#2469=ORIENTED_EDGE('',*,*,#1732,.F.);
#2470=ORIENTED_EDGE('',*,*,#1734,.F.);
#2471=ORIENTED_EDGE('',*,*,#1736,.F.);
#2472=ORIENTED_EDGE('',*,*,#1738,.F.);
#2473=ORIENTED_EDGE('',*,*,#1724,.F.);
#2474=ORIENTED_EDGE('',*,*,#1722,.F.);
#2475=ORIENTED_EDGE('',*,*,#1720,.F.);
#2476=ORIENTED_EDGE('',*,*,#1726,.F.);
#2477=ORIENTED_EDGE('',*,*,#1583,.F.);
#2478=ORIENTED_EDGE('',*,*,#1740,.F.);
#2479=ORIENTED_EDGE('',*,*,#1741,.T.);
#2480=ORIENTED_EDGE('',*,*,#1742,.T.);
#2481=ORIENTED_EDGE('',*,*,#1584,.F.);
#2482=ORIENTED_EDGE('',*,*,#1742,.F.);
#2483=ORIENTED_EDGE('',*,*,#1743,.T.);
#2484=ORIENTED_EDGE('',*,*,#1744,.T.);
#2485=ORIENTED_EDGE('',*,*,#1581,.F.);
#2486=ORIENTED_EDGE('',*,*,#1744,.F.);
#2487=ORIENTED_EDGE('',*,*,#1745,.T.);
#2488=ORIENTED_EDGE('',*,*,#1746,.T.);
#2489=ORIENTED_EDGE('',*,*,#1582,.F.);
#2490=ORIENTED_EDGE('',*,*,#1746,.F.);
#2491=ORIENTED_EDGE('',*,*,#1747,.T.);
#2492=ORIENTED_EDGE('',*,*,#1740,.T.);
#2493=ORIENTED_EDGE('',*,*,#1748,.F.);
#2494=ORIENTED_EDGE('',*,*,#1749,.T.);
#2495=ORIENTED_EDGE('',*,*,#1750,.F.);
#2496=ORIENTED_EDGE('',*,*,#1429,.F.);
#2497=ORIENTED_EDGE('',*,*,#1751,.F.);
#2498=ORIENTED_EDGE('',*,*,#1752,.T.);
#2499=ORIENTED_EDGE('',*,*,#1748,.T.);
#2500=ORIENTED_EDGE('',*,*,#1428,.F.);
#2501=ORIENTED_EDGE('',*,*,#1753,.F.);
#2502=ORIENTED_EDGE('',*,*,#1754,.T.);
#2503=ORIENTED_EDGE('',*,*,#1751,.T.);
#2504=ORIENTED_EDGE('',*,*,#1427,.F.);
#2505=ORIENTED_EDGE('',*,*,#1395,.F.);
#2506=ORIENTED_EDGE('',*,*,#1755,.T.);
#2507=ORIENTED_EDGE('',*,*,#1753,.T.);
#2508=ORIENTED_EDGE('',*,*,#1426,.F.);
#2509=ORIENTED_EDGE('',*,*,#1756,.F.);
#2510=ORIENTED_EDGE('',*,*,#1757,.T.);
#2511=ORIENTED_EDGE('',*,*,#1393,.T.);
#2512=ORIENTED_EDGE('',*,*,#1432,.F.);
#2513=ORIENTED_EDGE('',*,*,#1758,.F.);
#2514=ORIENTED_EDGE('',*,*,#1759,.T.);
#2515=ORIENTED_EDGE('',*,*,#1756,.T.);
#2516=ORIENTED_EDGE('',*,*,#1431,.F.);
#2517=ORIENTED_EDGE('',*,*,#1750,.T.);
#2518=ORIENTED_EDGE('',*,*,#1760,.T.);
#2519=ORIENTED_EDGE('',*,*,#1758,.T.);
#2520=ORIENTED_EDGE('',*,*,#1430,.F.);
#2521=ORIENTED_EDGE('',*,*,#1760,.F.);
#2522=ORIENTED_EDGE('',*,*,#1749,.F.);
#2523=ORIENTED_EDGE('',*,*,#1752,.F.);
#2524=ORIENTED_EDGE('',*,*,#1754,.F.);
#2525=ORIENTED_EDGE('',*,*,#1755,.F.);
#2526=ORIENTED_EDGE('',*,*,#1394,.F.);
#2527=ORIENTED_EDGE('',*,*,#1757,.F.);
#2528=ORIENTED_EDGE('',*,*,#1759,.F.);
#2529=ORIENTED_EDGE('',*,*,#1745,.F.);
#2530=ORIENTED_EDGE('',*,*,#1743,.F.);
#2531=ORIENTED_EDGE('',*,*,#1741,.F.);
#2532=ORIENTED_EDGE('',*,*,#1747,.F.);
#2533=ORIENTED_EDGE('',*,*,#1761,.F.);
#2534=ORIENTED_EDGE('',*,*,#1762,.T.);
#2535=ORIENTED_EDGE('',*,*,#1473,.T.);
#2536=ORIENTED_EDGE('',*,*,#1763,.F.);
#2537=ORIENTED_EDGE('',*,*,#1764,.F.);
#2538=ORIENTED_EDGE('',*,*,#1765,.T.);
#2539=ORIENTED_EDGE('',*,*,#1474,.T.);
#2540=ORIENTED_EDGE('',*,*,#1762,.F.);
#2541=ORIENTED_EDGE('',*,*,#1766,.F.);
#2542=ORIENTED_EDGE('',*,*,#1767,.T.);
#2543=ORIENTED_EDGE('',*,*,#1475,.T.);
#2544=ORIENTED_EDGE('',*,*,#1765,.F.);
#2545=ORIENTED_EDGE('',*,*,#1768,.F.);
#2546=ORIENTED_EDGE('',*,*,#1769,.T.);
#2547=ORIENTED_EDGE('',*,*,#1476,.T.);
#2548=ORIENTED_EDGE('',*,*,#1767,.F.);
#2549=ORIENTED_EDGE('',*,*,#1770,.F.);
#2550=ORIENTED_EDGE('',*,*,#1763,.T.);
#2551=ORIENTED_EDGE('',*,*,#1472,.T.);
#2552=ORIENTED_EDGE('',*,*,#1771,.F.);
#2553=ORIENTED_EDGE('',*,*,#1772,.F.);
#2554=ORIENTED_EDGE('',*,*,#1771,.T.);
#2555=ORIENTED_EDGE('',*,*,#1471,.T.);
#2556=ORIENTED_EDGE('',*,*,#1606,.F.);
#2557=ORIENTED_EDGE('',*,*,#1773,.F.);
#2558=ORIENTED_EDGE('',*,*,#1607,.T.);
#2559=ORIENTED_EDGE('',*,*,#1477,.T.);
#2560=ORIENTED_EDGE('',*,*,#1769,.F.);
#2561=ORIENTED_EDGE('',*,*,#1718,.F.);
#2562=ORIENTED_EDGE('',*,*,#1774,.F.);
#2563=ORIENTED_EDGE('',*,*,#1602,.T.);
#2564=ORIENTED_EDGE('',*,*,#1467,.T.);
#2565=ORIENTED_EDGE('',*,*,#1775,.T.);
#2566=ORIENTED_EDGE('',*,*,#1701,.T.);
#2567=ORIENTED_EDGE('',*,*,#1682,.F.);
#2568=ORIENTED_EDGE('',*,*,#1774,.T.);
#2569=ORIENTED_EDGE('',*,*,#1711,.T.);
#2570=ORIENTED_EDGE('',*,*,#1702,.T.);
#2571=ORIENTED_EDGE('',*,*,#1775,.F.);
#2572=ORIENTED_EDGE('',*,*,#1717,.T.);
#2573=ORIENTED_EDGE('',*,*,#1776,.T.);
#2574=ORIENTED_EDGE('',*,*,#1777,.T.);
#2575=ORIENTED_EDGE('',*,*,#1778,.T.);
#2576=ORIENTED_EDGE('',*,*,#1779,.T.);
#2577=ORIENTED_EDGE('',*,*,#1780,.T.);
#2578=ORIENTED_EDGE('',*,*,#1781,.T.);
#2579=ORIENTED_EDGE('',*,*,#1778,.F.);
#2580=ORIENTED_EDGE('',*,*,#1782,.T.);
#2581=ORIENTED_EDGE('',*,*,#1783,.T.);
#2582=ORIENTED_EDGE('',*,*,#1784,.T.);
#2583=ORIENTED_EDGE('',*,*,#1780,.F.);
#2584=ORIENTED_EDGE('',*,*,#1785,.T.);
#2585=ORIENTED_EDGE('',*,*,#1786,.T.);
#2586=ORIENTED_EDGE('',*,*,#1577,.T.);
#2587=ORIENTED_EDGE('',*,*,#1783,.F.);
#2588=ORIENTED_EDGE('',*,*,#1787,.T.);
#2589=ORIENTED_EDGE('',*,*,#1788,.T.);
#2590=ORIENTED_EDGE('',*,*,#1789,.T.);
#2591=ORIENTED_EDGE('',*,*,#1786,.F.);
#2592=ORIENTED_EDGE('',*,*,#1790,.T.);
#2593=ORIENTED_EDGE('',*,*,#1791,.T.);
#2594=ORIENTED_EDGE('',*,*,#1792,.T.);
#2595=ORIENTED_EDGE('',*,*,#1788,.F.);
#2596=ORIENTED_EDGE('',*,*,#1793,.T.);
#2597=ORIENTED_EDGE('',*,*,#1794,.T.);
#2598=ORIENTED_EDGE('',*,*,#1795,.T.);
#2599=ORIENTED_EDGE('',*,*,#1791,.F.);
#2600=ORIENTED_EDGE('',*,*,#1796,.T.);
#2601=ORIENTED_EDGE('',*,*,#1794,.F.);
#2602=ORIENTED_EDGE('',*,*,#1797,.T.);
#2603=ORIENTED_EDGE('',*,*,#1776,.F.);
#2604=ORIENTED_EDGE('',*,*,#1798,.T.);
#2605=ORIENTED_EDGE('',*,*,#1792,.F.);
#2606=ORIENTED_EDGE('',*,*,#1799,.T.);
#2607=ORIENTED_EDGE('',*,*,#1800,.T.);
#2608=ORIENTED_EDGE('',*,*,#1801,.F.);
#2609=ORIENTED_EDGE('',*,*,#1795,.F.);
#2610=ORIENTED_EDGE('',*,*,#1802,.T.);
#2611=ORIENTED_EDGE('',*,*,#1803,.T.);
#2612=ORIENTED_EDGE('',*,*,#1799,.F.);
#2613=ORIENTED_EDGE('',*,*,#1591,.T.);
#2614=ORIENTED_EDGE('',*,*,#1804,.T.);
#2615=ORIENTED_EDGE('',*,*,#1802,.F.);
#2616=ORIENTED_EDGE('',*,*,#1798,.F.);
#2617=ORIENTED_EDGE('',*,*,#1805,.T.);
#2618=ORIENTED_EDGE('',*,*,#1806,.T.);
#2619=ORIENTED_EDGE('',*,*,#1601,.T.);
#2620=ORIENTED_EDGE('',*,*,#1596,.T.);
#2621=ORIENTED_EDGE('',*,*,#1779,.F.);
#2622=ORIENTED_EDGE('',*,*,#1807,.T.);
#2623=ORIENTED_EDGE('',*,*,#1808,.T.);
#2624=ORIENTED_EDGE('',*,*,#1805,.F.);
#2625=ORIENTED_EDGE('',*,*,#1777,.F.);
#2626=ORIENTED_EDGE('',*,*,#1797,.F.);
#2627=ORIENTED_EDGE('',*,*,#1796,.F.);
#2628=ORIENTED_EDGE('',*,*,#1793,.F.);
#2629=ORIENTED_EDGE('',*,*,#1790,.F.);
#2630=ORIENTED_EDGE('',*,*,#1787,.F.);
#2631=ORIENTED_EDGE('',*,*,#1785,.F.);
#2632=ORIENTED_EDGE('',*,*,#1782,.F.);
#2633=ORIENTED_EDGE('',*,*,#1590,.T.);
#2634=ORIENTED_EDGE('',*,*,#1608,.T.);
#2635=ORIENTED_EDGE('',*,*,#1773,.T.);
#2636=ORIENTED_EDGE('',*,*,#1768,.T.);
#2637=ORIENTED_EDGE('',*,*,#1766,.T.);
#2638=ORIENTED_EDGE('',*,*,#1764,.T.);
#2639=ORIENTED_EDGE('',*,*,#1761,.T.);
#2640=ORIENTED_EDGE('',*,*,#1770,.T.);
#2641=ORIENTED_EDGE('',*,*,#1772,.T.);
#2642=ORIENTED_EDGE('',*,*,#1605,.T.);
#2643=ORIENTED_EDGE('',*,*,#1598,.T.);
#2644=ORIENTED_EDGE('',*,*,#1806,.F.);
#2645=ORIENTED_EDGE('',*,*,#1808,.F.);
#2646=ORIENTED_EDGE('',*,*,#1809,.F.);
#2647=ORIENTED_EDGE('',*,*,#1810,.F.);
#2648=ORIENTED_EDGE('',*,*,#1579,.F.);
#2649=ORIENTED_EDGE('',*,*,#1811,.F.);
#2650=ORIENTED_EDGE('',*,*,#1800,.F.);
#2651=ORIENTED_EDGE('',*,*,#1803,.F.);
#2652=ORIENTED_EDGE('',*,*,#1804,.F.);
#2653=ORIENTED_EDGE('',*,*,#1789,.F.);
#2654=ORIENTED_EDGE('',*,*,#1801,.T.);
#2655=ORIENTED_EDGE('',*,*,#1811,.T.);
#2656=ORIENTED_EDGE('',*,*,#1578,.F.);
#2657=ORIENTED_EDGE('',*,*,#1784,.F.);
#2658=ORIENTED_EDGE('',*,*,#1580,.T.);
#2659=ORIENTED_EDGE('',*,*,#1810,.T.);
#2660=ORIENTED_EDGE('',*,*,#1812,.F.);
#2661=ORIENTED_EDGE('',*,*,#1781,.F.);
#2662=ORIENTED_EDGE('',*,*,#1812,.T.);
#2663=ORIENTED_EDGE('',*,*,#1809,.T.);
#2664=ORIENTED_EDGE('',*,*,#1807,.F.);
#2665=PLANE('',#2918);
#2666=PLANE('',#2919);
#2667=PLANE('',#2920);
#2668=PLANE('',#2921);
#2669=PLANE('',#2922);
#2670=PLANE('',#2923);
#2671=PLANE('',#2934);
#2672=PLANE('',#2936);
#2673=PLANE('',#2943);
#2674=PLANE('',#2948);
#2675=PLANE('',#2949);
#2676=PLANE('',#2958);
#2677=PLANE('',#2962);
#2678=PLANE('',#2967);
#2679=PLANE('',#2976);
#2680=PLANE('',#2981);
#2681=PLANE('',#2985);
#2682=PLANE('',#2990);
#2683=PLANE('',#2995);
#2684=PLANE('',#2996);
#2685=PLANE('',#3005);
#2686=PLANE('',#3006);
#2687=PLANE('',#3007);
#2688=PLANE('',#3012);
#2689=PLANE('',#3013);
#2690=PLANE('',#3014);
#2691=PLANE('',#3015);
#2692=PLANE('',#3016);
#2693=PLANE('',#3017);
#2694=PLANE('',#3018);
#2695=PLANE('',#3019);
#2696=PLANE('',#3023);
#2697=PLANE('',#3027);
#2698=PLANE('',#3028);
#2699=PLANE('',#3029);
#2700=PLANE('',#3033);
#2701=PLANE('',#3034);
#2702=PLANE('',#3035);
#2703=PLANE('',#3037);
#2704=PLANE('',#3039);
#2705=PLANE('',#3040);
#2706=PLANE('',#3041);
#2707=PLANE('',#3042);
#2708=PLANE('',#3046);
#2709=PLANE('',#3048);
#2710=PLANE('',#3050);
#2711=PLANE('',#3051);
#2712=PLANE('',#3052);
#2713=PLANE('',#3055);
#2714=PLANE('',#3057);
#2715=PLANE('',#3058);
#2716=PLANE('',#3059);
#2717=PLANE('',#3060);
#2718=PLANE('',#3061);
#2719=PLANE('',#3067);
#2720=PLANE('',#3069);
#2721=PLANE('',#3072);
#2722=PLANE('',#3076);
#2723=PLANE('',#3079);
#2724=PLANE('',#3085);
#2725=PLANE('',#3087);
#2726=PLANE('',#3089);
#2727=PLANE('',#3091);
#2728=PLANE('',#3094);
#2729=PLANE('',#3097);
#2730=PLANE('',#3100);
#2731=PLANE('',#3103);
#2732=PLANE('',#3106);
#2733=PLANE('',#3109);
#2734=PLANE('',#3112);
#2735=PLANE('',#3115);
#2736=PLANE('',#3116);
#2737=PLANE('',#3119);
#2738=PLANE('',#3124);
#2739=PLANE('',#3127);
#2740=PLANE('',#3129);
#2741=PLANE('',#3131);
#2742=PLANE('',#3132);
#2743=PLANE('',#3159);
#2744=PLANE('',#3161);
#2745=PLANE('',#3163);
#2746=PLANE('',#3166);
#2747=ADVANCED_FACE('',(#272),#2665,.F.);
#2748=ADVANCED_FACE('',(#273),#2666,.F.);
#2749=ADVANCED_FACE('',(#274),#2667,.F.);
#2750=ADVANCED_FACE('',(#275),#2668,.F.);
#2751=ADVANCED_FACE('',(#276),#2669,.F.);
#2752=ADVANCED_FACE('',(#277,#94,#95),#2670,.T.);
#2753=ADVANCED_FACE('',(#278),#32,.F.);
#2754=ADVANCED_FACE('',(#279),#2671,.F.);
#2755=ADVANCED_FACE('',(#280),#31,.F.);
#2756=ADVANCED_FACE('',(#281),#2672,.F.);
#2757=ADVANCED_FACE('',(#282),#33,.F.);
#2758=ADVANCED_FACE('',(#283),#34,.T.);
#2759=ADVANCED_FACE('',(#284),#2673,.F.);
#2760=ADVANCED_FACE('',(#285),#35,.F.);
#2761=ADVANCED_FACE('',(#286),#19,.F.);
#2762=ADVANCED_FACE('',(#287),#36,.T.);
#2763=ADVANCED_FACE('',(#288),#2674,.T.);
#2764=ADVANCED_FACE('',(#289),#2675,.T.);
#2765=ADVANCED_FACE('',(#290),#20,.F.);
#2766=ADVANCED_FACE('',(#291),#37,.T.);
#2767=ADVANCED_FACE('',(#292),#21,.F.);
#2768=ADVANCED_FACE('',(#293),#38,.T.);
#2769=ADVANCED_FACE('',(#294),#2676,.T.);
#2770=ADVANCED_FACE('',(#295),#39,.F.);
#2771=ADVANCED_FACE('',(#296),#2677,.T.);
#2772=ADVANCED_FACE('',(#297),#40,.T.);
#2773=ADVANCED_FACE('',(#298),#41,.T.);
#2774=ADVANCED_FACE('',(#299),#2678,.T.);
#2775=ADVANCED_FACE('',(#300),#22,.F.);
#2776=ADVANCED_FACE('',(#301),#42,.T.);
#2777=ADVANCED_FACE('',(#302),#43,.T.);
#2778=ADVANCED_FACE('',(#303),#23,.F.);
#2779=ADVANCED_FACE('',(#304),#2679,.T.);
#2780=ADVANCED_FACE('',(#305),#44,.T.);
#2781=ADVANCED_FACE('',(#306),#45,.T.);
#2782=ADVANCED_FACE('',(#307),#2680,.T.);
#2783=ADVANCED_FACE('',(#308),#46,.F.);
#2784=ADVANCED_FACE('',(#309),#2681,.T.);
#2785=ADVANCED_FACE('',(#310),#47,.T.);
#2786=ADVANCED_FACE('',(#311),#48,.F.);
#2787=ADVANCED_FACE('',(#312),#2682,.T.);
#2788=ADVANCED_FACE('',(#313),#49,.T.);
#2789=ADVANCED_FACE('',(#314),#50,.F.);
#2790=ADVANCED_FACE('',(#315),#2683,.T.);
#2791=ADVANCED_FACE('',(#316),#2684,.T.);
#2792=ADVANCED_FACE('',(#317),#51,.T.);
#2793=ADVANCED_FACE('',(#318),#52,.T.);
#2794=ADVANCED_FACE('',(#319),#53,.T.);
#2795=ADVANCED_FACE('',(#320),#54,.T.);
#2796=ADVANCED_FACE('',(#321),#2685,.F.);
#2797=ADVANCED_FACE('',(#322),#2686,.F.);
#2798=ADVANCED_FACE('',(#323,#96,#97,#98,#99,#100,#101),#2687,.T.);
#2799=ADVANCED_FACE('',(#324),#2688,.F.);
#2800=ADVANCED_FACE('',(#325),#2689,.F.);
#2801=ADVANCED_FACE('',(#326),#2690,.F.);
#2802=ADVANCED_FACE('',(#327),#2691,.F.);
#2803=ADVANCED_FACE('',(#328),#2692,.F.);
#2804=ADVANCED_FACE('',(#329),#2693,.T.);
#2805=ADVANCED_FACE('',(#330),#2694,.T.);
#2806=ADVANCED_FACE('',(#331),#2695,.T.);
#2807=ADVANCED_FACE('',(#332),#55,.F.);
#2808=ADVANCED_FACE('',(#333),#2696,.F.);
#2809=ADVANCED_FACE('',(#334),#56,.F.);
#2810=ADVANCED_FACE('',(#335),#2697,.F.);
#2811=ADVANCED_FACE('',(#336),#2698,.T.);
#2812=ADVANCED_FACE('',(#337),#2699,.T.);
#2813=ADVANCED_FACE('',(#338),#57,.F.);
#2814=ADVANCED_FACE('',(#339),#2700,.T.);
#2815=ADVANCED_FACE('',(#340),#2701,.T.);
#2816=ADVANCED_FACE('',(#341),#2702,.F.);
#2817=ADVANCED_FACE('',(#342),#2703,.T.);
#2818=ADVANCED_FACE('',(#343),#58,.F.);
#2819=ADVANCED_FACE('',(#344),#2704,.T.);
#2820=ADVANCED_FACE('',(#345),#2705,.T.);
#2821=ADVANCED_FACE('',(#346),#2706,.T.);
#2822=ADVANCED_FACE('',(#347),#2707,.F.);
#2823=ADVANCED_FACE('',(#348),#59,.T.);
#2824=ADVANCED_FACE('',(#349),#2708,.T.);
#2825=ADVANCED_FACE('',(#350,#102),#2709,.F.);
#2826=ADVANCED_FACE('',(#351),#2710,.T.);
#2827=ADVANCED_FACE('',(#352),#2711,.T.);
#2828=ADVANCED_FACE('',(#353),#2712,.T.);
#2829=ADVANCED_FACE('',(#354),#60,.T.);
#2830=ADVANCED_FACE('',(#355),#2713,.T.);
#2831=ADVANCED_FACE('',(#356),#2714,.T.);
#2832=ADVANCED_FACE('',(#357),#2715,.T.);
#2833=ADVANCED_FACE('',(#358),#2716,.T.);
#2834=ADVANCED_FACE('',(#359),#2717,.T.);
#2835=ADVANCED_FACE('',(#360),#2718,.T.);
#2836=ADVANCED_FACE('',(#361),#61,.F.);
#2837=ADVANCED_FACE('',(#362),#24,.T.);
#2838=ADVANCED_FACE('',(#363),#62,.F.);
#2839=ADVANCED_FACE('',(#364),#2719,.T.);
#2840=ADVANCED_FACE('',(#365,#103),#2720,.F.);
#2841=ADVANCED_FACE('',(#366),#2721,.T.);
#2842=ADVANCED_FACE('',(#367),#63,.T.);
#2843=ADVANCED_FACE('',(#368),#2722,.T.);
#2844=ADVANCED_FACE('',(#369),#64,.T.);
#2845=ADVANCED_FACE('',(#370),#2723,.T.);
#2846=ADVANCED_FACE('',(#371),#65,.F.);
#2847=ADVANCED_FACE('',(#372),#66,.T.);
#2848=ADVANCED_FACE('',(#373),#2724,.T.);
#2849=ADVANCED_FACE('',(#374),#2725,.T.);
#2850=ADVANCED_FACE('',(#375),#2726,.F.);
#2851=ADVANCED_FACE('',(#376),#67,.F.);
#2852=ADVANCED_FACE('',(#377),#2727,.T.);
#2853=ADVANCED_FACE('',(#378),#68,.F.);
#2854=ADVANCED_FACE('',(#379),#2728,.F.);
#2855=ADVANCED_FACE('',(#380),#69,.F.);
#2856=ADVANCED_FACE('',(#381),#2729,.F.);
#2857=ADVANCED_FACE('',(#382),#70,.F.);
#2858=ADVANCED_FACE('',(#383),#2730,.F.);
#2859=ADVANCED_FACE('',(#384),#71,.F.);
#2860=ADVANCED_FACE('',(#385),#2731,.F.);
#2861=ADVANCED_FACE('',(#386),#72,.F.);
#2862=ADVANCED_FACE('',(#387),#2732,.F.);
#2863=ADVANCED_FACE('',(#388),#73,.F.);
#2864=ADVANCED_FACE('',(#389,#104),#2733,.F.);
#2865=ADVANCED_FACE('',(#390),#74,.F.);
#2866=ADVANCED_FACE('',(#391),#2734,.F.);
#2867=ADVANCED_FACE('',(#392),#75,.F.);
#2868=ADVANCED_FACE('',(#393),#2735,.F.);
#2869=ADVANCED_FACE('',(#394),#2736,.F.);
#2870=ADVANCED_FACE('',(#395),#76,.F.);
#2871=ADVANCED_FACE('',(#396),#2737,.F.);
#2872=ADVANCED_FACE('',(#397),#77,.F.);
#2873=ADVANCED_FACE('',(#398),#78,.F.);
#2874=ADVANCED_FACE('',(#399),#2738,.F.);
#2875=ADVANCED_FACE('',(#400),#79,.F.);
#2876=ADVANCED_FACE('',(#401,#105),#2739,.F.);
#2877=ADVANCED_FACE('',(#402),#80,.T.);
#2878=ADVANCED_FACE('',(#403),#2740,.T.);
#2879=ADVANCED_FACE('',(#404),#81,.T.);
#2880=ADVANCED_FACE('',(#405),#2741,.T.);
#2881=ADVANCED_FACE('',(#406),#2742,.T.);
#2882=ADVANCED_FACE('',(#407),#82,.T.);
#2883=ADVANCED_FACE('',(#408),#83,.T.);
#2884=ADVANCED_FACE('',(#409),#84,.F.);
#2885=ADVANCED_FACE('',(#410),#25,.T.);
#2886=ADVANCED_FACE('',(#411),#85,.F.);
#2887=ADVANCED_FACE('',(#412),#26,.F.);
#2888=ADVANCED_FACE('',(#413),#86,.T.);
#2889=ADVANCED_FACE('',(#414),#27,.F.);
#2890=ADVANCED_FACE('',(#415),#87,.T.);
#2891=ADVANCED_FACE('',(#416),#28,.F.);
#2892=ADVANCED_FACE('',(#417),#88,.T.);
#2893=ADVANCED_FACE('',(#418),#29,.F.);
#2894=ADVANCED_FACE('',(#419),#89,.T.);
#2895=ADVANCED_FACE('',(#420),#2743,.T.);
#2896=ADVANCED_FACE('',(#421),#90,.T.);
#2897=ADVANCED_FACE('',(#422),#2744,.T.);
#2898=ADVANCED_FACE('',(#423),#91,.T.);
#2899=ADVANCED_FACE('',(#424),#2745,.F.);
#2900=ADVANCED_FACE('',(#425),#30,.F.);
#2901=ADVANCED_FACE('',(#426),#92,.T.);
#2902=ADVANCED_FACE('',(#427),#93,.T.);
#2903=ADVANCED_FACE('',(#428),#2746,.T.);
#2904=CLOSED_SHELL('',(#2747,#2748,#2749,#2750,#2751,#2752,#2753,#2754,
#2755,#2756,#2757,#2758,#2759,#2760,#2761,#2762,#2763,#2764,#2765,#2766,
#2767,#2768,#2769,#2770,#2771,#2772,#2773,#2774,#2775,#2776,#2777,#2778,
#2779,#2780,#2781,#2782,#2783,#2784,#2785,#2786,#2787,#2788,#2789,#2790,
#2791,#2792,#2793,#2794,#2795,#2796,#2797,#2798,#2799,#2800,#2801,#2802,
#2803,#2804,#2805,#2806,#2807,#2808,#2809,#2810,#2811,#2812,#2813,#2814,
#2815,#2816,#2817,#2818,#2819,#2820,#2821,#2822,#2823,#2824,#2825,#2826,
#2827,#2828,#2829,#2830,#2831,#2832,#2833,#2834,#2835,#2836,#2837,#2838,
#2839,#2840,#2841,#2842,#2843,#2844,#2845,#2846,#2847,#2848,#2849,#2850,
#2851,#2852,#2853,#2854,#2855,#2856,#2857,#2858,#2859,#2860,#2861,#2862,
#2863,#2864,#2865,#2866,#2867,#2868,#2869,#2870,#2871,#2872,#2873,#2874,
#2875,#2876,#2877,#2878,#2879,#2880,#2881,#2882,#2883,#2884,#2885,#2886,
#2887,#2888,#2889,#2890,#2891,#2892,#2893,#2894,#2895,#2896,#2897,#2898,
#2899,#2900,#2901,#2902,#2903));
#2905=DERIVED_UNIT_ELEMENT(#2907,1.);
#2906=DERIVED_UNIT_ELEMENT(#6083,-3.);
#2907=(
MASS_UNIT()
NAMED_UNIT(*)
SI_UNIT(.KILO.,.GRAM.)
);
#2908=DERIVED_UNIT((#2905,#2906));
#2909=MEASURE_REPRESENTATION_ITEM('density measure',
POSITIVE_RATIO_MEASURE(7850.),#2908);
#2910=PROPERTY_DEFINITION_REPRESENTATION(#2915,#2912);
#2911=PROPERTY_DEFINITION_REPRESENTATION(#2916,#2913);
#2912=REPRESENTATION('material name',(#2914),#6080);
#2913=REPRESENTATION('density',(#2909),#6080);
#2914=DESCRIPTIVE_REPRESENTATION_ITEM('Steel','Steel');
#2915=PROPERTY_DEFINITION('material property','material name',#6090);
#2916=PROPERTY_DEFINITION('material property','density of part',#6090);
#2917=AXIS2_PLACEMENT_3D('',#3923,#3167,#3168);
#2918=AXIS2_PLACEMENT_3D('',#3924,#3169,#3170);
#2919=AXIS2_PLACEMENT_3D('',#3933,#3175,#3176);
#2920=AXIS2_PLACEMENT_3D('',#3947,#3184,#3185);
#2921=AXIS2_PLACEMENT_3D('',#3951,#3188,#3189);
#2922=AXIS2_PLACEMENT_3D('',#3963,#3196,#3197);
#2923=AXIS2_PLACEMENT_3D('',#3965,#3199,#3200);
#2924=AXIS2_PLACEMENT_3D('',#3994,#3212,#3213);
#2925=AXIS2_PLACEMENT_3D('',#3998,#3215,#3216);
#2926=AXIS2_PLACEMENT_3D('',#4002,#3218,#3219);
#2927=AXIS2_PLACEMENT_3D('',#4005,#3221,#3222);
#2928=AXIS2_PLACEMENT_3D('',#4007,#3223,#3224);
#2929=AXIS2_PLACEMENT_3D('',#4011,#3226,#3227);
#2930=AXIS2_PLACEMENT_3D('',#4015,#3229,#3230);
#2931=AXIS2_PLACEMENT_3D('',#4018,#3232,#3233);
#2932=AXIS2_PLACEMENT_3D('',#4027,#3238,#3239);
#2933=AXIS2_PLACEMENT_3D('',#4032,#3241,#3242);
#2934=AXIS2_PLACEMENT_3D('',#4072,#3244,#3245);
#2935=AXIS2_PLACEMENT_3D('',#4179,#3247,#3248);
#2936=AXIS2_PLACEMENT_3D('',#4318,#3249,#3250);
#2937=AXIS2_PLACEMENT_3D('',#4320,#3251,#3252);
#2938=AXIS2_PLACEMENT_3D('',#4324,#3255,#3256);
#2939=AXIS2_PLACEMENT_3D('',#4326,#3257,#3258);
#2940=AXIS2_PLACEMENT_3D('',#4331,#3259,#3260);
#2941=AXIS2_PLACEMENT_3D('',#4335,#3262,#3263);
#2942=AXIS2_PLACEMENT_3D('',#4339,#3265,#3266);
#2943=AXIS2_PLACEMENT_3D('',#4341,#3268,#3269);
#2944=AXIS2_PLACEMENT_3D('',#4347,#3273,#3274);
#2945=AXIS2_PLACEMENT_3D('',#4353,#3275,#3276);
#2946=AXIS2_PLACEMENT_3D('',#4824,#3278,#3279);
#2947=AXIS2_PLACEMENT_3D('',#4856,#3283,#3284);
#2948=AXIS2_PLACEMENT_3D('',#4857,#3285,#3286);
#2949=AXIS2_PLACEMENT_3D('',#4859,#3288,#3289);
#2950=AXIS2_PLACEMENT_3D('',#4878,#3291,#3292);
#2951=AXIS2_PLACEMENT_3D('',#4880,#3293,#3294);
#2952=AXIS2_PLACEMENT_3D('',#4882,#3295,#3296);
#2953=AXIS2_PLACEMENT_3D('',#4895,#3297,#3298);
#2954=AXIS2_PLACEMENT_3D('',#4911,#3300,#3301);
#2955=AXIS2_PLACEMENT_3D('',#4928,#3303,#3304);
#2956=AXIS2_PLACEMENT_3D('',#4929,#3305,#3306);
#2957=AXIS2_PLACEMENT_3D('',#4930,#3307,#3308);
#2958=AXIS2_PLACEMENT_3D('',#4945,#3311,#3312);
#2959=AXIS2_PLACEMENT_3D('',#4946,#3313,#3314);
#2960=AXIS2_PLACEMENT_3D('',#4947,#3315,#3316);
#2961=AXIS2_PLACEMENT_3D('',#4951,#3318,#3319);
#2962=AXIS2_PLACEMENT_3D('',#4953,#3321,#3322);
#2963=AXIS2_PLACEMENT_3D('',#4957,#3325,#3326);
#2964=AXIS2_PLACEMENT_3D('',#4960,#3328,#3329);
#2965=AXIS2_PLACEMENT_3D('',#4961,#3330,#3331);
#2966=AXIS2_PLACEMENT_3D('',#4964,#3333,#3334);
#2967=AXIS2_PLACEMENT_3D('',#4965,#3335,#3336);
#2968=AXIS2_PLACEMENT_3D('',#4984,#3338,#3339);
#2969=AXIS2_PLACEMENT_3D('',#4986,#3340,#3341);
#2970=AXIS2_PLACEMENT_3D('',#4988,#3342,#3343);
#2971=AXIS2_PLACEMENT_3D('',#5001,#3344,#3345);
#2972=AXIS2_PLACEMENT_3D('',#5016,#3348,#3349);
#2973=AXIS2_PLACEMENT_3D('',#5032,#3351,#3352);
#2974=AXIS2_PLACEMENT_3D('',#5049,#3354,#3355);
#2975=AXIS2_PLACEMENT_3D('',#5050,#3356,#3357);
#2976=AXIS2_PLACEMENT_3D('',#5051,#3358,#3359);
#2977=AXIS2_PLACEMENT_3D('',#5057,#3363,#3364);
#2978=AXIS2_PLACEMENT_3D('',#5060,#3366,#3367);
#2979=AXIS2_PLACEMENT_3D('',#5061,#3368,#3369);
#2980=AXIS2_PLACEMENT_3D('',#5064,#3371,#3372);
#2981=AXIS2_PLACEMENT_3D('',#5065,#3373,#3374);
#2982=AXIS2_PLACEMENT_3D('',#5069,#3377,#3378);
#2983=AXIS2_PLACEMENT_3D('',#5070,#3379,#3380);
#2984=AXIS2_PLACEMENT_3D('',#5071,#3381,#3382);
#2985=AXIS2_PLACEMENT_3D('',#5072,#3383,#3384);
#2986=AXIS2_PLACEMENT_3D('',#5073,#3385,#3386);
#2987=AXIS2_PLACEMENT_3D('',#5100,#3389,#3390);
#2988=AXIS2_PLACEMENT_3D('',#5102,#3391,#3392);
#2989=AXIS2_PLACEMENT_3D('',#5117,#3394,#3395);
#2990=AXIS2_PLACEMENT_3D('',#5119,#3397,#3398);
#2991=AXIS2_PLACEMENT_3D('',#5121,#3399,#3400);
#2992=AXIS2_PLACEMENT_3D('',#5123,#3402,#3403);
#2993=AXIS2_PLACEMENT_3D('',#5136,#3405,#3406);
#2994=AXIS2_PLACEMENT_3D('',#5140,#3408,#3409);
#2995=AXIS2_PLACEMENT_3D('',#5142,#3411,#3412);
#2996=AXIS2_PLACEMENT_3D('',#5144,#3414,#3415);
#2997=AXIS2_PLACEMENT_3D('',#5146,#3417,#3418);
#2998=AXIS2_PLACEMENT_3D('',#5151,#3420,#3421);
#2999=AXIS2_PLACEMENT_3D('',#5154,#3423,#3424);
#3000=AXIS2_PLACEMENT_3D('',#5155,#3425,#3426);
#3001=AXIS2_PLACEMENT_3D('',#5160,#3428,#3429);
#3002=AXIS2_PLACEMENT_3D('',#5163,#3431,#3432);
#3003=AXIS2_PLACEMENT_3D('',#5164,#3433,#3434);
#3004=AXIS2_PLACEMENT_3D('',#5167,#3437,#3438);
#3005=AXIS2_PLACEMENT_3D('',#5170,#3441,#3442);
#3006=AXIS2_PLACEMENT_3D('',#5173,#3445,#3446);
#3007=AXIS2_PLACEMENT_3D('',#5175,#3448,#3449);
#3008=AXIS2_PLACEMENT_3D('',#5189,#3453,#3454);
#3009=AXIS2_PLACEMENT_3D('',#5193,#3456,#3457);
#3010=AXIS2_PLACEMENT_3D('',#5197,#3459,#3460);
#3011=AXIS2_PLACEMENT_3D('',#5201,#3462,#3463);
#3012=AXIS2_PLACEMENT_3D('',#5203,#3465,#3466);
#3013=AXIS2_PLACEMENT_3D('',#5205,#3468,#3469);
#3014=AXIS2_PLACEMENT_3D('',#5206,#3470,#3471);
#3015=AXIS2_PLACEMENT_3D('',#5222,#3476,#3477);
#3016=AXIS2_PLACEMENT_3D('',#5228,#3481,#3482);
#3017=AXIS2_PLACEMENT_3D('',#5241,#3486,#3487);
#3018=AXIS2_PLACEMENT_3D('',#5247,#3491,#3492);
#3019=AXIS2_PLACEMENT_3D('',#5254,#3494,#3495);
#3020=AXIS2_PLACEMENT_3D('',#5261,#3497,#3498);
#3021=AXIS2_PLACEMENT_3D('',#5263,#3499,#3500);
#3022=AXIS2_PLACEMENT_3D('',#5266,#3502,#3503);
#3023=AXIS2_PLACEMENT_3D('',#5267,#3504,#3505);
#3024=AXIS2_PLACEMENT_3D('',#5268,#3506,#3507);
#3025=AXIS2_PLACEMENT_3D('',#5270,#3508,#3509);
#3026=AXIS2_PLACEMENT_3D('',#5273,#3511,#3512);
#3027=AXIS2_PLACEMENT_3D('',#5274,#3513,#3514);
#3028=AXIS2_PLACEMENT_3D('',#5275,#3515,#3516);
#3029=AXIS2_PLACEMENT_3D('',#5284,#3521,#3522);
#3030=AXIS2_PLACEMENT_3D('',#5293,#3527,#3528);
#3031=AXIS2_PLACEMENT_3D('',#5295,#3529,#3530);
#3032=AXIS2_PLACEMENT_3D('',#5297,#3531,#3532);
#3033=AXIS2_PLACEMENT_3D('',#5299,#3534,#3535);
#3034=AXIS2_PLACEMENT_3D('',#5305,#3539,#3540);
#3035=AXIS2_PLACEMENT_3D('',#5308,#3543,#3544);
#3036=AXIS2_PLACEMENT_3D('',#5312,#3547,#3548);
#3037=AXIS2_PLACEMENT_3D('',#5313,#3549,#3550);
#3038=AXIS2_PLACEMENT_3D('',#5316,#3553,#3554);
#3039=AXIS2_PLACEMENT_3D('',#5317,#3555,#3556);
#3040=AXIS2_PLACEMENT_3D('',#5323,#3560,#3561);
#3041=AXIS2_PLACEMENT_3D('',#5329,#3565,#3566);
#3042=AXIS2_PLACEMENT_3D('',#5332,#3569,#3570);
#3043=AXIS2_PLACEMENT_3D('',#5333,#3571,#3572);
#3044=AXIS2_PLACEMENT_3D('',#5336,#3573,#3574);
#3045=AXIS2_PLACEMENT_3D('',#5340,#3576,#3577);
#3046=AXIS2_PLACEMENT_3D('',#5342,#3579,#3580);
#3047=AXIS2_PLACEMENT_3D('',#5348,#3583,#3584);
#3048=AXIS2_PLACEMENT_3D('',#5350,#3586,#3587);
#3049=AXIS2_PLACEMENT_3D('',#5367,#3596,#3597);
#3050=AXIS2_PLACEMENT_3D('',#5369,#3599,#3600);
#3051=AXIS2_PLACEMENT_3D('',#5375,#3604,#3605);
#3052=AXIS2_PLACEMENT_3D('',#5379,#3608,#3609);
#3053=AXIS2_PLACEMENT_3D('',#5383,#3612,#3613);
#3054=AXIS2_PLACEMENT_3D('',#5385,#3614,#3615);
#3055=AXIS2_PLACEMENT_3D('',#5387,#3617,#3618);
#3056=AXIS2_PLACEMENT_3D('',#5390,#3620,#3621);
#3057=AXIS2_PLACEMENT_3D('',#5391,#3622,#3623);
#3058=AXIS2_PLACEMENT_3D('',#5395,#3626,#3627);
#3059=AXIS2_PLACEMENT_3D('',#5399,#3630,#3631);
#3060=AXIS2_PLACEMENT_3D('',#5403,#3634,#3635);
#3061=AXIS2_PLACEMENT_3D('',#5405,#3637,#3638);
#3062=AXIS2_PLACEMENT_3D('',#5407,#3640,#3641);
#3063=AXIS2_PLACEMENT_3D('',#5408,#3642,#3643);
#3064=AXIS2_PLACEMENT_3D('',#5410,#3644,#3645);
#3065=AXIS2_PLACEMENT_3D('',#5421,#3647,#3648);
#3066=AXIS2_PLACEMENT_3D('',#5422,#3649,#3650);
#3067=AXIS2_PLACEMENT_3D('',#5423,#3651,#3652);
#3068=AXIS2_PLACEMENT_3D('',#5427,#3654,#3655);
#3069=AXIS2_PLACEMENT_3D('',#5431,#3658,#3659);
#3070=AXIS2_PLACEMENT_3D('',#5435,#3661,#3662);
#3071=AXIS2_PLACEMENT_3D('',#5438,#3664,#3665);
#3072=AXIS2_PLACEMENT_3D('',#5439,#3666,#3667);
#3073=AXIS2_PLACEMENT_3D('',#5441,#3668,#3669);
#3074=AXIS2_PLACEMENT_3D('',#5445,#3672,#3673);
#3075=AXIS2_PLACEMENT_3D('',#5447,#3674,#3675);
#3076=AXIS2_PLACEMENT_3D('',#5449,#3677,#3678);
#3077=AXIS2_PLACEMENT_3D('',#5453,#3681,#3682);
#3078=AXIS2_PLACEMENT_3D('',#5454,#3683,#3684);
#3079=AXIS2_PLACEMENT_3D('',#5455,#3685,#3686);
#3080=AXIS2_PLACEMENT_3D('',#5457,#3687,#3688);
#3081=AXIS2_PLACEMENT_3D('',#5463,#3691,#3692);
#3082=AXIS2_PLACEMENT_3D('',#5468,#3696,#3697);
#3083=AXIS2_PLACEMENT_3D('',#5469,#3698,#3699);
#3084=AXIS2_PLACEMENT_3D('',#5473,#3701,#3702);
#3085=AXIS2_PLACEMENT_3D('',#5475,#3704,#3705);
#3086=AXIS2_PLACEMENT_3D('',#5477,#3706,#3707);
#3087=AXIS2_PLACEMENT_3D('',#5481,#3710,#3711);
#3088=AXIS2_PLACEMENT_3D('',#5483,#3713,#3714);
#3089=AXIS2_PLACEMENT_3D('',#5484,#3715,#3716);
#3090=AXIS2_PLACEMENT_3D('',#5486,#3718,#3719);
#3091=AXIS2_PLACEMENT_3D('',#5487,#3720,#3721);
#3092=AXIS2_PLACEMENT_3D('',#5491,#3724,#3725);
#3093=AXIS2_PLACEMENT_3D('',#5495,#3727,#3728);
#3094=AXIS2_PLACEMENT_3D('',#5497,#3730,#3731);
#3095=AXIS2_PLACEMENT_3D('',#5501,#3734,#3735);
#3096=AXIS2_PLACEMENT_3D('',#5503,#3736,#3737);
#3097=AXIS2_PLACEMENT_3D('',#5505,#3739,#3740);
#3098=AXIS2_PLACEMENT_3D('',#5507,#3742,#3743);
#3099=AXIS2_PLACEMENT_3D('',#5510,#3745,#3746);
#3100=AXIS2_PLACEMENT_3D('',#5511,#3747,#3748);
#3101=AXIS2_PLACEMENT_3D('',#5515,#3751,#3752);
#3102=AXIS2_PLACEMENT_3D('',#5518,#3754,#3755);
#3103=AXIS2_PLACEMENT_3D('',#5519,#3756,#3757);
#3104=AXIS2_PLACEMENT_3D('',#5523,#3760,#3761);
#3105=AXIS2_PLACEMENT_3D('',#5526,#3763,#3764);
#3106=AXIS2_PLACEMENT_3D('',#5527,#3765,#3766);
#3107=AXIS2_PLACEMENT_3D('',#5531,#3769,#3770);
#3108=AXIS2_PLACEMENT_3D('',#5532,#3771,#3772);
#3109=AXIS2_PLACEMENT_3D('',#5533,#3773,#3774);
#3110=AXIS2_PLACEMENT_3D('',#5534,#3775,#3776);
#3111=AXIS2_PLACEMENT_3D('',#5538,#3778,#3779);
#3112=AXIS2_PLACEMENT_3D('',#5540,#3781,#3782);
#3113=AXIS2_PLACEMENT_3D('',#5544,#3785,#3786);
#3114=AXIS2_PLACEMENT_3D('',#5546,#3787,#3788);
#3115=AXIS2_PLACEMENT_3D('',#5548,#3790,#3791);
#3116=AXIS2_PLACEMENT_3D('',#5550,#3793,#3794);
#3117=AXIS2_PLACEMENT_3D('',#5556,#3798,#3799);
#3118=AXIS2_PLACEMENT_3D('',#5559,#3801,#3802);
#3119=AXIS2_PLACEMENT_3D('',#5560,#3803,#3804);
#3120=AXIS2_PLACEMENT_3D('',#5564,#3807,#3808);
#3121=AXIS2_PLACEMENT_3D('',#5565,#3809,#3810);
#3122=AXIS2_PLACEMENT_3D('',#5566,#3811,#3812);
#3123=AXIS2_PLACEMENT_3D('',#5569,#3814,#3815);
#3124=AXIS2_PLACEMENT_3D('',#5570,#3816,#3817);
#3125=AXIS2_PLACEMENT_3D('',#5574,#3820,#3821);
#3126=AXIS2_PLACEMENT_3D('',#5575,#3822,#3823);
#3127=AXIS2_PLACEMENT_3D('',#5576,#3824,#3825);
#3128=AXIS2_PLACEMENT_3D('',#5577,#3826,#3827);
#3129=AXIS2_PLACEMENT_3D('',#5596,#3830,#3831);
#3130=AXIS2_PLACEMENT_3D('',#5603,#3833,#3834);
#3131=AXIS2_PLACEMENT_3D('',#5620,#3836,#3837);
#3132=AXIS2_PLACEMENT_3D('',#5637,#3839,#3840);
#3133=AXIS2_PLACEMENT_3D('',#5680,#3842,#3843);
#3134=AXIS2_PLACEMENT_3D('',#5709,#3844,#3845);
#3135=AXIS2_PLACEMENT_3D('',#5741,#3846,#3847);
#3136=AXIS2_PLACEMENT_3D('',#5742,#3848,#3849);
#3137=AXIS2_PLACEMENT_3D('',#5752,#3850,#3851);
#3138=AXIS2_PLACEMENT_3D('',#5753,#3852,#3853);
#3139=AXIS2_PLACEMENT_3D('',#5765,#3854,#3855);
#3140=AXIS2_PLACEMENT_3D('',#5767,#3856,#3857);
#3141=AXIS2_PLACEMENT_3D('',#5769,#3858,#3859);
#3142=AXIS2_PLACEMENT_3D('',#5770,#3860,#3861);
#3143=AXIS2_PLACEMENT_3D('',#5771,#3862,#3863);
#3144=AXIS2_PLACEMENT_3D('',#5774,#3864,#3865);
#3145=AXIS2_PLACEMENT_3D('',#5787,#3868,#3869);
#3146=AXIS2_PLACEMENT_3D('',#5788,#3870,#3871);
#3147=AXIS2_PLACEMENT_3D('',#5789,#3872,#3873);
#3148=AXIS2_PLACEMENT_3D('',#5790,#3874,#3875);
#3149=AXIS2_PLACEMENT_3D('',#5792,#3876,#3877);
#3150=AXIS2_PLACEMENT_3D('',#5805,#3879,#3880);
#3151=AXIS2_PLACEMENT_3D('',#5806,#3881,#3882);
#3152=AXIS2_PLACEMENT_3D('',#5807,#3883,#3884);
#3153=AXIS2_PLACEMENT_3D('',#5808,#3885,#3886);
#3154=AXIS2_PLACEMENT_3D('',#5811,#3887,#3888);
#3155=AXIS2_PLACEMENT_3D('',#5825,#3891,#3892);
#3156=AXIS2_PLACEMENT_3D('',#5826,#3893,#3894);
#3157=AXIS2_PLACEMENT_3D('',#5827,#3895,#3896);
#3158=AXIS2_PLACEMENT_3D('',#5828,#3897,#3898);
#3159=AXIS2_PLACEMENT_3D('',#5831,#3901,#3902);
#3160=AXIS2_PLACEMENT_3D('',#5876,#3905,#3906);
#3161=AXIS2_PLACEMENT_3D('',#5916,#3908,#3909);
#3162=AXIS2_PLACEMENT_3D('',#5927,#3911,#3912);
#3163=AXIS2_PLACEMENT_3D('',#5942,#3914,#3915);
#3164=AXIS2_PLACEMENT_3D('',#6074,#3916,#3917);
#3165=AXIS2_PLACEMENT_3D('',#6075,#3918,#3919);
#3166=AXIS2_PLACEMENT_3D('',#6077,#3921,#3922);
#3167=DIRECTION('axis',(0.,0.,1.));
#3168=DIRECTION('refdir',(1.,0.,0.));
#3169=DIRECTION('center_axis',(-1.,0.,0.));
#3170=DIRECTION('ref_axis',(0.,0.,1.));
#3171=DIRECTION('',(0.,1.,0.));
#3172=DIRECTION('',(0.,-2.62580213648835E-19,-1.));
#3173=DIRECTION('',(0.,-1.,0.));
#3174=DIRECTION('',(0.,2.62580213648834E-19,1.));
#3175=DIRECTION('center_axis',(-9.71445146547049E-17,-1.,2.62580213648835E-19));
#3176=DIRECTION('ref_axis',(5.20417042793041E-17,2.6258021364883E-19,1.));
#3177=DIRECTION('',(-1.,9.71445146547049E-17,0.));
#3178=DIRECTION('',(-2.35573817376913E-35,2.62580213648835E-19,1.));
#3179=DIRECTION('',(1.,-9.71445146547049E-17,-5.20417042793041E-17));
#3180=DIRECTION('',(-5.20417042793041E-17,-2.6258021364883E-19,-1.));
#3181=DIRECTION('',(1.,-9.71445146547049E-17,-5.20417042793041E-17));
#3182=DIRECTION('',(-2.35573817376913E-35,2.62580213648835E-19,1.));
#3183=DIRECTION('',(1.,-9.71445146547049E-17,0.));
#3184=DIRECTION('center_axis',(0.,0.,1.));
#3185=DIRECTION('ref_axis',(3.70103432076753E-62,1.,0.));
#3186=DIRECTION('',(-8.97149918889015E-17,1.,0.));
#3187=DIRECTION('',(1.,-9.71445146547049E-17,0.));
#3188=DIRECTION('center_axis',(9.71445146547049E-17,1.,-2.62580213648834E-19));
#3189=DIRECTION('ref_axis',(-5.55111512312577E-17,-2.62580213648829E-19,
-1.));
#3190=DIRECTION('',(-1.,9.71445146547049E-17,5.55111512312577E-17));
#3191=DIRECTION('',(2.35573817376912E-35,-2.62580213648834E-19,-1.));
#3192=DIRECTION('',(-1.,9.71445146547049E-17,0.));
#3193=DIRECTION('',(2.35573817376912E-35,-2.62580213648834E-19,-1.));
#3194=DIRECTION('',(1.,-9.71445146547049E-17,-5.55111512312577E-17));
#3195=DIRECTION('',(5.55111512312577E-17,2.62580213648829E-19,1.));
#3196=DIRECTION('center_axis',(0.,0.,-1.));
#3197=DIRECTION('ref_axis',(0.,-1.,0.));
#3198=DIRECTION('',(8.97149918889015E-17,-1.,0.));
#3199=DIRECTION('center_axis',(1.,8.97149918889015E-17,0.));
#3200=DIRECTION('ref_axis',(-8.97149918889015E-17,1.,0.));
#3201=DIRECTION('',(-8.97149918889015E-17,1.,0.));
#3202=DIRECTION('',(0.,0.,-1.));
#3203=DIRECTION('',(8.97149918889015E-17,-1.,0.));
#3204=DIRECTION('',(0.,0.,1.));
#3205=DIRECTION('',(-8.97149918889015E-17,1.,0.));
#3206=DIRECTION('',(0.,0.,-1.));
#3207=DIRECTION('',(8.97149918889015E-17,-1.,0.));
#3208=DIRECTION('',(0.,0.,1.));
#3209=DIRECTION('',(-8.97149918889015E-17,1.,0.));
#3210=DIRECTION('',(0.,0.,1.));
#3211=DIRECTION('',(0.,0.,1.));
#3212=DIRECTION('center_axis',(-1.,-8.97149918889015E-17,0.));
#3213=DIRECTION('ref_axis',(9.71445146547048E-17,1.,-1.38804136099509E-15));
#3214=DIRECTION('',(8.97149918889015E-17,-1.,2.62580213648824E-19));
#3215=DIRECTION('center_axis',(-1.,-8.97149918889015E-17,0.));
#3216=DIRECTION('ref_axis',(-5.55111512312577E-17,-2.62580213648829E-19,
-1.));
#3217=DIRECTION('',(-2.35573817376912E-35,2.62580213648834E-19,1.));
#3218=DIRECTION('center_axis',(-1.,-8.97149918889015E-17,0.));
#3219=DIRECTION('ref_axis',(-9.71445146547048E-17,-1.,1.38804136099509E-15));
#3220=DIRECTION('',(-8.97149918889015E-17,1.,-2.62580213648824E-19));
#3221=DIRECTION('center_axis',(-1.,-8.97149918889015E-17,0.));
#3222=DIRECTION('ref_axis',(5.55111512312577E-17,2.62580213648829E-19,1.));
#3223=DIRECTION('center_axis',(-1.,-8.97149918889015E-17,0.));
#3224=DIRECTION('ref_axis',(-9.71445146547048E-17,-1.,1.38804136099509E-15));
#3225=DIRECTION('',(-8.97149918889015E-17,1.,-2.62580213648825E-19));
#3226=DIRECTION('center_axis',(-1.,-8.97149918889015E-17,0.));
#3227=DIRECTION('ref_axis',(5.20417042793041E-17,2.6258021364883E-19,1.));
#3228=DIRECTION('',(2.35573817376913E-35,-2.62580213648835E-19,-1.));
#3229=DIRECTION('center_axis',(-1.,-8.97149918889015E-17,0.));
#3230=DIRECTION('ref_axis',(9.71445146547048E-17,1.,-1.38804136099509E-15));
#3231=DIRECTION('',(8.97149918889015E-17,-1.,2.62580213648825E-19));
#3232=DIRECTION('center_axis',(-1.,-8.97149918889015E-17,0.));
#3233=DIRECTION('ref_axis',(-5.20417042793041E-17,-2.6258021364883E-19,
-1.));
#3234=DIRECTION('',(0.,0.,1.));
#3235=DIRECTION('',(-8.97149918889015E-17,1.,0.));
#3236=DIRECTION('',(0.,0.,-1.));
#3237=DIRECTION('',(8.97149918889015E-17,-1.,0.));
#3238=DIRECTION('center_axis',(5.27355936696952E-16,-1.1645776935391E-15,
-1.));
#3239=DIRECTION('ref_axis',(-1.,-2.60902410786911E-15,-5.27355936696949E-16));
#3240=DIRECTION('',(-5.27355936696952E-16,1.1645776935391E-15,1.));
#3241=DIRECTION('center_axis',(-3.63408647587989E-16,8.1359166697989E-16,
1.));
#3242=DIRECTION('ref_axis',(-1.,-2.60902410786911E-15,-5.27355936696949E-16));
#3243=DIRECTION('',(5.27355936696952E-16,-1.1645776935391E-15,-1.));
#3244=DIRECTION('center_axis',(-8.3266726846886E-16,1.,-1.1645776935391E-15));
#3245=DIRECTION('ref_axis',(1.,8.32667268468861E-16,3.63408647587988E-16));
#3246=DIRECTION('',(-1.,-8.32667268468861E-16,-3.63408647587988E-16));
#3247=DIRECTION('center_axis',(-8.3266726846886E-16,1.,-1.1645776935391E-15));
#3248=DIRECTION('ref_axis',(0.707106781186547,-2.34696112313676E-16,-0.707106781186548));
#3249=DIRECTION('center_axis',(3.63408647587989E-16,-8.1359166697989E-16,
-1.));
#3250=DIRECTION('ref_axis',(1.,8.32667268468861E-16,3.63408647587988E-16));
#3251=DIRECTION('center_axis',(-3.63408647587989E-16,8.1359166697989E-16,
1.));
#3252=DIRECTION('ref_axis',(1.77635683940025E-15,1.,0.));
#3253=DIRECTION('',(-1.,0.,-3.63408647587989E-16));
#3254=DIRECTION('',(-8.3266726846886E-16,1.,-8.1359166697989E-16));
#3255=DIRECTION('center_axis',(8.3266726846886E-16,-1.,8.1359166697989E-16));
#3256=DIRECTION('ref_axis',(0.707106781186547,-2.34696112313676E-16,-0.707106781186548));
#3257=DIRECTION('center_axis',(0.,1.,0.));
#3258=DIRECTION('ref_axis',(0.707106781186547,-2.34696112313676E-16,-0.707106781186548));
#3259=DIRECTION('center_axis',(5.82867087928205E-16,-3.1571967262777E-16,
1.));
#3260=DIRECTION('ref_axis',(-9.4368957093139E-16,-1.,-3.1571967262777E-16));
#3261=DIRECTION('',(-5.82867087928205E-16,3.1571967262777E-16,-1.));
#3262=DIRECTION('center_axis',(0.,0.,1.));
#3263=DIRECTION('ref_axis',(-9.4368957093139E-16,-1.,-3.1571967262777E-16));
#3264=DIRECTION('',(-5.82867087928205E-16,3.1571967262777E-16,-1.));
#3265=DIRECTION('center_axis',(0.,0.,1.));
#3266=DIRECTION('ref_axis',(-9.4368957093139E-16,-1.,-3.1571967262777E-16));
#3267=DIRECTION('',(5.82867087928205E-16,-3.1571967262777E-16,1.));
#3268=DIRECTION('center_axis',(-8.32667268468864E-16,1.,3.15719672627771E-16));
#3269=DIRECTION('ref_axis',(-1.,-8.32667268468864E-16,5.82867087928205E-16));
#3270=DIRECTION('',(1.,8.32667268468864E-16,0.));
#3271=DIRECTION('',(-3.15719672627771E-16,-3.15719672627771E-16,1.));
#3272=DIRECTION('',(1.,8.32667268468864E-16,0.));
#3273=DIRECTION('center_axis',(0.,0.,1.));
#3274=DIRECTION('ref_axis',(1.77635683940025E-15,1.,0.));
#3275=DIRECTION('center_axis',(0.,0.,-1.));
#3276=DIRECTION('ref_axis',(1.77635683940025E-15,1.,0.));
#3277=DIRECTION('',(0.,0.,1.));
#3278=DIRECTION('center_axis',(0.,0.,-1.));
#3279=DIRECTION('ref_axis',(1.,0.,0.));
#3280=DIRECTION('',(0.,0.,-1.));
#3281=DIRECTION('',(0.,0.,1.));
#3282=DIRECTION('',(0.,0.,-1.));
#3283=DIRECTION('center_axis',(0.,0.,-1.));
#3284=DIRECTION('ref_axis',(1.,0.,0.));
#3285=DIRECTION('center_axis',(0.,-1.,0.));
#3286=DIRECTION('ref_axis',(-1.,0.,0.));
#3287=DIRECTION('',(0.,0.,-1.));
#3288=DIRECTION('center_axis',(-0.00918777308950462,-0.99995779152205,0.));
#3289=DIRECTION('ref_axis',(-0.99995779152205,0.00918777308950462,0.));
#3290=DIRECTION('',(-0.99995779152205,0.00918777308950461,0.));
#3291=DIRECTION('center_axis',(-1.,-1.23259516440783E-32,-1.83302583232072E-33));
#3292=DIRECTION('ref_axis',(0.,0.703150687287774,-0.711040864484406));
#3293=DIRECTION('center_axis',(0.,1.,0.));
#3294=DIRECTION('ref_axis',(0.,0.,-1.));
#3295=DIRECTION('center_axis',(1.,1.23259516440783E-32,1.83302583232072E-33));
#3296=DIRECTION('ref_axis',(-7.36364509757395E-33,0.703150687287774,-0.711040864484406));
#3297=DIRECTION('center_axis',(-1.23259516440783E-32,1.,0.));
#3298=DIRECTION('ref_axis',(-0.707106781186547,0.,0.707106781186547));
#3299=DIRECTION('',(-1.23259516440783E-32,1.,0.));
#3300=DIRECTION('center_axis',(0.,-1.,0.));
#3301=DIRECTION('ref_axis',(0.,0.,1.));
#3302=DIRECTION('',(1.23259516440783E-32,-1.,0.));
#3303=DIRECTION('center_axis',(1.,1.23259516440783E-32,1.83302583232072E-33));
#3304=DIRECTION('ref_axis',(-9.97035764244774E-33,0.703150687288025,0.711040864484158));
#3305=DIRECTION('center_axis',(-1.,-1.23259516440783E-32,-1.83302583232072E-33));
#3306=DIRECTION('ref_axis',(0.,0.703150687288025,0.711040864484158));
#3307=DIRECTION('center_axis',(1.23259516440783E-32,-1.,0.));
#3308=DIRECTION('ref_axis',(-0.707106781186547,0.,-0.707106781186547));
#3309=DIRECTION('',(-1.23259516440783E-32,1.,0.));
#3310=DIRECTION('',(1.23259516440783E-32,-1.,0.));
#3311=DIRECTION('center_axis',(-1.,-1.23259516440783E-32,-1.83302583232072E-33));
#3312=DIRECTION('ref_axis',(1.23259516440783E-32,-1.,0.));
#3313=DIRECTION('center_axis',(-1.,-1.23259516440783E-32,-1.83302583232072E-33));
#3314=DIRECTION('ref_axis',(0.,-2.69144975666705E-15,1.));
#3315=DIRECTION('center_axis',(-1.,0.,0.));
#3316=DIRECTION('ref_axis',(0.,-2.69144975666705E-15,1.));
#3317=DIRECTION('',(1.,0.,0.));
#3318=DIRECTION('center_axis',(-1.,-8.97149918889015E-17,0.));
#3319=DIRECTION('ref_axis',(0.,-2.69144975666705E-15,1.));
#3320=DIRECTION('',(-1.,0.,0.));
#3321=DIRECTION('center_axis',(0.,0.,-1.));
#3322=DIRECTION('ref_axis',(0.,-1.,0.));
#3323=DIRECTION('',(-1.,0.,0.));
#3324=DIRECTION('',(-8.97149918889015E-17,1.,0.));
#3325=DIRECTION('center_axis',(-1.,0.,0.));
#3326=DIRECTION('ref_axis',(0.,1.,0.));
#3327=DIRECTION('',(-1.,0.,0.));
#3328=DIRECTION('center_axis',(1.,8.97149918889015E-17,0.));
#3329=DIRECTION('ref_axis',(0.,1.,0.));
#3330=DIRECTION('center_axis',(-1.,0.,0.));
#3331=DIRECTION('ref_axis',(0.,0.,1.));
#3332=DIRECTION('',(-1.,0.,0.));
#3333=DIRECTION('center_axis',(1.,8.97149918889015E-17,0.));
#3334=DIRECTION('ref_axis',(0.,0.,1.));
#3335=DIRECTION('center_axis',(0.,0.,1.));
#3336=DIRECTION('ref_axis',(0.,1.,0.));
#3337=DIRECTION('',(8.97149918889015E-17,-1.,0.));
#3338=DIRECTION('center_axis',(-1.,1.23259516440783E-32,4.49557805471685E-34));
#3339=DIRECTION('ref_axis',(0.,-0.703150687287951,0.71104086448423));
#3340=DIRECTION('center_axis',(0.,-1.,1.66533453693774E-16));
#3341=DIRECTION('ref_axis',(0.,1.66533453693774E-16,1.));
#3342=DIRECTION('center_axis',(1.,-1.23259516440783E-32,-4.49557805471685E-34));
#3343=DIRECTION('ref_axis',(-8.3473473993735E-33,-0.703150687287951,0.71104086448423));
#3344=DIRECTION('center_axis',(1.23259516440783E-32,1.,0.));
#3345=DIRECTION('ref_axis',(-0.707106781186547,0.,0.707106781186547));
#3346=DIRECTION('',(-1.23259516440783E-32,-1.,0.));
#3347=DIRECTION('',(1.23259516440783E-32,1.,0.));
#3348=DIRECTION('center_axis',(-1.23259516440783E-32,-1.,0.));
#3349=DIRECTION('ref_axis',(-0.707106781186547,0.,-0.707106781186547));
#3350=DIRECTION('',(-1.23259516440783E-32,-1.,0.));
#3351=DIRECTION('center_axis',(0.,1.,-2.22044604925031E-16));
#3352=DIRECTION('ref_axis',(0.,-2.22044604925031E-16,-1.));
#3353=DIRECTION('',(1.23259516440783E-32,1.,0.));
#3354=DIRECTION('center_axis',(1.,-1.23259516440783E-32,-4.49557805471685E-34));
#3355=DIRECTION('ref_axis',(-8.9866553406487E-33,-0.703150687287847,-0.711040864484333));
#3356=DIRECTION('center_axis',(-1.,1.23259516440783E-32,4.49557805471685E-34));
#3357=DIRECTION('ref_axis',(0.,-0.703150687287847,-0.711040864484334));
#3358=DIRECTION('center_axis',(0.,0.,1.));
#3359=DIRECTION('ref_axis',(0.,1.,0.));
#3360=DIRECTION('',(-1.,0.,0.));
#3361=DIRECTION('',(8.97149918889015E-17,-1.,0.));
#3362=DIRECTION('',(1.,0.,0.));
#3363=DIRECTION('center_axis',(-1.,0.,0.));
#3364=DIRECTION('ref_axis',(0.,-1.,0.));
#3365=DIRECTION('',(-1.,0.,0.));
#3366=DIRECTION('center_axis',(1.,8.97149918889015E-17,0.));
#3367=DIRECTION('ref_axis',(0.,-1.,0.));
#3368=DIRECTION('center_axis',(-1.,0.,0.));
#3369=DIRECTION('ref_axis',(0.,6.93889390390723E-16,-1.));
#3370=DIRECTION('',(-1.,0.,0.));
#3371=DIRECTION('center_axis',(1.,8.97149918889015E-17,0.));
#3372=DIRECTION('ref_axis',(0.,6.93889390390723E-16,-1.));
#3373=DIRECTION('center_axis',(0.,0.,-1.));
#3374=DIRECTION('ref_axis',(0.,-1.,0.));
#3375=DIRECTION('',(-1.,0.,0.));
#3376=DIRECTION('',(-8.97149918889015E-17,1.,0.));
#3377=DIRECTION('center_axis',(-1.,0.,0.));
#3378=DIRECTION('ref_axis',(0.,3.36431219583381E-16,-1.));
#3379=DIRECTION('center_axis',(-1.,-8.97149918889015E-17,0.));
#3380=DIRECTION('ref_axis',(0.,3.36431219583381E-16,-1.));
#3381=DIRECTION('center_axis',(-1.,1.23259516440783E-32,4.49557805471685E-34));
#3382=DIRECTION('ref_axis',(0.,3.36431219583381E-16,-1.));
#3383=DIRECTION('center_axis',(-1.,1.23259516440783E-32,4.49557805471685E-34));
#3384=DIRECTION('ref_axis',(-1.23259516440783E-32,-1.,0.));
#3385=DIRECTION('center_axis',(1.23259516440783E-32,-1.,0.));
#3386=DIRECTION('ref_axis',(-0.707106781186547,0.,-0.707106781186547));
#3387=DIRECTION('',(-1.23259516440783E-32,1.,0.));
#3388=DIRECTION('',(1.23259516440783E-32,-1.,0.));
#3389=DIRECTION('center_axis',(-1.,0.,0.));
#3390=DIRECTION('ref_axis',(0.,0.,-1.));
#3391=DIRECTION('center_axis',(-1.,-1.23259516440783E-32,-3.70059426324175E-33));
#3392=DIRECTION('ref_axis',(0.,0.,-1.));
#3393=DIRECTION('',(1.,0.,0.));
#3394=DIRECTION('center_axis',(-1.,-8.97149918889015E-17,0.));
#3395=DIRECTION('ref_axis',(0.,0.,-1.));
#3396=DIRECTION('',(-1.,0.,0.));
#3397=DIRECTION('center_axis',(-1.,-1.23259516440783E-32,-3.70059426324175E-33));
#3398=DIRECTION('ref_axis',(1.23259516440783E-32,-1.,0.));
#3399=DIRECTION('center_axis',(-1.,-1.23259516440783E-32,-3.70059426324175E-33));
#3400=DIRECTION('ref_axis',(0.,-6.72862439166762E-16,1.));
#3401=DIRECTION('',(1.23259516440783E-32,-1.,0.));
#3402=DIRECTION('center_axis',(-1.23259516440783E-32,1.,0.));
#3403=DIRECTION('ref_axis',(-0.707106781186547,0.,0.707106781186547));
#3404=DIRECTION('',(-1.23259516440783E-32,1.,0.));
#3405=DIRECTION('center_axis',(-1.,0.,0.));
#3406=DIRECTION('ref_axis',(0.,-6.72862439166762E-16,1.));
#3407=DIRECTION('',(1.,0.,0.));
#3408=DIRECTION('center_axis',(-1.,-8.97149918889015E-17,0.));
#3409=DIRECTION('ref_axis',(0.,-6.72862439166762E-16,1.));
#3410=DIRECTION('',(-1.,0.,0.));
#3411=DIRECTION('center_axis',(0.,0.,-1.));
#3412=DIRECTION('ref_axis',(0.,-1.,0.));
#3413=DIRECTION('',(-8.97149918889015E-17,1.,0.));
#3414=DIRECTION('center_axis',(0.,0.,1.));
#3415=DIRECTION('ref_axis',(0.,1.,0.));
#3416=DIRECTION('',(8.97149918889015E-17,-1.,0.));
#3417=DIRECTION('center_axis',(0.,0.,1.));
#3418=DIRECTION('ref_axis',(-0.707106781186546,-0.707106781186549,0.));
#3419=DIRECTION('',(0.,0.,-1.));
#3420=DIRECTION('center_axis',(0.,0.707106781186547,0.707106781186548));
#3421=DIRECTION('ref_axis',(0.,0.707106781186548,-0.707106781186547));
#3422=DIRECTION('',(0.,0.,1.));
#3423=DIRECTION('center_axis',(3.92523114670945E-16,-0.707106781186547,
0.707106781186548));
#3424=DIRECTION('ref_axis',(2.65646956393468E-16,0.707106781186548,0.707106781186547));
#3425=DIRECTION('center_axis',(0.,0.,-1.));
#3426=DIRECTION('ref_axis',(-0.707106781186546,0.707106781186549,0.));
#3427=DIRECTION('',(0.,0.,1.));
#3428=DIRECTION('center_axis',(3.92523114670946E-16,-0.707106781186547,
-0.707106781186548));
#3429=DIRECTION('ref_axis',(3.92523114670946E-16,-0.707106781186548,0.707106781186547));
#3430=DIRECTION('',(0.,0.,-1.));
#3431=DIRECTION('center_axis',(-1.57009245868377E-15,-0.707106781186546,
0.707106781186549));
#3432=DIRECTION('ref_axis',(1.57009245868378E-15,0.707106781186549,0.707106781186546));
#3433=DIRECTION('center_axis',(8.97149918889015E-17,-1.,0.));
#3434=DIRECTION('ref_axis',(-0.707106781186549,0.,-0.707106781186546));
#3435=DIRECTION('',(8.97149918889015E-17,-1.,0.));
#3436=DIRECTION('',(-8.97149918889015E-17,1.,0.));
#3437=DIRECTION('center_axis',(-8.97149918889015E-17,1.,0.));
#3438=DIRECTION('ref_axis',(-0.707106781186549,0.,0.707106781186546));
#3439=DIRECTION('',(8.97149918889015E-17,-1.,0.));
#3440=DIRECTION('',(-8.97149918889015E-17,1.,0.));
#3441=DIRECTION('center_axis',(0.,0.,-1.));
#3442=DIRECTION('ref_axis',(0.,1.,0.));
#3443=DIRECTION('',(1.,0.,0.));
#3444=DIRECTION('',(1.,0.,0.));
#3445=DIRECTION('center_axis',(0.,-1.,0.));
#3446=DIRECTION('ref_axis',(0.,0.,-1.));
#3447=DIRECTION('',(1.,0.,0.));
#3448=DIRECTION('center_axis',(-1.,-8.97149918889015E-17,0.));
#3449=DIRECTION('ref_axis',(8.97149918889015E-17,-1.,0.));
#3450=DIRECTION('',(-8.97149918889015E-17,1.,0.));
#3451=DIRECTION('',(0.,0.,1.));
#3452=DIRECTION('',(0.,0.,1.));
#3453=DIRECTION('center_axis',(1.,8.97149918889015E-17,0.));
#3454=DIRECTION('ref_axis',(5.2041704279304E-17,-1.20247902979694E-15,1.));
#3455=DIRECTION('',(8.97149918889015E-17,-1.,1.39040458291793E-16));
#3456=DIRECTION('center_axis',(1.,8.97149918889015E-17,0.));
#3457=DIRECTION('ref_axis',(-5.20417042793041E-17,1.84774590557211E-16,
-1.));
#3458=DIRECTION('',(-8.97149918889015E-17,1.,-2.62580213648825E-19));
#3459=DIRECTION('center_axis',(1.,8.97149918889015E-17,0.));
#3460=DIRECTION('ref_axis',(5.55111512312576E-17,-1.20247902979694E-15,
1.));
#3461=DIRECTION('',(8.97149918889015E-17,-1.,1.39040458291793E-16));
#3462=DIRECTION('center_axis',(1.,8.97149918889015E-17,0.));
#3463=DIRECTION('ref_axis',(-5.55111512312577E-17,1.84774590557211E-16,
-1.));
#3464=DIRECTION('',(-8.97149918889015E-17,1.,-2.62580213648824E-19));
#3465=DIRECTION('center_axis',(0.,1.,0.));
#3466=DIRECTION('ref_axis',(0.,0.,1.));
#3467=DIRECTION('',(1.,0.,0.));
#3468=DIRECTION('center_axis',(0.,0.,1.));
#3469=DIRECTION('ref_axis',(0.,-1.,0.));
#3470=DIRECTION('center_axis',(0.,-1.,0.));
#3471=DIRECTION('ref_axis',(0.,0.,1.));
#3472=DIRECTION('',(0.,0.,1.));
#3473=DIRECTION('',(-1.,0.,0.));
#3474=DIRECTION('',(0.,0.,-1.));
#3475=DIRECTION('',(0.,0.,1.));
#3476=DIRECTION('center_axis',(0.,0.,-1.));
#3477=DIRECTION('ref_axis',(0.,-1.,0.));
#3478=DIRECTION('',(8.97149918889015E-17,1.,0.));
#3479=DIRECTION('',(-8.97149918889015E-17,-1.,0.));
#3480=DIRECTION('',(-1.,0.,0.));
#3481=DIRECTION('center_axis',(0.,1.,0.));
#3482=DIRECTION('ref_axis',(0.,0.,-1.));
#3483=DIRECTION('',(0.,0.,-1.));
#3484=DIRECTION('',(0.,0.,1.));
#3485=DIRECTION('',(0.,0.,-1.));
#3486=DIRECTION('center_axis',(-1.,8.97149918889015E-17,0.));
#3487=DIRECTION('ref_axis',(-8.97149918889015E-17,-1.,0.));
#3488=DIRECTION('',(0.,0.,1.));
#3489=DIRECTION('',(8.97149918889015E-17,1.,0.));
#3490=DIRECTION('',(0.,0.,1.));
#3491=DIRECTION('center_axis',(1.,-8.97149918889015E-17,0.));
#3492=DIRECTION('ref_axis',(8.97149918889015E-17,1.,0.));
#3493=DIRECTION('',(0.,0.,1.));
#3494=DIRECTION('center_axis',(1.,-8.97149918889015E-17,0.));
#3495=DIRECTION('ref_axis',(8.97149918889015E-17,1.,0.));
#3496=DIRECTION('',(0.,0.,1.));
#3497=DIRECTION('center_axis',(0.,0.,-1.));
#3498=DIRECTION('ref_axis',(1.,0.,0.));
#3499=DIRECTION('center_axis',(0.,0.,-1.));
#3500=DIRECTION('ref_axis',(1.,0.,0.));
#3501=DIRECTION('',(0.,0.,-1.));
#3502=DIRECTION('center_axis',(0.,0.,-1.));
#3503=DIRECTION('ref_axis',(1.,0.,0.));
#3504=DIRECTION('center_axis',(0.,0.,-1.));
#3505=DIRECTION('ref_axis',(1.,0.,0.));
#3506=DIRECTION('center_axis',(0.,0.,-1.));
#3507=DIRECTION('ref_axis',(1.,0.,0.));
#3508=DIRECTION('center_axis',(0.,0.,-1.));
#3509=DIRECTION('ref_axis',(1.,0.,0.));
#3510=DIRECTION('',(0.,0.,-1.));
#3511=DIRECTION('center_axis',(0.,0.,-1.));
#3512=DIRECTION('ref_axis',(1.,0.,0.));
#3513=DIRECTION('center_axis',(0.,0.,-1.));
#3514=DIRECTION('ref_axis',(1.,0.,0.));
#3515=DIRECTION('center_axis',(0.707106781186548,0.707106781186547,0.));
#3516=DIRECTION('ref_axis',(-0.707106781186547,0.707106781186548,0.));
#3517=DIRECTION('',(0.,0.,1.));
#3518=DIRECTION('',(0.707106781186547,-0.707106781186548,0.));
#3519=DIRECTION('',(0.,0.,-1.));
#3520=DIRECTION('',(-0.707106781186547,0.707106781186548,0.));
#3521=DIRECTION('center_axis',(0.999999999999939,3.49574016809511E-7,0.));
#3522=DIRECTION('ref_axis',(-3.49574016809511E-7,0.999999999999939,0.));
#3523=DIRECTION('',(3.49574016809511E-7,-0.999999999999939,0.));
#3524=DIRECTION('',(0.,0.,1.));
#3525=DIRECTION('',(-3.49574016809511E-7,0.999999999999939,0.));
#3526=DIRECTION('',(0.,0.,1.));
#3527=DIRECTION('center_axis',(0.,0.,1.));
#3528=DIRECTION('ref_axis',(-0.0597135661803062,-0.998215552881255,0.));
#3529=DIRECTION('center_axis',(0.,0.,1.));
#3530=DIRECTION('ref_axis',(-0.0597135661803062,-0.998215552881255,0.));
#3531=DIRECTION('center_axis',(0.,0.,-1.));
#3532=DIRECTION('ref_axis',(-0.0597135661803062,-0.998215552881255,0.));
#3533=DIRECTION('',(0.,0.,-1.));
#3534=DIRECTION('center_axis',(0.0150925466514161,0.9998861010313,0.));
#3535=DIRECTION('ref_axis',(-0.9998861010313,0.0150925466514161,0.));
#3536=DIRECTION('',(0.9998861010313,-0.0150925466514161,0.));
#3537=DIRECTION('',(-0.9998861010313,0.0150925466514161,0.));
#3538=DIRECTION('',(0.,0.,-1.));
#3539=DIRECTION('center_axis',(0.,1.,0.));
#3540=DIRECTION('ref_axis',(-1.,0.,0.));
#3541=DIRECTION('',(1.,0.,0.));
#3542=DIRECTION('',(-1.,0.,0.));
#3543=DIRECTION('center_axis',(0.,0.,-1.));
#3544=DIRECTION('ref_axis',(1.,0.,0.));
#3545=DIRECTION('',(-1.,0.,0.));
#3546=DIRECTION('',(-1.,0.,0.));
#3547=DIRECTION('center_axis',(0.,0.,-1.));
#3548=DIRECTION('ref_axis',(-1.,0.,0.));
#3549=DIRECTION('center_axis',(0.,1.,0.));
#3550=DIRECTION('ref_axis',(-1.,0.,0.));
#3551=DIRECTION('',(0.,0.,1.));
#3552=DIRECTION('',(-1.,0.,0.));
#3553=DIRECTION('center_axis',(0.,0.,1.));
#3554=DIRECTION('ref_axis',(-1.,0.,0.));
#3555=DIRECTION('center_axis',(-0.707106781186548,0.707106781186548,0.));
#3556=DIRECTION('ref_axis',(-0.707106781186548,-0.707106781186548,0.));
#3557=DIRECTION('',(-0.707106781186548,-0.707106781186548,0.));
#3558=DIRECTION('',(0.,0.,1.));
#3559=DIRECTION('',(0.707106781186548,0.707106781186548,0.));
#3560=DIRECTION('center_axis',(-4.2931967796011E-13,1.,0.));
#3561=DIRECTION('ref_axis',(-1.,-4.2931967796011E-13,0.));
#3562=DIRECTION('',(1.,4.2931967796011E-13,0.));
#3563=DIRECTION('',(-1.,-4.2931967796011E-13,0.));
#3564=DIRECTION('',(0.,0.,-1.));
#3565=DIRECTION('center_axis',(1.,0.,0.));
#3566=DIRECTION('ref_axis',(0.,1.,0.));
#3567=DIRECTION('',(0.,-1.,0.));
#3568=DIRECTION('',(0.,1.,0.));
#3569=DIRECTION('center_axis',(0.,0.,-1.));
#3570=DIRECTION('ref_axis',(1.,0.,0.));
#3571=DIRECTION('center_axis',(0.,0.,-1.));
#3572=DIRECTION('ref_axis',(-0.707106781186548,0.707106781186548,0.));
#3573=DIRECTION('center_axis',(0.,0.,-1.));
#3574=DIRECTION('ref_axis',(-0.707106781186548,0.707106781186548,0.));
#3575=DIRECTION('',(0.,0.,-1.));
#3576=DIRECTION('center_axis',(0.,0.,-1.));
#3577=DIRECTION('ref_axis',(-0.707106781186548,0.707106781186548,0.));
#3578=DIRECTION('',(0.,0.,1.));
#3579=DIRECTION('center_axis',(0.,1.,0.));
#3580=DIRECTION('ref_axis',(1.,0.,0.));
#3581=DIRECTION('',(-1.,0.,0.));
#3582=DIRECTION('',(0.,0.,-1.));
#3583=DIRECTION('center_axis',(0.,-1.,0.));
#3584=DIRECTION('ref_axis',(0.707106781186549,0.,-0.707106781186546));
#3585=DIRECTION('',(1.,0.,0.));
#3586=DIRECTION('center_axis',(0.,0.,-1.));
#3587=DIRECTION('ref_axis',(1.,0.,0.));
#3588=DIRECTION('',(0.,-1.,0.));
#3589=DIRECTION('',(0.,-1.,0.));
#3590=DIRECTION('',(1.,4.2931967796011E-13,0.));
#3591=DIRECTION('',(0.707106781186547,0.707106781186547,0.));
#3592=DIRECTION('',(-0.999999955816715,0.000297265147389135,0.));
#3593=DIRECTION('',(-0.707106781186547,0.707106781186548,0.));
#3594=DIRECTION('',(1.,0.,0.));
#3595=DIRECTION('',(6.60870521107572E-16,1.,0.));
#3596=DIRECTION('center_axis',(0.,0.,-1.));
#3597=DIRECTION('ref_axis',(-5.92118946466752E-15,1.,0.));
#3598=DIRECTION('',(-1.,0.,0.));
#3599=DIRECTION('center_axis',(0.707106781186548,0.707106781186547,0.));
#3600=DIRECTION('ref_axis',(0.707106781186547,-0.707106781186548,0.));
#3601=DIRECTION('',(0.707106781186547,-0.707106781186548,0.));
#3602=DIRECTION('',(0.,0.,-1.));
#3603=DIRECTION('',(0.,0.,-1.));
#3604=DIRECTION('center_axis',(0.,1.,0.));
#3605=DIRECTION('ref_axis',(1.,0.,0.));
#3606=DIRECTION('',(1.,0.,0.));
#3607=DIRECTION('',(0.,0.,-1.));
#3608=DIRECTION('center_axis',(1.,-6.60870521107572E-16,0.));
#3609=DIRECTION('ref_axis',(-6.60870521107572E-16,-1.,0.));
#3610=DIRECTION('',(-6.60870521107572E-16,-1.,0.));
#3611=DIRECTION('',(0.,0.,-1.));
#3612=DIRECTION('center_axis',(0.,0.,-1.));
#3613=DIRECTION('ref_axis',(-5.92118946466752E-15,1.,0.));
#3614=DIRECTION('center_axis',(0.,0.,-1.));
#3615=DIRECTION('ref_axis',(-5.92118946466752E-15,1.,0.));
#3616=DIRECTION('',(0.,0.,-1.));
#3617=DIRECTION('center_axis',(0.,1.,0.));
#3618=DIRECTION('ref_axis',(1.,0.,0.));
#3619=DIRECTION('',(1.,0.,0.));
#3620=DIRECTION('center_axis',(0.,-1.,0.));
#3621=DIRECTION('ref_axis',(-0.707106781186549,0.,-0.707106781186546));
#3622=DIRECTION('center_axis',(-1.,0.,0.));
#3623=DIRECTION('ref_axis',(0.,1.,0.));
#3624=DIRECTION('',(0.,1.,0.));
#3625=DIRECTION('',(0.,0.,-1.));
#3626=DIRECTION('center_axis',(-4.2931967796011E-13,1.,0.));
#3627=DIRECTION('ref_axis',(1.,4.2931967796011E-13,0.));
#3628=DIRECTION('',(1.,4.2931967796011E-13,0.));
#3629=DIRECTION('',(0.,0.,-1.));
#3630=DIRECTION('center_axis',(-0.707106781186548,0.707106781186548,0.));
#3631=DIRECTION('ref_axis',(0.707106781186548,0.707106781186548,0.));
#3632=DIRECTION('',(0.707106781186548,0.707106781186548,0.));
#3633=DIRECTION('',(0.,0.,-1.));
#3634=DIRECTION('center_axis',(0.000297265147389135,0.999999955816715,0.));
#3635=DIRECTION('ref_axis',(0.999999955816715,-0.000297265147389135,0.));
#3636=DIRECTION('',(0.999999955816715,-0.000297265147389135,0.));
#3637=DIRECTION('center_axis',(1.,0.,0.));
#3638=DIRECTION('ref_axis',(0.,-1.,0.));
#3639=DIRECTION('',(-8.97149918889015E-17,-1.,0.));
#3640=DIRECTION('center_axis',(8.97149918889015E-17,1.,0.));
#3641=DIRECTION('ref_axis',(0.707106781186549,0.,-0.707106781186546));
#3642=DIRECTION('center_axis',(-2.96059473233374E-15,1.,0.));
#3643=DIRECTION('ref_axis',(1.,2.96059473233374E-15,0.));
#3644=DIRECTION('center_axis',(0.,1.,0.));
#3645=DIRECTION('ref_axis',(1.,0.,0.));
#3646=DIRECTION('',(-8.97149918889015E-17,-1.,0.));
#3647=DIRECTION('center_axis',(0.,0.,1.));
#3648=DIRECTION('ref_axis',(0.707106781186548,-0.707106781186548,0.));
#3649=DIRECTION('center_axis',(0.,0.,1.));
#3650=DIRECTION('ref_axis',(-1.77635683940025E-15,-1.,0.));
#3651=DIRECTION('center_axis',(0.,1.,0.));
#3652=DIRECTION('ref_axis',(1.,0.,0.));
#3653=DIRECTION('',(1.,0.,0.));
#3654=DIRECTION('center_axis',(0.,-1.,0.));
#3655=DIRECTION('ref_axis',(-0.707106781186549,0.,-0.707106781186546));
#3656=DIRECTION('',(-1.,0.,0.));
#3657=DIRECTION('',(0.,0.,-1.));
#3658=DIRECTION('center_axis',(0.,0.,-1.));
#3659=DIRECTION('ref_axis',(1.,0.,0.));
#3660=DIRECTION('',(1.,0.,0.));
#3661=DIRECTION('center_axis',(0.,0.,-1.));
#3662=DIRECTION('ref_axis',(1.,-1.48029736616687E-15,0.));
#3663=DIRECTION('',(1.11022302462516E-15,1.,0.));
#3664=DIRECTION('center_axis',(0.,0.,-1.));
#3665=DIRECTION('ref_axis',(-5.92118946466753E-15,1.,0.));
#3666=DIRECTION('center_axis',(0.,-1.,0.));
#3667=DIRECTION('ref_axis',(-1.,0.,0.));
#3668=DIRECTION('center_axis',(0.,1.,0.));
#3669=DIRECTION('ref_axis',(-0.707106781186549,0.,-0.707106781186546));
#3670=DIRECTION('',(-1.,0.,0.));
#3671=DIRECTION('',(0.,0.,-1.));
#3672=DIRECTION('center_axis',(0.,0.,-1.));
#3673=DIRECTION('ref_axis',(1.,-1.48029736616687E-15,0.));
#3674=DIRECTION('center_axis',(0.,0.,-1.));
#3675=DIRECTION('ref_axis',(1.,-1.48029736616687E-15,0.));
#3676=DIRECTION('',(0.,0.,-1.));
#3677=DIRECTION('center_axis',(1.,-1.11022302462516E-15,0.));
#3678=DIRECTION('ref_axis',(-1.11022302462516E-15,-1.,0.));
#3679=DIRECTION('',(-1.11022302462516E-15,-1.,0.));
#3680=DIRECTION('',(0.,0.,-1.));
#3681=DIRECTION('center_axis',(0.,0.,-1.));
#3682=DIRECTION('ref_axis',(-5.92118946466753E-15,1.,0.));
#3683=DIRECTION('center_axis',(0.,0.,-1.));
#3684=DIRECTION('ref_axis',(-5.92118946466753E-15,1.,0.));
#3685=DIRECTION('center_axis',(0.,0.,1.));
#3686=DIRECTION('ref_axis',(-1.,0.,0.));
#3687=DIRECTION('center_axis',(0.,0.,-1.));
#3688=DIRECTION('ref_axis',(0.707106781186547,0.707106781186548,0.));
#3689=DIRECTION('',(1.,0.,0.));
#3690=DIRECTION('',(0.,-1.,0.));
#3691=DIRECTION('center_axis',(0.,0.,-1.));
#3692=DIRECTION('ref_axis',(1.,8.88178419700134E-15,0.));
#3693=DIRECTION('',(-1.,0.,0.));
#3694=DIRECTION('',(-8.97149918889015E-17,1.,0.));
#3695=DIRECTION('',(-8.97149918889015E-17,1.,0.));
#3696=DIRECTION('center_axis',(8.97149918889015E-17,-1.,0.));
#3697=DIRECTION('ref_axis',(-0.707106781186549,0.,-0.707106781186546));
#3698=DIRECTION('center_axis',(0.,0.,-1.));
#3699=DIRECTION('ref_axis',(1.,8.88178419700134E-15,0.));
#3700=DIRECTION('',(0.,0.,-1.));
#3701=DIRECTION('center_axis',(0.,0.,-1.));
#3702=DIRECTION('ref_axis',(1.,8.88178419700134E-15,0.));
#3703=DIRECTION('',(0.,0.,-1.));
#3704=DIRECTION('center_axis',(1.,0.,0.));
#3705=DIRECTION('ref_axis',(0.,-1.,0.));
#3706=DIRECTION('center_axis',(-1.,0.,0.));
#3707=DIRECTION('ref_axis',(0.,0.707106781186547,-0.707106781186548));
#3708=DIRECTION('',(0.,0.,-1.));
#3709=DIRECTION('',(0.,1.,0.));
#3710=DIRECTION('center_axis',(0.,-1.,0.));
#3711=DIRECTION('ref_axis',(-1.,0.,0.));
#3712=DIRECTION('',(1.,0.,0.));
#3713=DIRECTION('center_axis',(0.,1.,0.));
#3714=DIRECTION('ref_axis',(-0.707106781186549,0.,-0.707106781186546));
#3715=DIRECTION('center_axis',(0.,0.,-1.));
#3716=DIRECTION('ref_axis',(1.,0.,0.));
#3717=DIRECTION('',(1.,0.,0.));
#3718=DIRECTION('center_axis',(8.97149918889015E-17,-1.,0.));
#3719=DIRECTION('ref_axis',(-0.707106781186549,0.,-0.707106781186546));
#3720=DIRECTION('center_axis',(0.,-1.,0.));
#3721=DIRECTION('ref_axis',(1.,0.,0.));
#3722=DIRECTION('',(-1.,0.,0.));
#3723=DIRECTION('',(0.,0.,1.));
#3724=DIRECTION('center_axis',(-1.,9.71445146547049E-17,5.55111512312577E-17));
#3725=DIRECTION('ref_axis',(-5.55111512312577E-17,1.84774590557211E-16,
-1.));
#3726=DIRECTION('',(-1.,9.71445146547049E-17,5.55111512312577E-17));
#3727=DIRECTION('center_axis',(1.,-9.71445146547049E-17,-5.55111512312577E-17));
#3728=DIRECTION('ref_axis',(-5.55111512312577E-17,1.84774590557211E-16,
-1.));
#3729=DIRECTION('',(-1.,9.71445146547049E-17,5.55111512312577E-17));
#3730=DIRECTION('center_axis',(-5.55111512312577E-17,-2.62580213648829E-19,
-1.));
#3731=DIRECTION('ref_axis',(-9.71445146547049E-17,-1.,2.62580213648834E-19));
#3732=DIRECTION('',(9.71445146547049E-17,1.,-2.62580213648834E-19));
#3733=DIRECTION('',(-1.,9.71445146547049E-17,5.55111512312577E-17));
#3734=DIRECTION('center_axis',(-1.,9.71445146547049E-17,5.55111512312577E-17));
#3735=DIRECTION('ref_axis',(5.55111512312576E-17,-1.20247902979694E-15,
1.));
#3736=DIRECTION('center_axis',(1.,-9.71445146547049E-17,-5.55111512312577E-17));
#3737=DIRECTION('ref_axis',(5.55111512312576E-17,-1.20247902979694E-15,
1.));
#3738=DIRECTION('',(-1.,9.71445146547049E-17,5.55111512312577E-17));
#3739=DIRECTION('center_axis',(5.55111512312578E-17,1.39040458291793E-16,
1.));
#3740=DIRECTION('ref_axis',(9.71445146547049E-17,1.,-1.39040458291793E-16));
#3741=DIRECTION('',(-9.71445146547049E-17,-1.,1.39040458291793E-16));
#3742=DIRECTION('center_axis',(-1.,9.71445146547049E-17,5.55111512312577E-17));
#3743=DIRECTION('ref_axis',(5.55111512312577E-17,2.62580213648829E-19,1.));
#3744=DIRECTION('',(1.,-9.71445146547049E-17,-5.55111512312577E-17));
#3745=DIRECTION('center_axis',(1.,-9.71445146547049E-17,-5.55111512312577E-17));
#3746=DIRECTION('ref_axis',(5.55111512312577E-17,2.62580213648829E-19,1.));
#3747=DIRECTION('center_axis',(5.55111512312577E-17,2.62580213648829E-19,
1.));
#3748=DIRECTION('ref_axis',(9.71445146547049E-17,1.,-2.62580213648834E-19));
#3749=DIRECTION('',(1.,-9.71445146547049E-17,-5.55111512312577E-17));
#3750=DIRECTION('',(-9.71445146547049E-17,-1.,2.62580213648834E-19));
#3751=DIRECTION('center_axis',(-1.,9.71445146547049E-17,5.55111512312577E-17));
#3752=DIRECTION('ref_axis',(-9.71445146547048E-17,-1.,1.38804136099509E-15));
#3753=DIRECTION('',(1.,-9.71445146547049E-17,-5.55111512312577E-17));
#3754=DIRECTION('center_axis',(1.,-9.71445146547049E-17,-5.55111512312577E-17));
#3755=DIRECTION('ref_axis',(-9.71445146547048E-17,-1.,1.38804136099509E-15));
#3756=DIRECTION('center_axis',(-9.71445146547049E-17,-1.,2.62580213648834E-19));
#3757=DIRECTION('ref_axis',(5.55111512312577E-17,2.62580213648829E-19,1.));
#3758=DIRECTION('',(1.,-9.71445146547049E-17,-5.55111512312577E-17));
#3759=DIRECTION('',(-5.55111512312577E-17,-2.62580213648829E-19,-1.));
#3760=DIRECTION('center_axis',(-1.,9.71445146547049E-17,5.55111512312577E-17));
#3761=DIRECTION('ref_axis',(-5.55111512312577E-17,-2.62580213648829E-19,
-1.));
#3762=DIRECTION('',(1.,-9.71445146547049E-17,-5.55111512312577E-17));
#3763=DIRECTION('center_axis',(1.,-9.71445146547049E-17,-5.55111512312577E-17));
#3764=DIRECTION('ref_axis',(-5.55111512312577E-17,-2.62580213648829E-19,
-1.));
#3765=DIRECTION('center_axis',(-5.55111512312577E-17,-2.62580213648829E-19,
-1.));
#3766=DIRECTION('ref_axis',(-9.71445146547049E-17,-1.,2.62580213648834E-19));
#3767=DIRECTION('',(1.,-9.71445146547049E-17,-5.55111512312577E-17));
#3768=DIRECTION('',(9.71445146547049E-17,1.,-2.62580213648834E-19));
#3769=DIRECTION('center_axis',(-1.,9.71445146547049E-17,5.55111512312577E-17));
#3770=DIRECTION('ref_axis',(9.71445146547048E-17,1.,-1.38804136099509E-15));
#3771=DIRECTION('center_axis',(1.,-9.71445146547049E-17,-5.55111512312577E-17));
#3772=DIRECTION('ref_axis',(9.71445146547048E-17,1.,-1.38804136099509E-15));
#3773=DIRECTION('center_axis',(-1.,9.71445146547049E-17,5.55111512312577E-17));
#3774=DIRECTION('ref_axis',(-9.71445146547049E-17,-1.,2.62580213648834E-19));
#3775=DIRECTION('center_axis',(-1.,9.71445146547049E-17,5.20417042793041E-17));
#3776=DIRECTION('ref_axis',(-5.20417042793041E-17,1.84774590557211E-16,
-1.));
#3777=DIRECTION('',(-1.,9.71445146547049E-17,5.20417042793041E-17));
#3778=DIRECTION('center_axis',(1.,-9.71445146547049E-17,-5.20417042793041E-17));
#3779=DIRECTION('ref_axis',(-5.20417042793041E-17,1.84774590557211E-16,
-1.));
#3780=DIRECTION('',(-1.,9.71445146547049E-17,5.20417042793041E-17));
#3781=DIRECTION('center_axis',(-5.20417042793041E-17,-2.6258021364883E-19,
-1.));
#3782=DIRECTION('ref_axis',(-9.71445146547049E-17,-1.,2.62580213648835E-19));
#3783=DIRECTION('',(9.71445146547049E-17,1.,-2.62580213648835E-19));
#3784=DIRECTION('',(-1.,9.71445146547049E-17,5.20417042793041E-17));
#3785=DIRECTION('center_axis',(-1.,9.71445146547049E-17,5.20417042793041E-17));
#3786=DIRECTION('ref_axis',(5.2041704279304E-17,-1.20247902979694E-15,1.));
#3787=DIRECTION('center_axis',(1.,-9.71445146547049E-17,-5.20417042793041E-17));
#3788=DIRECTION('ref_axis',(5.2041704279304E-17,-1.20247902979694E-15,1.));
#3789=DIRECTION('',(-1.,9.71445146547049E-17,5.20417042793041E-17));
#3790=DIRECTION('center_axis',(5.20417042793042E-17,1.39040458291793E-16,
1.));
#3791=DIRECTION('ref_axis',(9.71445146547049E-17,1.,-1.39040458291793E-16));
#3792=DIRECTION('',(-9.71445146547049E-17,-1.,1.39040458291793E-16));
#3793=DIRECTION('center_axis',(9.71445146547049E-17,1.,-2.62580213648835E-19));
#3794=DIRECTION('ref_axis',(-5.20417042793041E-17,-2.6258021364883E-19,
-1.));
#3795=DIRECTION('',(1.,-9.71445146547049E-17,-5.20417042793041E-17));
#3796=DIRECTION('',(5.20417042793041E-17,2.6258021364883E-19,1.));
#3797=DIRECTION('',(-1.,9.71445146547049E-17,5.20417042793041E-17));
#3798=DIRECTION('center_axis',(-1.,9.71445146547049E-17,5.20417042793041E-17));
#3799=DIRECTION('ref_axis',(5.20417042793041E-17,2.6258021364883E-19,1.));
#3800=DIRECTION('',(1.,-9.71445146547049E-17,-5.20417042793041E-17));
#3801=DIRECTION('center_axis',(1.,-9.71445146547049E-17,-5.20417042793041E-17));
#3802=DIRECTION('ref_axis',(5.20417042793041E-17,2.6258021364883E-19,1.));
#3803=DIRECTION('center_axis',(5.20417042793041E-17,2.6258021364883E-19,
1.));
#3804=DIRECTION('ref_axis',(9.71445146547049E-17,1.,-2.62580213648835E-19));
#3805=DIRECTION('',(1.,-9.71445146547049E-17,-5.20417042793041E-17));
#3806=DIRECTION('',(-9.71445146547049E-17,-1.,2.62580213648835E-19));
#3807=DIRECTION('center_axis',(-1.,9.71445146547049E-17,5.20417042793041E-17));
#3808=DIRECTION('ref_axis',(-9.71445146547048E-17,-1.,1.38804136099509E-15));
#3809=DIRECTION('center_axis',(1.,-9.71445146547049E-17,-5.20417042793041E-17));
#3810=DIRECTION('ref_axis',(-9.71445146547048E-17,-1.,1.38804136099509E-15));
#3811=DIRECTION('center_axis',(-1.,9.71445146547049E-17,5.20417042793041E-17));
#3812=DIRECTION('ref_axis',(-5.20417042793041E-17,-2.6258021364883E-19,
-1.));
#3813=DIRECTION('',(1.,-9.71445146547049E-17,-5.20417042793041E-17));
#3814=DIRECTION('center_axis',(1.,-9.71445146547049E-17,-5.20417042793041E-17));
#3815=DIRECTION('ref_axis',(-5.20417042793041E-17,-2.6258021364883E-19,
-1.));
#3816=DIRECTION('center_axis',(-5.20417042793041E-17,-2.6258021364883E-19,
-1.));
#3817=DIRECTION('ref_axis',(-9.71445146547049E-17,-1.,2.62580213648835E-19));
#3818=DIRECTION('',(1.,-9.71445146547049E-17,-5.20417042793041E-17));
#3819=DIRECTION('',(9.71445146547049E-17,1.,-2.62580213648835E-19));
#3820=DIRECTION('center_axis',(-1.,9.71445146547049E-17,5.20417042793041E-17));
#3821=DIRECTION('ref_axis',(9.71445146547048E-17,1.,-1.38804136099509E-15));
#3822=DIRECTION('center_axis',(1.,-9.71445146547049E-17,-5.20417042793041E-17));
#3823=DIRECTION('ref_axis',(9.71445146547048E-17,1.,-1.38804136099509E-15));
#3824=DIRECTION('center_axis',(-1.,9.71445146547049E-17,5.20417042793041E-17));
#3825=DIRECTION('ref_axis',(-9.71445146547049E-17,-1.,2.62580213648835E-19));
#3826=DIRECTION('center_axis',(0.,0.,1.));
#3827=DIRECTION('ref_axis',(1.1842378929335E-15,1.,0.));
#3828=DIRECTION('',(0.,0.,1.));
#3829=DIRECTION('',(0.,0.,1.));
#3830=DIRECTION('center_axis',(-1.,-8.97149918889015E-17,0.));
#3831=DIRECTION('ref_axis',(8.97149918889015E-17,-1.,0.));
#3832=DIRECTION('',(0.,0.,1.));
#3833=DIRECTION('center_axis',(0.,0.,1.));
#3834=DIRECTION('ref_axis',(-1.,0.,0.));
#3835=DIRECTION('',(0.,0.,1.));
#3836=DIRECTION('center_axis',(0.,-1.,0.));
#3837=DIRECTION('ref_axis',(1.,0.,0.));
#3838=DIRECTION('',(0.,0.,1.));
#3839=DIRECTION('center_axis',(0.,1.,0.));
#3840=DIRECTION('ref_axis',(-1.,0.,0.));
#3841=DIRECTION('',(0.,0.,1.));
#3842=DIRECTION('center_axis',(0.,0.,1.));
#3843=DIRECTION('ref_axis',(1.,0.,0.));
#3844=DIRECTION('center_axis',(0.,0.,1.));
#3845=DIRECTION('ref_axis',(-1.1842378929335E-15,-1.,0.));
#3846=DIRECTION('center_axis',(0.,0.,1.));
#3847=DIRECTION('ref_axis',(1.,0.,0.));
#3848=DIRECTION('center_axis',(0.,0.,1.));
#3849=DIRECTION('ref_axis',(0.707106781186547,0.707106781186548,0.));
#3850=DIRECTION('center_axis',(-1.,0.,0.));
#3851=DIRECTION('ref_axis',(0.,1.,0.));
#3852=DIRECTION('center_axis',(-1.,0.,0.));
#3853=DIRECTION('ref_axis',(0.,0.707106781186547,-0.707106781186548));
#3854=DIRECTION('center_axis',(0.,1.,0.));
#3855=DIRECTION('ref_axis',(1.,0.,0.));
#3856=DIRECTION('center_axis',(0.,0.,1.));
#3857=DIRECTION('ref_axis',(0.707106781186547,0.707106781186548,0.));
#3858=DIRECTION('center_axis',(1.,1.11022302462516E-15,0.));
#3859=DIRECTION('ref_axis',(0.,0.,-1.));
#3860=DIRECTION('center_axis',(0.,0.,-1.));
#3861=DIRECTION('ref_axis',(0.707106781186547,0.707106781186548,0.));
#3862=DIRECTION('center_axis',(1.,0.,0.));
#3863=DIRECTION('ref_axis',(0.,0.707106781186547,-0.707106781186548));
#3864=DIRECTION('center_axis',(1.,-1.11022302462516E-15,0.));
#3865=DIRECTION('ref_axis',(0.,0.,-1.));
#3866=DIRECTION('',(1.,0.,0.));
#3867=DIRECTION('',(-1.,0.,0.));
#3868=DIRECTION('center_axis',(0.,1.,0.));
#3869=DIRECTION('ref_axis',(0.,0.,-1.));
#3870=DIRECTION('center_axis',(0.,0.,-1.));
#3871=DIRECTION('ref_axis',(-0.707106781186547,0.707106781186548,0.));
#3872=DIRECTION('center_axis',(0.,0.,1.));
#3873=DIRECTION('ref_axis',(-0.707106781186547,0.707106781186548,0.));
#3874=DIRECTION('center_axis',(-8.97149918889015E-17,1.,0.));
#3875=DIRECTION('ref_axis',(-0.707106781186547,0.,-0.707106781186548));
#3876=DIRECTION('center_axis',(0.,1.,0.));
#3877=DIRECTION('ref_axis',(0.,0.,-1.));
#3878=DIRECTION('',(8.97149918889015E-17,-1.,0.));
#3879=DIRECTION('center_axis',(-1.,-2.22044604925031E-15,0.));
#3880=DIRECTION('ref_axis',(0.,0.,-1.));
#3881=DIRECTION('center_axis',(0.,0.,-1.));
#3882=DIRECTION('ref_axis',(-0.707106781186547,-0.707106781186548,0.));
#3883=DIRECTION('center_axis',(0.,0.,1.));
#3884=DIRECTION('ref_axis',(-0.707106781186547,-0.707106781186548,0.));
#3885=DIRECTION('center_axis',(-1.,0.,0.));
#3886=DIRECTION('ref_axis',(0.,-0.707106781186548,-0.707106781186547));
#3887=DIRECTION('center_axis',(-1.,1.11022302462516E-15,0.));
#3888=DIRECTION('ref_axis',(0.,0.,-1.));
#3889=DIRECTION('',(-1.,0.,0.));
#3890=DIRECTION('',(1.,0.,0.));
#3891=DIRECTION('center_axis',(2.22044604925031E-15,-1.,0.));
#3892=DIRECTION('ref_axis',(0.,0.,-1.));
#3893=DIRECTION('center_axis',(0.,0.,-1.));
#3894=DIRECTION('ref_axis',(0.707106781186548,-0.707106781186548,0.));
#3895=DIRECTION('center_axis',(0.,0.,1.));
#3896=DIRECTION('ref_axis',(0.707106781186548,-0.707106781186548,0.));
#3897=DIRECTION('center_axis',(-8.97149918889015E-17,-1.,0.));
#3898=DIRECTION('ref_axis',(0.707106781186548,0.,-0.707106781186547));
#3899=DIRECTION('',(8.97149918889015E-17,1.,0.));
#3900=DIRECTION('',(-8.97149918889015E-17,-1.,0.));
#3901=DIRECTION('center_axis',(0.,-1.,0.));
#3902=DIRECTION('ref_axis',(1.,0.,0.));
#3903=DIRECTION('',(0.,0.,1.));
#3904=DIRECTION('',(0.,0.,1.));
#3905=DIRECTION('center_axis',(0.,0.,1.));
#3906=DIRECTION('ref_axis',(-1.77635683940025E-15,-1.,0.));
#3907=DIRECTION('',(0.,0.,1.));
#3908=DIRECTION('center_axis',(1.,-8.97149918889015E-17,0.));
#3909=DIRECTION('ref_axis',(8.97149918889015E-17,1.,0.));
#3910=DIRECTION('',(0.,0.,1.));
#3911=DIRECTION('center_axis',(0.,0.,1.));
#3912=DIRECTION('ref_axis',(1.,0.,0.));
#3913=DIRECTION('',(0.,0.,1.));
#3914=DIRECTION('center_axis',(0.,0.,1.));
#3915=DIRECTION('ref_axis',(-1.,0.,0.));
#3916=DIRECTION('center_axis',(0.,0.,1.));
#3917=DIRECTION('ref_axis',(-1.,0.,0.));
#3918=DIRECTION('center_axis',(0.,0.,1.));
#3919=DIRECTION('ref_axis',(1.77635683940025E-15,1.,0.));
#3920=DIRECTION('',(0.,0.,1.));
#3921=DIRECTION('center_axis',(0.,1.,0.));
#3922=DIRECTION('ref_axis',(-1.,0.,0.));
#3923=CARTESIAN_POINT('',(0.,0.,0.));
#3924=CARTESIAN_POINT('Origin',(-30.8599891647097,9.71289501166536,2.5993109255223));
#3925=CARTESIAN_POINT('',(-30.8599891647097,10.7628950116654,1.5493109255223));
#3926=CARTESIAN_POINT('',(-30.8599891647097,8.66289501166532,1.5493109255223));
#3927=CARTESIAN_POINT('',(-30.8599891647097,10.3378950116654,1.5493109255223));
#3928=CARTESIAN_POINT('',(-30.8599891647097,10.7628950116654,3.6493109255223));
#3929=CARTESIAN_POINT('',(-30.8599891647097,10.7628950116654,1.6993109255223));
#3930=CARTESIAN_POINT('',(-30.8599891647097,8.66289501166532,3.6493109255223));
#3931=CARTESIAN_POINT('',(-30.8599891647097,9.08789501166534,3.6493109255223));
#3932=CARTESIAN_POINT('',(-30.8599891647097,8.66289501166532,3.4993109255223));
#3933=CARTESIAN_POINT('Origin',(-30.0697844201794,10.7628950116654,0.799310925522301));
#3934=CARTESIAN_POINT('',(-29.4599891647096,10.7628950116654,1.5493109255223));
#3935=CARTESIAN_POINT('',(-29.7648867924445,10.7628950116654,1.5493109255223));
#3936=CARTESIAN_POINT('',(-29.4599891647097,10.7628950116654,0.799310925522301));
#3937=CARTESIAN_POINT('',(-29.4599891647097,10.7628950116654,-4.59534453723885));
#3938=CARTESIAN_POINT('',(-31.0697844201794,10.7628950116654,0.799310925522301));
#3939=CARTESIAN_POINT('',(-30.0697844201794,10.7628950116654,0.799310925522301));
#3940=CARTESIAN_POINT('',(-31.0697844201794,10.7628950116654,4.3993109255223));
#3941=CARTESIAN_POINT('',(-31.0697844201794,10.7628950116654,1.6993109255223));
#3942=CARTESIAN_POINT('',(-29.4599891647097,10.7628950116654,4.3993109255223));
#3943=CARTESIAN_POINT('',(-30.0697844201794,10.7628950116654,4.3993109255223));
#3944=CARTESIAN_POINT('',(-29.4599891647096,10.7628950116654,3.6493109255223));
#3945=CARTESIAN_POINT('',(-29.4599891647097,10.7628950116654,-4.59534453723885));
#3946=CARTESIAN_POINT('',(-29.7648867924445,10.7628950116654,3.6493109255223));
#3947=CARTESIAN_POINT('Origin',(-29.4599891647097,8.46289501166532,3.6493109255223));
#3948=CARTESIAN_POINT('',(-29.4599891647096,8.66289501166532,3.6493109255223));
#3949=CARTESIAN_POINT('',(-29.4599891647096,-8.14355649416734,3.6493109255223));
#3950=CARTESIAN_POINT('',(-29.7648867924445,8.66289501166532,3.6493109255223));
#3951=CARTESIAN_POINT('Origin',(-30.0697844201794,8.66289501166532,4.3993109255223));
#3952=CARTESIAN_POINT('',(-29.4599891647097,8.66289501166532,0.799310925522303));
#3953=CARTESIAN_POINT('',(-31.0697844201794,8.66289501166532,0.799310925522303));
#3954=CARTESIAN_POINT('',(-30.0697844201794,8.66289501166532,0.799310925522303));
#3955=CARTESIAN_POINT('',(-29.4599891647096,8.66289501166532,1.5493109255223));
#3956=CARTESIAN_POINT('',(-29.4599891647097,8.66289501166532,-2.79534453723885));
#3957=CARTESIAN_POINT('',(-29.7648867924445,8.66289501166532,1.5493109255223));
#3958=CARTESIAN_POINT('',(-29.4599891647097,8.66289501166532,4.3993109255223));
#3959=CARTESIAN_POINT('',(-29.4599891647097,8.66289501166532,-2.79534453723885));
#3960=CARTESIAN_POINT('',(-31.0697844201794,8.66289501166532,4.3993109255223));
#3961=CARTESIAN_POINT('',(-30.0697844201794,8.66289501166532,4.3993109255223));
#3962=CARTESIAN_POINT('',(-31.0697844201794,8.66289501166532,3.4993109255223));
#3963=CARTESIAN_POINT('Origin',(-29.4599891647097,10.9628950116654,1.5493109255223));
#3964=CARTESIAN_POINT('',(-29.4599891647096,-6.8935564941673,1.5493109255223));
#3965=CARTESIAN_POINT('Origin',(-29.4599891647096,-24.750008,-9.99));
#3966=CARTESIAN_POINT('',(-29.4599891647096,-24.750008,0.7));
#3967=CARTESIAN_POINT('',(-29.4599891647096,-19.5000002905726,0.7));
#3968=CARTESIAN_POINT('',(-29.4599891647096,-24.1799444500294,0.7));
#3969=CARTESIAN_POINT('',(-29.4599891647096,-19.5000002905726,-7.69));
#3970=CARTESIAN_POINT('',(-29.4599891647096,-19.5000002905726,-4.995));
#3971=CARTESIAN_POINT('',(-29.4599891647096,-7.080008,-7.69));
#3972=CARTESIAN_POINT('',(-29.4599891647096,-12.375008,-7.69));
#3973=CARTESIAN_POINT('',(-29.4599891647096,-7.080008,0.));
#3974=CARTESIAN_POINT('',(-29.4599891647096,-7.080008,-4.995));
#3975=CARTESIAN_POINT('',(-29.4599891647097,-0.0800079999999997,0.));
#3976=CARTESIAN_POINT('',(-29.4599891647096,-14.165008,0.));
#3977=CARTESIAN_POINT('',(-29.4599891647096,-0.0800080000000003,-7.69));
#3978=CARTESIAN_POINT('',(-29.4599891647097,-0.0800080000000003,-4.995));
#3979=CARTESIAN_POINT('',(-29.4599891647097,23.0000003427267,-7.69));
#3980=CARTESIAN_POINT('',(-29.4599891647096,-12.375008,-7.69));
#3981=CARTESIAN_POINT('',(-29.4599891647097,23.0000003427267,0.));
#3982=CARTESIAN_POINT('',(-29.4599891647097,23.0000003427267,-4.995));
#3983=CARTESIAN_POINT('',(-29.4599891647097,24.749992,0.));
#3984=CARTESIAN_POINT('',(-29.4599891647097,0.374996197440385,0.));
#3985=CARTESIAN_POINT('',(-29.4599891647097,24.749992,6.82505416114982));
#3986=CARTESIAN_POINT('',(-29.4599891647097,24.749992,-3.));
#3987=CARTESIAN_POINT('',(-29.4599891647096,-24.750008,6.82505416114982));
#3988=CARTESIAN_POINT('Ctrl Pts',(-29.4599891647097,24.749992,6.82505416114982));
#3989=CARTESIAN_POINT('Ctrl Pts',(-29.4599891647097,8.24999199999999,6.82505416114982));
#3990=CARTESIAN_POINT('Ctrl Pts',(-29.4599891647097,-8.25000799999999,6.82505416114982));
#3991=CARTESIAN_POINT('Ctrl Pts',(-29.4599891647096,-24.750008,6.82505416114982));
#3992=CARTESIAN_POINT('',(-29.4599891647096,-24.750008,-3.));
#3993=CARTESIAN_POINT('',(-29.4599891647097,8.26289501166532,0.399310925522303));
#3994=CARTESIAN_POINT('Origin',(-29.4599891647096,8.26289501166532,0.799310925522303));
#3995=CARTESIAN_POINT('',(-29.4599891647097,2.16289501166532,0.399310925522303));
#3996=CARTESIAN_POINT('',(-29.4599891647096,-8.24355649416734,0.399310925522303));
#3997=CARTESIAN_POINT('',(-29.4599891647097,1.76289501166532,0.799310925522303));
#3998=CARTESIAN_POINT('Origin',(-29.4599891647096,2.16289501166532,0.799310925522303));
#3999=CARTESIAN_POINT('',(-29.4599891647097,1.76289501166532,4.3993109255223));
#4000=CARTESIAN_POINT('',(-29.4599891647097,1.76289501166532,-4.59534453723885));
#4001=CARTESIAN_POINT('',(-29.4599891647097,2.16289501166532,4.7993109255223));
#4002=CARTESIAN_POINT('Origin',(-29.4599891647096,2.16289501166532,4.3993109255223));
#4003=CARTESIAN_POINT('',(-29.4599891647097,8.26289501166532,4.7993109255223));
#4004=CARTESIAN_POINT('',(-29.4599891647096,-11.2935564941673,4.7993109255223));
#4005=CARTESIAN_POINT('Origin',(-29.4599891647096,8.26289501166532,4.3993109255223));
#4006=CARTESIAN_POINT('',(-29.4599891647097,11.1628950116654,4.7993109255223));
#4007=CARTESIAN_POINT('Origin',(-29.4599891647096,11.1628950116654,4.3993109255223));
#4008=CARTESIAN_POINT('',(-29.4599891647097,17.2628950116654,4.7993109255223));
#4009=CARTESIAN_POINT('',(-29.4599891647096,-6.7935564941673,4.7993109255223));
#4010=CARTESIAN_POINT('',(-29.4599891647097,17.6628950116654,4.3993109255223));
#4011=CARTESIAN_POINT('Origin',(-29.4599891647096,17.2628950116654,4.3993109255223));
#4012=CARTESIAN_POINT('',(-29.4599891647097,17.6628950116654,0.799310925522301));
#4013=CARTESIAN_POINT('',(-29.4599891647097,17.6628950116654,-2.79534453723885));
#4014=CARTESIAN_POINT('',(-29.4599891647097,17.2628950116654,0.399310925522301));
#4015=CARTESIAN_POINT('Origin',(-29.4599891647096,17.2628950116654,0.799310925522301));
#4016=CARTESIAN_POINT('',(-29.4599891647097,11.1628950116654,0.399310925522301));
#4017=CARTESIAN_POINT('',(-29.4599891647096,-3.7435564941673,0.399310925522301));
#4018=CARTESIAN_POINT('Origin',(-29.4599891647096,11.1628950116654,0.799310925522301));
#4019=CARTESIAN_POINT('',(-29.4599891647096,-17.4060029567595,-3.71904942173573));
#4020=CARTESIAN_POINT('',(-29.4599891647096,-17.4060029567595,2.28095057826427));
#4021=CARTESIAN_POINT('',(-29.4599891647096,-17.4060029567595,-3.85452471086786));
#4022=CARTESIAN_POINT('',(-29.4599891647096,-11.4060029567595,2.28095057826427));
#4023=CARTESIAN_POINT('',(-29.4599891647096,-18.0780054783797,2.28095057826427));
#4024=CARTESIAN_POINT('',(-29.4599891647096,-11.4060029567595,-3.71904942173573));
#4025=CARTESIAN_POINT('',(-29.4599891647096,-11.4060029567595,-6.85452471086786));
#4026=CARTESIAN_POINT('',(-29.4599891647096,-21.0780054783797,-3.71904942173573));
#4027=CARTESIAN_POINT('Origin',(-26.9693835040639,24.7660112564713,9.04560623273279));
#4028=CARTESIAN_POINT('',(-29.4578491634725,24.8534106955048,6.04560623273287));
#4029=CARTESIAN_POINT('',(-29.4578491634726,24.8534106955042,6.82505015857886));
#4030=CARTESIAN_POINT('',(-29.4578491634727,24.8534106955039,9.04560623273284));
#4031=CARTESIAN_POINT('',(-26.9693835040638,27.2560112564713,6.04560623273279));
#4032=CARTESIAN_POINT('Origin',(-26.9693835040639,24.7660112564713,6.04560623273278));
#4033=CARTESIAN_POINT('',(-26.9693835040638,27.2560112564713,6.81995274251996));
#4034=CARTESIAN_POINT('',(-26.9693835040638,27.2560112564713,9.04560623273279));
#4035=CARTESIAN_POINT('Ctrl Pts',(-29.4578491635272,24.8534106955041,6.82505015857896));
#4036=CARTESIAN_POINT('Ctrl Pts',(-29.4540298046632,24.9628732382122,6.82504301436226));
#4037=CARTESIAN_POINT('Ctrl Pts',(-29.4429809390892,25.0719500654936,6.82502235581135));
#4038=CARTESIAN_POINT('Ctrl Pts',(-29.424772354547,25.1799268675527,6.82498820138539));
#4039=CARTESIAN_POINT('Ctrl Pts',(-29.4065637700047,25.2879036696118,6.82495404695944));
#4040=CARTESIAN_POINT('Ctrl Pts',(-29.381195546035,25.3947804464485,6.82490639601438));
#4041=CARTESIAN_POINT('Ctrl Pts',(-29.3487933334493,25.4998428882672,6.82484523231792));
#4042=CARTESIAN_POINT('Ctrl Pts',(-29.3152651650617,25.6085561815704,6.8247819432228));
#4043=CARTESIAN_POINT('Ctrl Pts',(-29.2744143756296,25.7146355195438,6.82470457758575));
#4044=CARTESIAN_POINT('Ctrl Pts',(-29.2265675641165,25.8173737806098,6.82461335052186));
#4045=CARTESIAN_POINT('Ctrl Pts',(-29.1770649933716,25.9236673428305,6.82451896650668));
#4046=CARTESIAN_POINT('Ctrl Pts',(-29.1200739336866,26.0263845883155,6.82440974306415));
#4047=CARTESIAN_POINT('Ctrl Pts',(-29.0560125548643,26.1247424150467,6.82428592229571));
#4048=CARTESIAN_POINT('Ctrl Pts',(-29.0192819071027,26.1811374966805,6.82421492761663));
#4049=CARTESIAN_POINT('Ctrl Pts',(-28.9802279201443,26.236099423196,6.82413913430113));
#4050=CARTESIAN_POINT('Ctrl Pts',(-28.9389370589928,26.28948058477,6.82405859297054));
#4051=CARTESIAN_POINT('Ctrl Pts',(-28.8490932664252,26.4056313714992,6.82388334502472));
#4052=CARTESIAN_POINT('Ctrl Pts',(-28.7493847852106,26.5133210452678,6.82368702473351));
#4053=CARTESIAN_POINT('Ctrl Pts',(-28.6410806162245,26.6114296496259,6.82347099072837));
#4054=CARTESIAN_POINT('Ctrl Pts',(-28.5052244151422,26.7344965860731,6.82319999876641));
#4055=CARTESIAN_POINT('Ctrl Pts',(-28.3558448745557,26.8424876460456,6.82289795337405));
#4056=CARTESIAN_POINT('Ctrl Pts',(-28.1955264379086,26.9331922608705,6.82256811396198));
#4057=CARTESIAN_POINT('Ctrl Pts',(-28.081508548837,26.9977010530448,6.82233353337173));
#4058=CARTESIAN_POINT('Ctrl Pts',(-27.9626894028198,27.0530436929985,6.82208640540711));
#4059=CARTESIAN_POINT('Ctrl Pts',(-27.8402177972065,27.0987643019479,6.82182873839882));
#4060=CARTESIAN_POINT('Ctrl Pts',(-27.7577857726735,27.1295374949645,6.82165531033733));
#4061=CARTESIAN_POINT('Ctrl Pts',(-27.6736982960527,27.15595167802,6.82147711218254));
#4062=CARTESIAN_POINT('Ctrl Pts',(-27.588292053008,27.1778678459153,6.82129480840659));
#4063=CARTESIAN_POINT('Ctrl Pts',(-27.4816545433726,27.2052321869961,6.82106718546039));
#4064=CARTESIAN_POINT('Ctrl Pts',(-27.3733731620378,27.2254789664223,6.82083403596546));
#4065=CARTESIAN_POINT('Ctrl Pts',(-27.2641777421718,27.2384987348586,6.82059701109122));
#4066=CARTESIAN_POINT('Ctrl Pts',(-27.2091781015224,27.2450565427429,6.8204776262038));
#4067=CARTESIAN_POINT('Ctrl Pts',(-27.1539457768397,27.2497808985031,6.82035725917922));
#4068=CARTESIAN_POINT('Ctrl Pts',(-27.0985689716361,27.2526578165933,6.82023612592949));
#4069=CARTESIAN_POINT('Ctrl Pts',(-27.0555237370621,27.2548940888664,6.82014196720851));
#4070=CARTESIAN_POINT('Ctrl Pts',(-27.0124470953511,27.2560112590834,6.82004746800122));
#4071=CARTESIAN_POINT('Ctrl Pts',(-26.9693835040642,27.2560112564713,6.81995274251996));
#4072=CARTESIAN_POINT('Origin',(-26.9693835040638,27.2560112564713,9.04560623273279));
#4073=CARTESIAN_POINT('',(-8.05143471730933,27.2560112564713,6.04638804908336));
#4074=CARTESIAN_POINT('Ctrl Pts',(-26.9693835040639,27.2560112564713,6.81995274251996));
#4075=CARTESIAN_POINT('Ctrl Pts',(-26.5926058305742,27.2560112564713,6.81912395779997));
#4076=CARTESIAN_POINT('Ctrl Pts',(-26.2322393084603,27.2560112564713,6.81831179640958));
#4077=CARTESIAN_POINT('Ctrl Pts',(-25.8873397490318,27.2560112564713,6.81753096447103));
#4078=CARTESIAN_POINT('Ctrl Pts',(-25.5168551234816,27.2560112564713,6.81669220947566));
#4079=CARTESIAN_POINT('Ctrl Pts',(-25.1642172981749,27.2560112564713,6.81588965582031));
#4080=CARTESIAN_POINT('Ctrl Pts',(-24.8281939422785,27.2560112564713,6.81514065627992));
#4081=CARTESIAN_POINT('Ctrl Pts',(-24.4723227556536,27.2560112564713,6.81434741571927));
#4082=CARTESIAN_POINT('Ctrl Pts',(-24.1350863708307,27.2560112564713,6.81361431693923));
#4083=CARTESIAN_POINT('Ctrl Pts',(-23.8149566677635,27.2560112564713,6.81296002522267));
#4084=CARTESIAN_POINT('Ctrl Pts',(-23.4662155427435,27.2560112564713,6.81224725653192));
#4085=CARTESIAN_POINT('Ctrl Pts',(-23.1377750614229,27.2560112564713,6.81162814243488));
#4086=CARTESIAN_POINT('Ctrl Pts',(-22.8275917400256,27.2560112564713,6.81112287558216));
#4087=CARTESIAN_POINT('Ctrl Pts',(-22.4684713712045,27.2560112564713,6.81053789371502));
#4088=CARTESIAN_POINT('Ctrl Pts',(-22.1338224427899,27.2560112564713,6.81010575674965));
#4089=CARTESIAN_POINT('Ctrl Pts',(-21.820396308293,27.2560112564713,6.80984949033023));
#4090=CARTESIAN_POINT('Ctrl Pts',(-21.4178102667032,27.2560112564713,6.80952032415028));
#4091=CARTESIAN_POINT('Ctrl Pts',(-21.0502333600707,27.2560112564713,6.80948235190592));
#4092=CARTESIAN_POINT('Ctrl Pts',(-20.7107070640186,27.2560112564713,6.80976044878937));
#4093=CARTESIAN_POINT('Ctrl Pts',(-20.4564033418496,27.2560112564713,6.8099687421481));
#4094=CARTESIAN_POINT('Ctrl Pts',(-20.2178328626626,27.2560112564713,6.81035386168163));
#4095=CARTESIAN_POINT('Ctrl Pts',(-19.9920965082628,27.2560112564713,6.81091521752024));
#4096=CARTESIAN_POINT('Ctrl Pts',(-19.7958857912835,27.2560112564713,6.81140314970053));
#4097=CARTESIAN_POINT('Ctrl Pts',(-19.6093707676663,27.2560112564713,6.81202422579995));
#4098=CARTESIAN_POINT('Ctrl Pts',(-19.4306871500486,27.2560112564713,6.81277029916325));
#4099=CARTESIAN_POINT('Ctrl Pts',(-19.2656366451563,27.2560112564713,6.81345944899657));
#4100=CARTESIAN_POINT('Ctrl Pts',(-19.1072676870017,27.2560112564713,6.81425526681009));
#4101=CARTESIAN_POINT('Ctrl Pts',(-18.9541543587968,27.2560112564713,6.815144075561));
#4102=CARTESIAN_POINT('Ctrl Pts',(-18.8093909225452,27.2560112564713,6.81598441395911));
#4103=CARTESIAN_POINT('Ctrl Pts',(-18.6693252234524,27.2560112564713,6.8169078952454));
#4104=CARTESIAN_POINT('Ctrl Pts',(-18.5327975324627,27.2560112564713,6.81789594340608));
#4105=CARTESIAN_POINT('Ctrl Pts',(-18.4021677247754,27.2560112564713,6.81884130870363));
#4106=CARTESIAN_POINT('Ctrl Pts',(-18.2747766074222,27.2560112564713,6.81984575197427));
#4107=CARTESIAN_POINT('Ctrl Pts',(-18.1496549559753,27.2560112564713,6.82088633836882));
#4108=CARTESIAN_POINT('Ctrl Pts',(-18.0290381169442,27.2560112564713,6.82188946005239));
#4109=CARTESIAN_POINT('Ctrl Pts',(-17.9105300572639,27.2560112564713,6.82292607628937));
#4110=CARTESIAN_POINT('Ctrl Pts',(-17.7933101391143,27.2560112564713,6.82397042019554));
#4111=CARTESIAN_POINT('Ctrl Pts',(-17.6796753794033,27.2560112564713,6.82498282295701));
#4112=CARTESIAN_POINT('Ctrl Pts',(-17.567250994597,27.2560112564713,6.82600241652247));
#4113=CARTESIAN_POINT('Ctrl Pts',(-17.4553377788696,27.2560112564713,6.82700189901259));
#4114=CARTESIAN_POINT('Ctrl Pts',(-17.3463975786489,27.2560112564713,6.82797482988482));
#4115=CARTESIAN_POINT('Ctrl Pts',(-17.2379415981253,27.2560112564713,6.82892864691923));
#4116=CARTESIAN_POINT('Ctrl Pts',(-17.1293738885522,27.2560112564713,6.82983540596576));
#4117=CARTESIAN_POINT('Ctrl Pts',(-17.0233688347776,27.2560112564713,6.83072076167479));
#4118=CARTESIAN_POINT('Ctrl Pts',(-16.9172571328371,27.2560112564713,6.83156120813308));
#4119=CARTESIAN_POINT('Ctrl Pts',(-16.8105334762226,27.2560112564713,6.83232881735615));
#4120=CARTESIAN_POINT('Ctrl Pts',(-16.7062380312831,27.2560112564713,6.83307896168216));
#4121=CARTESIAN_POINT('Ctrl Pts',(-16.6013580476448,27.2560112564713,6.83375971630098));
#4122=CARTESIAN_POINT('Ctrl Pts',(-16.4954714724941,27.2560112564713,6.83434264263004));
#4123=CARTESIAN_POINT('Ctrl Pts',(-16.3918768172807,27.2560112564713,6.83491295149107));
#4124=CARTESIAN_POINT('Ctrl Pts',(-16.2873185787351,27.2560112564713,6.83538983776257));
#4125=CARTESIAN_POINT('Ctrl Pts',(-16.1814510436168,27.2560112564713,6.83574124916217));
#4126=CARTESIAN_POINT('Ctrl Pts',(-16.0777154447206,27.2560112564713,6.83608558391934));
#4127=CARTESIAN_POINT('Ctrl Pts',(-15.9727226692917,27.2560112564713,6.8363096315815));
#4128=CARTESIAN_POINT('Ctrl Pts',(-15.8661968521805,27.2560112564713,6.83637504549695));
#4129=CARTESIAN_POINT('Ctrl Pts',(-15.7616647359054,27.2560112564713,6.83643923514789));
#4130=CARTESIAN_POINT('Ctrl Pts',(-15.6556563533606,27.2560112564713,6.8363508335108));
#4131=CARTESIAN_POINT('Ctrl Pts',(-15.5479602093101,27.2560112564713,6.8360631127181));
#4132=CARTESIAN_POINT('Ctrl Pts',(-15.4421384508193,27.2560112564713,6.83578039952993));
#4133=CARTESIAN_POINT('Ctrl Pts',(-15.3346871048181,27.2560112564713,6.8353053850612));
#4134=CARTESIAN_POINT('Ctrl Pts',(-15.2254544542503,27.2560112564713,6.83458130864532));
#4135=CARTESIAN_POINT('Ctrl Pts',(-15.1159159407191,27.2560112564713,6.83385520473897));
#4136=CARTESIAN_POINT('Ctrl Pts',(-15.0045861153139,27.2560112564713,6.83287869732406));
#4137=CARTESIAN_POINT('Ctrl Pts',(-14.8913631560593,27.2560112564713,6.83158000939035));
#4138=CARTESIAN_POINT('Ctrl Pts',(-14.7733529717539,27.2560112564713,6.83022641111469));
#4139=CARTESIAN_POINT('Ctrl Pts',(-14.6532861908581,27.2560112564713,6.82852274768931));
#4140=CARTESIAN_POINT('Ctrl Pts',(-14.5311027781383,27.2560112564713,6.82637237476864));
#4141=CARTESIAN_POINT('Ctrl Pts',(-14.4050043080583,27.2560112564713,6.82415309860536));
#4142=CARTESIAN_POINT('Ctrl Pts',(-14.2766515542694,27.2560112564713,6.82145790244079));
#4143=CARTESIAN_POINT('Ctrl Pts',(-14.1460346913459,27.2560112564713,6.81816601427709));
#4144=CARTESIAN_POINT('Ctrl Pts',(-14.0104725197204,27.2560112564713,6.81474949133947));
#4145=CARTESIAN_POINT('Ctrl Pts',(-13.8724717491096,27.2560112564713,6.81069008007052));
#4146=CARTESIAN_POINT('Ctrl Pts',(-13.7320781998953,27.2560112564713,6.80583952918332));
#4147=CARTESIAN_POINT('Ctrl Pts',(-13.585228411661,27.2560112564713,6.80076591736431));
#4148=CARTESIAN_POINT('Ctrl Pts',(-13.4357609647717,27.2560112564713,6.79482651686351));
#4149=CARTESIAN_POINT('Ctrl Pts',(-13.2837858956293,27.2560112564713,6.7878403249442));
#4150=CARTESIAN_POINT('Ctrl Pts',(-13.1244410991853,27.2560112564713,6.78051535160755));
#4151=CARTESIAN_POINT('Ctrl Pts',(-12.962339900605,27.2560112564713,6.77203931169369));
#4152=CARTESIAN_POINT('Ctrl Pts',(-12.7976662605414,27.2560112564713,6.76219539069903));
#4153=CARTESIAN_POINT('Ctrl Pts',(-12.6168543436068,27.2560112564713,6.75138674989587));
#4154=CARTESIAN_POINT('Ctrl Pts',(-12.4329409744689,27.2560112564713,6.73892857337963));
#4155=CARTESIAN_POINT('Ctrl Pts',(-12.2462361253345,27.2560112564713,6.7245296471251));
#4156=CARTESIAN_POINT('Ctrl Pts',(-12.0498261466914,27.2560112564713,6.70938224837649));
#4157=CARTESIAN_POINT('Ctrl Pts',(-11.8503276227088,27.2560112564713,6.69208641072623));
#4158=CARTESIAN_POINT('Ctrl Pts',(-11.6481664016367,27.2560112564713,6.67230741052016));
#4159=CARTESIAN_POINT('Ctrl Pts',(-11.4319577096759,27.2560112564713,6.65115403728582));
#4160=CARTESIAN_POINT('Ctrl Pts',(-11.2127044482258,27.2560112564713,6.62715933408612));
#4161=CARTESIAN_POINT('Ctrl Pts',(-10.9909867434987,27.2560112564713,6.5999327073531));
#4162=CARTESIAN_POINT('Ctrl Pts',(-10.7533744379274,27.2560112564713,6.57075424567398));
#4163=CARTESIAN_POINT('Ctrl Pts',(-10.5129340078911,27.2560112564713,6.53786194750757));
#4164=CARTESIAN_POINT('Ctrl Pts',(-10.270420307262,27.2560112564713,6.50081936785874));
#4165=CARTESIAN_POINT('Ctrl Pts',(-10.0676834627775,27.2560112564713,6.46985247530755));
#4166=CARTESIAN_POINT('Ctrl Pts',(-9.86349959343134,27.2560112564713,6.43598532677816));
#4167=CARTESIAN_POINT('Ctrl Pts',(-9.65830586286241,27.2560112564713,6.39900080391075));
#4168=CARTESIAN_POINT('Ctrl Pts',(-9.46697264977695,27.2560112564713,6.36451452806288));
#4169=CARTESIAN_POINT('Ctrl Pts',(-9.27476234292471,27.2560112564713,6.32731764130987));
#4170=CARTESIAN_POINT('Ctrl Pts',(-9.08200785719781,27.2560112564713,6.28727045154119));
#4171=CARTESIAN_POINT('Ctrl Pts',(-8.90356632926093,27.2560112564713,6.25019696033318));
#4172=CARTESIAN_POINT('Ctrl Pts',(-8.72465888903459,27.2560112564713,6.21068077656164));
#4173=CARTESIAN_POINT('Ctrl Pts',(-8.54552139225817,27.2560112564713,6.16864402267777));
#4174=CARTESIAN_POINT('Ctrl Pts',(-8.38096832576281,27.2560112564713,6.13002967960847));
#4175=CARTESIAN_POINT('Ctrl Pts',(-8.21622114467865,27.2560112564713,6.08928868309618));
#4176=CARTESIAN_POINT('Ctrl Pts',(-8.05143471730878,27.2560112564713,6.04638804908322));
#4177=CARTESIAN_POINT('',(-8.1199203863693,27.2560112564713,6.04560623273279));
#4178=CARTESIAN_POINT('',(-22.1320177246402,27.2560112564713,6.04560623273279));
#4179=CARTESIAN_POINT('Origin',(-8.1199203863693,27.2560112564713,9.04560623273279));
#4180=CARTESIAN_POINT('Ctrl Pts',(5.90617343027525,-26.1772213056038,0.044358449589248));
#4181=CARTESIAN_POINT('Ctrl Pts',(5.90617343027525,-28.0000004172326,0.0443584495892474));
#4182=CARTESIAN_POINT('Ctrl Pts',(5.9855425283211,-26.1772213056038,0.0195715097460496));
#4183=CARTESIAN_POINT('Ctrl Pts',(5.9855425283211,-28.0000004172326,0.019571509746049));
#4184=CARTESIAN_POINT('Ctrl Pts',(6.06468880414613,-26.1772213056038,-0.0047848121946082));
#4185=CARTESIAN_POINT('Ctrl Pts',(6.06468880414613,-28.0000004172326,-0.00478481219460877));
#4186=CARTESIAN_POINT('Ctrl Pts',(6.14357749002709,-26.1772213056038,-0.0287088731687512));
#4187=CARTESIAN_POINT('Ctrl Pts',(6.14357749002709,-28.0000004172326,-0.0287088731687518));
#4188=CARTESIAN_POINT('Ctrl Pts',(7.74372977134063,-26.1772213056038,-0.513976694765184));
#4189=CARTESIAN_POINT('Ctrl Pts',(7.74372977134063,-28.0000004172326,-0.513976694765185));
#4190=CARTESIAN_POINT('Ctrl Pts',(9.21424977335656,-26.1772213056038,-0.811873217709459));
#4191=CARTESIAN_POINT('Ctrl Pts',(9.21424977335656,-28.0000004172325,-0.811873217709459));
#4192=CARTESIAN_POINT('Ctrl Pts',(10.3775447785308,-26.1772213056038,-0.976606974274388));
#4193=CARTESIAN_POINT('Ctrl Pts',(10.3775447785308,-28.0000004172325,-0.976606974274389));
#4194=CARTESIAN_POINT('Ctrl Pts',(11.6490793993443,-26.1772213056038,-1.1566685010215));
#4195=CARTESIAN_POINT('Ctrl Pts',(11.6490793993443,-28.0000004172326,-1.1566685010215));
#4196=CARTESIAN_POINT('Ctrl Pts',(12.5236968927304,-26.1772213056038,-1.18867362057477));
#4197=CARTESIAN_POINT('Ctrl Pts',(12.5236968927304,-28.0000004172326,-1.18867362057477));
#4198=CARTESIAN_POINT('Ctrl Pts',(13.80228655632,-26.1772213056038,-1.19434357712591));
#4199=CARTESIAN_POINT('Ctrl Pts',(13.80228655632,-28.0000004172325,-1.19434357712591));
#4200=CARTESIAN_POINT('Ctrl Pts',(14.9028413539048,-26.1772213056038,-1.19922403100581));
#4201=CARTESIAN_POINT('Ctrl Pts',(14.9028413539048,-28.0000004172325,-1.19922403100581));
#4202=CARTESIAN_POINT('Ctrl Pts',(16.3481357683277,-26.1772213056038,-1.18387961620867));
#4203=CARTESIAN_POINT('Ctrl Pts',(16.3481357683277,-28.0000004172325,-1.18387961620867));
#4204=CARTESIAN_POINT('Ctrl Pts',(18.1696411838726,-26.1772213056038,-1.1750293255782));
#4205=CARTESIAN_POINT('Ctrl Pts',(18.1696411838726,-28.0000004172325,-1.1750293255782));
#4206=CARTESIAN_POINT('Ctrl Pts',(21.0210731329741,-26.1772213056038,-1.16117485045714));
#4207=CARTESIAN_POINT('Ctrl Pts',(21.0210731329741,-28.0000004172325,-1.16117485045714));
#4208=CARTESIAN_POINT('Ctrl Pts',(24.7085677066121,-26.1772213056038,-1.16080668838722));
#4209=CARTESIAN_POINT('Ctrl Pts',(24.7085677066121,-28.0000004172325,-1.16080668838722));
#4210=CARTESIAN_POINT('Ctrl Pts',(28.3396422519543,-26.1772213056038,-1.1631371447299));
#4211=CARTESIAN_POINT('Ctrl Pts',(28.3396422519543,-28.0000004172325,-1.1631371447299));
#4212=CARTESIAN_POINT('Ctrl Pts',(29.0849564703959,-26.1772213056038,-1.16361549410719));
#4213=CARTESIAN_POINT('Ctrl Pts',(29.0849564703959,-28.0000004172325,-1.16361549410719));
#4214=CARTESIAN_POINT('Ctrl Pts',(29.8299812714312,-26.1772213056038,-1.1641336264944));
#4215=CARTESIAN_POINT('Ctrl Pts',(29.8299812714312,-28.0000004172325,-1.1641336264944));
#4216=CARTESIAN_POINT('Ctrl Pts',(30.5719399291795,-26.1772213056038,-1.16460863451346));
#4217=CARTESIAN_POINT('Ctrl Pts',(30.5719399291795,-28.0000004172325,-1.16460863451346));
#4218=CARTESIAN_POINT('Ctrl Pts',(30.6899669950688,-26.1772213056038,-1.16468419640923));
#4219=CARTESIAN_POINT('Ctrl Pts',(30.6899669950688,-28.0000004172325,-1.16468419640924));
#4220=CARTESIAN_POINT('Ctrl Pts',(30.8079206392947,-26.1772213056038,-1.16475875791813));
#4221=CARTESIAN_POINT('Ctrl Pts',(30.8079206392947,-28.0000004172325,-1.16475875791813));
#4222=CARTESIAN_POINT('Ctrl Pts',(30.9257942183783,-26.1772213056038,-1.16483208173235));
#4223=CARTESIAN_POINT('Ctrl Pts',(30.9257942183783,-28.0000004172325,-1.16483208173235));
#4224=CARTESIAN_POINT('',(30.5719591354396,-26.1772213055726,-1.16460864680946));
#4225=CARTESIAN_POINT('',(27.5000004619361,-28.0000004172325,-1.16262264287154));
#4226=CARTESIAN_POINT('Ctrl Pts',(30.5719591354229,-26.1772213056038,-1.16460864680945));
#4227=CARTESIAN_POINT('Ctrl Pts',(30.5719527334084,-26.1772330313842,-1.16460864271083));
#4228=CARTESIAN_POINT('Ctrl Pts',(30.5719463313273,-26.177244757127,-1.16460863861217));
#4229=CARTESIAN_POINT('Ctrl Pts',(30.5719399291795,-26.1772564828324,-1.16460863451346));
#4230=CARTESIAN_POINT('Ctrl Pts',(30.51377065041,-26.2837950769719,-1.16457139406403));
#4231=CARTESIAN_POINT('Ctrl Pts',(30.4500973277406,-26.3872355133253,-1.16453037395281));
#4232=CARTESIAN_POINT('Ctrl Pts',(30.3811782219095,-26.4871583809416,-1.16448565197654));
#4233=CARTESIAN_POINT('Ctrl Pts',(30.2355412570962,-26.6983111952387,-1.16439114737139));
#4234=CARTESIAN_POINT('Ctrl Pts',(30.0674417450334,-26.8923723556546,-1.16428064525787));
#4235=CARTESIAN_POINT('Ctrl Pts',(29.880148608046,-27.0660880217366,-1.16415627104483));
#4236=CARTESIAN_POINT('Ctrl Pts',(29.7504015136992,-27.1864293395191,-1.16407011095903));
#4237=CARTESIAN_POINT('Ctrl Pts',(29.611444050484,-27.2970068364949,-1.16397731730345));
#4238=CARTESIAN_POINT('Ctrl Pts',(29.4643781418259,-27.3967387709307,-1.16387904008991));
#4239=CARTESIAN_POINT('Ctrl Pts',(29.2604391784693,-27.5350388535803,-1.1637427572951));
#4240=CARTESIAN_POINT('Ctrl Pts',(29.0427958610417,-27.651202894353,-1.16359715239547));
#4241=CARTESIAN_POINT('Ctrl Pts',(28.815145370311,-27.7435120537313,-1.16344697069015));
#4242=CARTESIAN_POINT('Ctrl Pts',(28.6895999042209,-27.7944190225735,-1.16336414797305));
#4243=CARTESIAN_POINT('Ctrl Pts',(28.561011936546,-27.8380709124011,-1.16327995688741));
#4244=CARTESIAN_POINT('Ctrl Pts',(28.430008256608,-27.8741794311702,-1.16319533295001));
#4245=CARTESIAN_POINT('Ctrl Pts',(28.3999847284066,-27.8824548103968,-1.16317593876832));
#4246=CARTESIAN_POINT('Ctrl Pts',(28.3698600391633,-27.8903268461792,-1.16315653877785));
#4247=CARTESIAN_POINT('Ctrl Pts',(28.3396422519543,-27.8977940940686,-1.1631371447299));
#4248=CARTESIAN_POINT('Ctrl Pts',(28.1564189201822,-27.9430712028121,-1.16301955034556));
#4249=CARTESIAN_POINT('Ctrl Pts',(27.9696443476885,-27.9734662276177,-1.16290666726256));
#4250=CARTESIAN_POINT('Ctrl Pts',(27.7811912643678,-27.9886571680052,-1.1628016377249));
#4251=CARTESIAN_POINT('Ctrl Pts',(27.7286491179302,-27.9928925171983,-1.1627723546946));
#4252=CARTESIAN_POINT('Ctrl Pts',(27.6760111402476,-27.9959432044486,-1.16274369928561));
#4253=CARTESIAN_POINT('Ctrl Pts',(27.623318576949,-27.9978069004626,-1.16271573112508));
#4254=CARTESIAN_POINT('Ctrl Pts',(27.5947287324004,-27.9988181015883,-1.16270055620642));
#4255=CARTESIAN_POINT('Ctrl Pts',(27.5661258640752,-27.9994797551209,-1.16268558516485));
#4256=CARTESIAN_POINT('Ctrl Pts',(27.5375165692007,-27.9997917123084,-1.16267082693301));
#4257=CARTESIAN_POINT('Ctrl Pts',(27.5247564961423,-27.9999308487857,-1.16266424459264));
#4258=CARTESIAN_POINT('Ctrl Pts',(27.5119955354308,-28.0000004172325,-1.16265770478271));
#4259=CARTESIAN_POINT('Ctrl Pts',(27.4992342724437,-28.0000004172325,-1.1626512082651));
#4260=CARTESIAN_POINT('',(28.5306164959361,-27.2339887435286,-1.16326060800386));
#4261=CARTESIAN_POINT('Ctrl Pts',(28.530613266664,-27.2339887435286,-1.16326053586234));
#4262=CARTESIAN_POINT('Ctrl Pts',(28.5309973420573,-27.2339887435286,-1.16326078557917));
#4263=CARTESIAN_POINT('Ctrl Pts',(28.5313814176472,-27.2339886550149,-1.16326103530489));
#4264=CARTESIAN_POINT('Ctrl Pts',(28.5317654934032,-27.233988477987,-1.16326128503949));
#4265=CARTESIAN_POINT('Ctrl Pts',(28.54953180371,-27.2339802891565,-1.16327283708958));
#4266=CARTESIAN_POINT('Ctrl Pts',(28.56729746967,-27.2337827038338,-1.16328440747867));
#4267=CARTESIAN_POINT('Ctrl Pts',(28.5850594748682,-27.2333957556976,-1.16329599313253));
#4268=CARTESIAN_POINT('Ctrl Pts',(28.610765965714,-27.2328357356657,-1.16331276074979));
#4269=CARTESIAN_POINT('Ctrl Pts',(28.6364622021759,-27.2318791321738,-1.16332955865621));
#4270=CARTESIAN_POINT('Ctrl Pts',(28.6621390435154,-27.2305262867318,-1.16334637743744));
#4271=CARTESIAN_POINT('Ctrl Pts',(28.7249897204685,-27.2272148493661,-1.16338754573272));
#4272=CARTESIAN_POINT('Ctrl Pts',(28.7876926347301,-27.2215309851036,-1.16342881849398));
#4273=CARTESIAN_POINT('Ctrl Pts',(28.8501141312273,-27.2134868453476,-1.16347005606538));
#4274=CARTESIAN_POINT('Ctrl Pts',(28.986767637581,-27.1958765673992,-1.16356033359863));
#4275=CARTESIAN_POINT('Ctrl Pts',(29.1217323336337,-27.1669982310569,-1.1636502129405));
#4276=CARTESIAN_POINT('Ctrl Pts',(29.2536306343939,-27.1271470262529,-1.16373825378147));
#4277=CARTESIAN_POINT('Ctrl Pts',(29.4573781099099,-27.0655876101855,-1.16387425325217));
#4278=CARTESIAN_POINT('Ctrl Pts',(29.6523817383633,-26.9782761852954,-1.16400484738441));
#4279=CARTESIAN_POINT('Ctrl Pts',(29.8339188790638,-26.8673751041071,-1.16412555185716));
#4280=CARTESIAN_POINT('Ctrl Pts',(29.8465976489601,-26.8596296406487,-1.16413398200115));
#4281=CARTESIAN_POINT('Ctrl Pts',(29.8592107534441,-26.8517691117585,-1.16414236434231));
#4282=CARTESIAN_POINT('Ctrl Pts',(29.8717565933431,-26.8437942540867,-1.16415069755694));
#4283=CARTESIAN_POINT('Ctrl Pts',(30.0670769879335,-26.7196373734171,-1.16428043353172));
#4284=CARTESIAN_POINT('Ctrl Pts',(30.2438361386133,-26.5692024041414,-1.16439662711258));
#4285=CARTESIAN_POINT('Ctrl Pts',(30.3972033490849,-26.3970723761901,-1.16449604542812));
#4286=CARTESIAN_POINT('Ctrl Pts',(30.45940222986,-26.3272641358664,-1.16453636505013));
#4287=CARTESIAN_POINT('Ctrl Pts',(30.5177544116902,-26.2538875990589,-1.16457394450068));
#4288=CARTESIAN_POINT('Ctrl Pts',(30.5719399291795,-26.177248470983,-1.16460863451346));
#4289=CARTESIAN_POINT('Ctrl Pts',(30.5719463313171,-26.1772394159021,-1.16460863861216));
#4290=CARTESIAN_POINT('Ctrl Pts',(30.5719527333966,-26.1772303607757,-1.16460864271083));
#4291=CARTESIAN_POINT('Ctrl Pts',(30.5719591354178,-26.1772213056038,-1.16460864680945));
#4292=CARTESIAN_POINT('',(6.04946543506868,-27.2339887435286,1.75640751942642E-16));
#4293=CARTESIAN_POINT('Ctrl Pts',(6.04946543506868,-27.2339887435286,3.51281503885285E-16));
#4294=CARTESIAN_POINT('Ctrl Pts',(9.87603986290344,-27.2339887435286,-1.17413822099215));
#4295=CARTESIAN_POINT('Ctrl Pts',(12.3956442312209,-27.2339887435286,-1.18651600602496));
#4296=CARTESIAN_POINT('Ctrl Pts',(14.9999648218765,-27.2339887435286,-1.20109596912203));
#4297=CARTESIAN_POINT('Ctrl Pts',(16.6427286698041,-27.2339887435274,-1.17514165597079));
#4298=CARTESIAN_POINT('Ctrl Pts',(23.5138223235382,-27.2339887435274,-1.1594978107407));
#4299=CARTESIAN_POINT('Ctrl Pts',(25.1014880243682,-27.2339887435286,-1.16102879677576));
#4300=CARTESIAN_POINT('Ctrl Pts',(28.5306164959361,-27.2339887435286,-1.16326060800386));
#4301=CARTESIAN_POINT('',(6.04946543506868,-27.9173939390029,6.7758519649023E-17));
#4302=CARTESIAN_POINT('Ctrl Pts',(6.04946543506868,-27.2339887435287,3.77551662361329E-16));
#4303=CARTESIAN_POINT('Ctrl Pts',(6.04946543506868,-27.4617904753534,3.19697375238585E-16));
#4304=CARTESIAN_POINT('Ctrl Pts',(6.04946543506867,-27.6895922071781,1.51667464062565E-16));
#4305=CARTESIAN_POINT('Ctrl Pts',(6.04946543506867,-27.9173939390029,1.16099680475221E-16));
#4306=CARTESIAN_POINT('',(15.04,-28.0000004172325,-1.19281489058766));
#4307=CARTESIAN_POINT('Ctrl Pts',(15.0400000000039,-28.0000004172325,-1.19281489058764));
#4308=CARTESIAN_POINT('Ctrl Pts',(12.6131680590581,-27.977702294863,-1.20423839561839));
#4309=CARTESIAN_POINT('Ctrl Pts',(10.1315638657587,-27.9549009162255,-1.25254268006941));
#4310=CARTESIAN_POINT('Ctrl Pts',(6.04946543506869,-27.9173939390029,-2.47957860073699E-15));
#4311=CARTESIAN_POINT('Ctrl Pts',(27.4992342729618,-28.0000004172325,-1.16265120826537));
#4312=CARTESIAN_POINT('Ctrl Pts',(24.1449636084441,-28.0000004172325,-1.16094361251543));
#4313=CARTESIAN_POINT('Ctrl Pts',(20.8012425518255,-28.0000004172325,-1.16224295847155));
#4314=CARTESIAN_POINT('Ctrl Pts',(18.1696411838726,-28.0000004172325,-1.1750293255782));
#4315=CARTESIAN_POINT('Ctrl Pts',(16.9681217728757,-28.0000004172325,-1.18086724178461));
#4316=CARTESIAN_POINT('Ctrl Pts',(15.9302961278167,-28.0000004172325,-1.18953082666669));
#4317=CARTESIAN_POINT('Ctrl Pts',(15.0471315646404,-28.0000004172325,-1.19335139242657));
#4318=CARTESIAN_POINT('Origin',(-17.2946519452166,0.0160112564713325,6.04560623273281));
#4319=CARTESIAN_POINT('',(-26.9599891647096,27.249992,6.04560623273279));
#4320=CARTESIAN_POINT('Origin',(-26.9599891647097,24.749992,6.04560623273281));
#4321=CARTESIAN_POINT('',(-8.1199203863693,27.249992,6.04560623273279));
#4322=CARTESIAN_POINT('',(-22.1273205549631,27.249992,6.04560623273279));
#4323=CARTESIAN_POINT('',(-8.11992038636929,13.6410112564713,6.0456062327328));
#4324=CARTESIAN_POINT('Origin',(-8.11992038636929,13.6410112564713,9.0456062327328));
#4325=CARTESIAN_POINT('',(-8.05143470535145,27.249992,6.04638804765784));
#4326=CARTESIAN_POINT('Origin',(-8.1199203863693,27.249992,9.04560623273279));
#4327=CARTESIAN_POINT('Ctrl Pts',(-8.05143471730933,27.2560112564713,6.04638804908336));
#4328=CARTESIAN_POINT('Ctrl Pts',(-8.05143471730933,27.2540048376476,6.04638804908336));
#4329=CARTESIAN_POINT('Ctrl Pts',(-8.05143470535145,27.2519984188238,6.04638804765784));
#4330=CARTESIAN_POINT('Ctrl Pts',(-8.05143470535145,27.249992,6.04638804765784));
#4331=CARTESIAN_POINT('Origin',(28.5306164959362,-24.7339887435286,-9.95439376726721));
#4332=CARTESIAN_POINT('',(30.5719591354399,-26.1772213055726,-3.53712386213864E-15));
#4333=CARTESIAN_POINT('',(30.5719591354399,-26.1772213055726,-9.95439376726721));
#4334=CARTESIAN_POINT('',(30.180216,-26.6125045076872,0.));
#4335=CARTESIAN_POINT('Origin',(28.5306164959362,-24.7339887435286,-1.66533453693773E-14));
#4336=CARTESIAN_POINT('',(30.180216,-26.6125045076872,0.7));
#4337=CARTESIAN_POINT('',(30.180216,-26.6125045076872,-9.95439376726721));
#4338=CARTESIAN_POINT('',(28.5306164959362,-27.2339887435286,0.7));
#4339=CARTESIAN_POINT('Origin',(28.5306164959362,-24.7339887435286,0.699999999999998));
#4340=CARTESIAN_POINT('',(28.5306164959362,-27.2339887435286,-9.95439376726721));
#4341=CARTESIAN_POINT('Origin',(28.5306164959362,-27.2339887435286,-9.95439376726721));
#4342=CARTESIAN_POINT('',(15.088861968946,-27.2339887435286,0.7));
#4343=CARTESIAN_POINT('',(25.5703622479681,-27.2339887435286,0.7));
#4344=CARTESIAN_POINT('',(15.088861968946,-27.2339887435286,0.));
#4345=CARTESIAN_POINT('',(15.088861968946,-27.2339887435286,-4.97719688363361));
#4346=CARTESIAN_POINT('',(14.3011628389906,-27.2339887435286,0.));
#4347=CARTESIAN_POINT('Origin',(-26.9599891647097,24.749992,-9.99));
#4348=CARTESIAN_POINT('Ctrl Pts',(-29.4578491634758,24.8534106955041,6.82505015857886));
#4349=CARTESIAN_POINT('Ctrl Pts',(-29.4592770878996,24.8189522877136,6.82505282955111));
#4350=CARTESIAN_POINT('Ctrl Pts',(-29.4599936592165,24.7844719592123,6.8250541695554));
#4351=CARTESIAN_POINT('Ctrl Pts',(-29.4599891648377,24.749992,6.82505416115006));
#4352=CARTESIAN_POINT('',(-26.9599891647096,27.249992,0.));
#4353=CARTESIAN_POINT('Origin',(-26.9599891647097,24.749992,0.));
#4354=CARTESIAN_POINT('',(-26.9599891647096,27.249992,-9.99));
#4355=CARTESIAN_POINT('Ctrl Pts',(-59.0582544057894,54.756013858658,6.83639480549746));
#4356=CARTESIAN_POINT('Ctrl Pts',(-59.0582544057894,-57.006029858658,6.83639480549746));
#4357=CARTESIAN_POINT('Ctrl Pts',(-55.8070500340578,54.756013858658,6.83639480549746));
#4358=CARTESIAN_POINT('Ctrl Pts',(-55.8070500340578,-57.006029858658,6.83639480549746));
#4359=CARTESIAN_POINT('Ctrl Pts',(-52.5558456623262,54.756013858658,6.83639480549746));
#4360=CARTESIAN_POINT('Ctrl Pts',(-52.5558456623262,-57.006029858658,6.83639480549746));
#4361=CARTESIAN_POINT('Ctrl Pts',(-49.3046412905946,54.756013858658,6.83639480549746));
#4362=CARTESIAN_POINT('Ctrl Pts',(-49.3046412905946,-57.006029858658,6.83639480549746));
#4363=CARTESIAN_POINT('Ctrl Pts',(-46.053436918863,54.756013858658,6.83639480549746));
#4364=CARTESIAN_POINT('Ctrl Pts',(-46.053436918863,-57.006029858658,6.83639480549746));
#4365=CARTESIAN_POINT('Ctrl Pts',(-42.8022325471314,54.756013858658,6.83639480549746));
#4366=CARTESIAN_POINT('Ctrl Pts',(-42.8022325471314,-57.006029858658,6.83639480549746));
#4367=CARTESIAN_POINT('Ctrl Pts',(-40.8147732065984,54.756013858658,6.83639480549746));
#4368=CARTESIAN_POINT('Ctrl Pts',(-40.8147732065984,-57.006029858658,6.83639480549746));
#4369=CARTESIAN_POINT('Ctrl Pts',(-37.0901592401969,54.756013858658,6.83545233225607));
#4370=CARTESIAN_POINT('Ctrl Pts',(-37.0901592401969,-57.006029858658,6.83545233225607));
#4371=CARTESIAN_POINT('Ctrl Pts',(-32.2541495654554,54.756013858658,6.83120797492129));
#4372=CARTESIAN_POINT('Ctrl Pts',(-32.2541495654554,-57.006029858658,6.83120797492129));
#4373=CARTESIAN_POINT('Ctrl Pts',(-27.2454454553185,54.756013858658,6.82145102095934));
#4374=CARTESIAN_POINT('Ctrl Pts',(-27.2454454553185,-57.006029858658,6.82145102095934));
#4375=CARTESIAN_POINT('Ctrl Pts',(-23.00043088708,54.756013858658,6.8099792456046));
#4376=CARTESIAN_POINT('Ctrl Pts',(-23.00043088708,-57.006029858658,6.8099792456046));
#4377=CARTESIAN_POINT('Ctrl Pts',(-20.2461387179733,54.756013858658,6.80709161122747));
#4378=CARTESIAN_POINT('Ctrl Pts',(-20.2461387179733,-57.006029858658,6.80709161122747));
#4379=CARTESIAN_POINT('Ctrl Pts',(-18.3982765112696,54.756013858658,6.81608968444992));
#4380=CARTESIAN_POINT('Ctrl Pts',(-18.3982765112696,-57.006029858658,6.81608968444992));
#4381=CARTESIAN_POINT('Ctrl Pts',(-16.8968167983442,54.756013858658,6.83420384659734));
#4382=CARTESIAN_POINT('Ctrl Pts',(-16.8968167983442,-57.006029858658,6.83420384659734));
#4383=CARTESIAN_POINT('Ctrl Pts',(-15.2872451730185,54.756013858658,6.84320738653858));
#4384=CARTESIAN_POINT('Ctrl Pts',(-15.2872451730185,-57.006029858658,6.84320738653858));
#4385=CARTESIAN_POINT('Ctrl Pts',(-13.3068514278564,54.756013858658,6.8196846088009));
#4386=CARTESIAN_POINT('Ctrl Pts',(-13.3068514278564,-57.006029858658,6.8196846088009));
#4387=CARTESIAN_POINT('Ctrl Pts',(-10.9759325802515,54.756013858658,6.65750978322182));
#4388=CARTESIAN_POINT('Ctrl Pts',(-10.9759325802515,-57.006029858658,6.65750978322182));
#4389=CARTESIAN_POINT('Ctrl Pts',(-8.45049490095891,54.756013858658,6.23234746395608));
#4390=CARTESIAN_POINT('Ctrl Pts',(-8.45049490095891,-57.006029858658,6.23234746395608));
#4391=CARTESIAN_POINT('Ctrl Pts',(-5.91901466155675,54.756013858658,5.45618509491072));
#4392=CARTESIAN_POINT('Ctrl Pts',(-5.91901466155675,-57.006029858658,5.45618509491072));
#4393=CARTESIAN_POINT('Ctrl Pts',(-3.45312390350327,54.756013858658,4.35149214909952));
#4394=CARTESIAN_POINT('Ctrl Pts',(-3.45312390350327,-57.006029858658,4.35149214909952));
#4395=CARTESIAN_POINT('Ctrl Pts',(-0.999060676093603,54.756013858658,3.05018267095385));
#4396=CARTESIAN_POINT('Ctrl Pts',(-0.999060676093603,-57.006029858658,3.05018267095385));
#4397=CARTESIAN_POINT('Ctrl Pts',(1.52665728424844,54.756013858658,1.73079181308429));
#4398=CARTESIAN_POINT('Ctrl Pts',(1.52665728424844,-57.006029858658,1.73079181308429));
#4399=CARTESIAN_POINT('Ctrl Pts',(4.16201140446915,54.756013858658,0.573140794541345));
#4400=CARTESIAN_POINT('Ctrl Pts',(4.16201140446915,-57.006029858658,0.573140794541345));
#4401=CARTESIAN_POINT('Ctrl Pts',(6.83596471342208,54.756013858658,-0.292815097313978));
#4402=CARTESIAN_POINT('Ctrl Pts',(6.83596471342208,-57.006029858658,-0.292815097313978));
#4403=CARTESIAN_POINT('Ctrl Pts',(9.25033095488015,54.756013858658,-0.839346915929138));
#4404=CARTESIAN_POINT('Ctrl Pts',(9.25033095488015,-57.006029858658,-0.839346915929138));
#4405=CARTESIAN_POINT('Ctrl Pts',(11.1850819140304,54.756013858658,-1.11382722327498));
#4406=CARTESIAN_POINT('Ctrl Pts',(11.1850819140304,-57.006029858658,-1.11382722327498));
#4407=CARTESIAN_POINT('Ctrl Pts',(12.6057315438822,54.756013858658,-1.20290075559401));
#4408=CARTESIAN_POINT('Ctrl Pts',(12.6057315438822,-57.006029858658,-1.20290075559401));
#4409=CARTESIAN_POINT('Ctrl Pts',(14.2984962768632,54.756013858658,-1.20675474810896));
#4410=CARTESIAN_POINT('Ctrl Pts',(14.2984962768632,-57.006029858658,-1.20675474810896));
#4411=CARTESIAN_POINT('Ctrl Pts',(16.7621350359166,54.756013858658,-1.18642893277757));
#4412=CARTESIAN_POINT('Ctrl Pts',(16.7621350359166,-57.006029858658,-1.18642893277757));
#4413=CARTESIAN_POINT('Ctrl Pts',(19.9795927711773,54.756013858658,-1.17030092858158));
#4414=CARTESIAN_POINT('Ctrl Pts',(19.9795927711773,-57.006029858658,-1.17030092858158));
#4415=CARTESIAN_POINT('Ctrl Pts',(23.74134896823,54.756013858658,-1.16581959353318));
#4416=CARTESIAN_POINT('Ctrl Pts',(23.74134896823,-57.006029858658,-1.16581959353318));
#4417=CARTESIAN_POINT('Ctrl Pts',(27.7247871302314,54.756013858658,-1.16811496707625));
#4418=CARTESIAN_POINT('Ctrl Pts',(27.7247871302314,-57.006029858658,-1.16811496707625));
#4419=CARTESIAN_POINT('Ctrl Pts',(31.7035872611322,54.756013858658,-1.17125312994365));
#4420=CARTESIAN_POINT('Ctrl Pts',(31.7035872611322,-57.006029858658,-1.17125312994365));
#4421=CARTESIAN_POINT('Ctrl Pts',(35.5993512686387,54.756013858658,-1.17286685926779));
#4422=CARTESIAN_POINT('Ctrl Pts',(35.5993512686387,-57.006029858658,-1.17286685926779));
#4423=CARTESIAN_POINT('Ctrl Pts',(39.426153849667,54.756013858658,-1.17224953101016));
#4424=CARTESIAN_POINT('Ctrl Pts',(39.426153849667,-57.006029858658,-1.17224953101016));
#4425=CARTESIAN_POINT('Ctrl Pts',(43.2611201249689,54.756013858658,-1.17016262032514));
#4426=CARTESIAN_POINT('Ctrl Pts',(43.2611201249689,-57.006029858658,-1.17016262032514));
#4427=CARTESIAN_POINT('Ctrl Pts',(46.4163154450365,54.756013858658,-1.16839828384398));
#4428=CARTESIAN_POINT('Ctrl Pts',(46.4163154450365,-57.006029858658,-1.16839828384398));
#4429=CARTESIAN_POINT('Ctrl Pts',(48.872201002104,54.756013858658,-1.16763618676064));
#4430=CARTESIAN_POINT('Ctrl Pts',(48.872201002104,-57.006029858658,-1.16763618676064));
#4431=CARTESIAN_POINT('Ctrl Pts',(50.5548265465507,54.756013858658,-1.16746676572437));
#4432=CARTESIAN_POINT('Ctrl Pts',(50.5548265465507,-57.006029858658,-1.16746676572437));
#4433=CARTESIAN_POINT('Ctrl Pts',(51.4074822352385,54.756013858658,-1.16746676572437));
#4434=CARTESIAN_POINT('Ctrl Pts',(51.4074822352385,-57.006029858658,-1.16746676572437));
#4435=CARTESIAN_POINT('Ctrl Pts',(54.6586866069701,54.756013858658,-1.16746676572437));
#4436=CARTESIAN_POINT('Ctrl Pts',(54.6586866069701,-57.006029858658,-1.16746676572437));
#4437=CARTESIAN_POINT('Ctrl Pts',(57.9098909787017,54.756013858658,-1.16746676572437));
#4438=CARTESIAN_POINT('Ctrl Pts',(57.9098909787017,-57.006029858658,-1.16746676572437));
#4439=CARTESIAN_POINT('Ctrl Pts',(61.1610953504333,54.756013858658,-1.16746676572437));
#4440=CARTESIAN_POINT('Ctrl Pts',(61.1610953504333,-57.006029858658,-1.16746676572437));
#4441=CARTESIAN_POINT('Ctrl Pts',(64.4122997221649,54.756013858658,-1.16746676572437));
#4442=CARTESIAN_POINT('Ctrl Pts',(64.4122997221649,-57.006029858658,-1.16746676572437));
#4443=CARTESIAN_POINT('Ctrl Pts',(67.6635040938964,54.756013858658,-1.16746676572437));
#4444=CARTESIAN_POINT('Ctrl Pts',(67.6635040938964,-57.006029858658,-1.16746676572437));
#4445=CARTESIAN_POINT('',(28.5400108352903,27.249992,-1.16886683438279));
#4446=CARTESIAN_POINT('Ctrl Pts',(28.5400108352904,27.249992,-1.16886683438279));
#4447=CARTESIAN_POINT('Ctrl Pts',(27.7123727486317,27.249992,-1.16832817575294));
#4448=CARTESIAN_POINT('Ctrl Pts',(26.0624703852429,27.249992,-1.16704407322488));
#4449=CARTESIAN_POINT('Ctrl Pts',(24.3265896521771,27.249992,-1.16735318760202));
#4450=CARTESIAN_POINT('Ctrl Pts',(23.0820974374075,27.249992,-1.16757479870035));
#4451=CARTESIAN_POINT('Ctrl Pts',(21.7934144796413,27.249992,-1.16892848816126));
#4452=CARTESIAN_POINT('Ctrl Pts',(20.7318501658435,27.249992,-1.17146698421609));
#4453=CARTESIAN_POINT('Ctrl Pts',(19.7412101825866,27.249992,-1.17383588043517));
#4454=CARTESIAN_POINT('Ctrl Pts',(18.9359075787017,27.249992,-1.17697108540785));
#4455=CARTESIAN_POINT('Ctrl Pts',(18.1968915469244,27.249992,-1.18054860638965));
#4456=CARTESIAN_POINT('Ctrl Pts',(14.236724666008,27.249992,-1.19971947616607));
#4457=CARTESIAN_POINT('Ctrl Pts',(13.0196534577988,27.249992,-1.22327735638716));
#4458=CARTESIAN_POINT('Ctrl Pts',(11.8345885718317,27.249992,-1.1382070472212));
#4459=CARTESIAN_POINT('Ctrl Pts',(7.39059524945494,27.249992,-0.81919338784888));
#4460=CARTESIAN_POINT('Ctrl Pts',(3.36860686857495,27.249992,0.904208665770704));
#4461=CARTESIAN_POINT('Ctrl Pts',(1.48128178596615,27.249992,1.80504264802636));
#4462=CARTESIAN_POINT('Ctrl Pts',(1.09955805116109,27.249992,1.9872421616738));
#4463=CARTESIAN_POINT('Ctrl Pts',(0.822689011356942,27.249992,2.12479782051553));
#4464=CARTESIAN_POINT('Ctrl Pts',(0.606258829006197,27.249992,2.23291197707206));
#4465=CARTESIAN_POINT('Ctrl Pts',(-2.38754452567551,27.249992,3.72841746097446));
#4466=CARTESIAN_POINT('Ctrl Pts',(-4.74989644731429,27.249992,5.18686285877832));
#4467=CARTESIAN_POINT('Ctrl Pts',(-8.05143470531268,27.249992,6.04638804596014));
#4468=CARTESIAN_POINT('',(31.0400108352904,24.749992,-1.17050319542796));
#4469=CARTESIAN_POINT('Ctrl Pts',(31.0400108352907,24.749992,-1.17050319542796));
#4470=CARTESIAN_POINT('Ctrl Pts',(31.0400108334899,24.8629495939372,-1.17050319542685));
#4471=CARTESIAN_POINT('Ctrl Pts',(31.032355375808,24.976015672307,-1.17049848552258));
#4472=CARTESIAN_POINT('Ctrl Pts',(31.0169997479583,25.0884087940436,-1.17048900653335));
#4473=CARTESIAN_POINT('Ctrl Pts',(30.9845493912921,25.3259241156503,-1.17046897501237));
#4474=CARTESIAN_POINT('Ctrl Pts',(30.9181667536434,25.5570570918017,-1.17042797223405));
#4475=CARTESIAN_POINT('Ctrl Pts',(30.8202924311919,25.7748352849445,-1.17036646907437));
#4476=CARTESIAN_POINT('Ctrl Pts',(30.7818758662315,25.8603152136353,-1.1703423285228));
#4477=CARTESIAN_POINT('Ctrl Pts',(30.738606931602,25.9437376588416,-1.17031502096128));
#4478=CARTESIAN_POINT('Ctrl Pts',(30.6906312070217,26.0246809882219,-1.17028455476014));
#4479=CARTESIAN_POINT('Ctrl Pts',(30.5549225661992,26.25364489257,-1.17019837520196));
#4480=CARTESIAN_POINT('Ctrl Pts',(30.3837296107895,26.4591182894859,-1.17008818694384));
#4481=CARTESIAN_POINT('Ctrl Pts',(30.1838072137934,26.6335882595262,-1.16995712147638));
#4482=CARTESIAN_POINT('Ctrl Pts',(30.1353193574531,26.6759030525165,-1.16992533372447));
#4483=CARTESIAN_POINT('Ctrl Pts',(30.0851417843536,26.7163941481519,-1.16989232605809));
#4484=CARTESIAN_POINT('Ctrl Pts',(30.0333714476916,26.7549543640678,-1.16985816214476));
#4485=CARTESIAN_POINT('Ctrl Pts',(29.8680070333478,26.8781231115214,-1.16974903603346));
#4486=CARTESIAN_POINT('Ctrl Pts',(29.6883065806913,26.9801650532613,-1.16962929542374));
#4487=CARTESIAN_POINT('Ctrl Pts',(29.4984653860478,27.0589674551111,-1.16950245878332));
#4488=CARTESIAN_POINT('Ctrl Pts',(29.4195396107281,27.0917292625509,-1.16944972691866));
#4489=CARTESIAN_POINT('Ctrl Pts',(29.3388616678205,27.1204742319368,-1.16939578191403));
#4490=CARTESIAN_POINT('Ctrl Pts',(29.2567357309799,27.1450505428959,-1.16934093262366));
#4491=CARTESIAN_POINT('Ctrl Pts',(29.0442623944575,27.2086335105889,-1.16919902846794));
#4492=CARTESIAN_POINT('Ctrl Pts',(28.8244233258936,27.2436153531939,-1.16905258536417));
#4493=CARTESIAN_POINT('Ctrl Pts',(28.6030247538692,27.2491977030974,-1.16890792751826));
#4494=CARTESIAN_POINT('Ctrl Pts',(28.5820324400146,27.2497270038971,-1.16889421151785));
#4495=CARTESIAN_POINT('Ctrl Pts',(28.5610261435605,27.249991996381,-1.16888051195193));
#4496=CARTESIAN_POINT('Ctrl Pts',(28.5400108352904,27.249992,-1.16886683438279));
#4497=CARTESIAN_POINT('',(31.0400108352904,11.0000001639128,-1.17050319542796));
#4498=CARTESIAN_POINT('Ctrl Pts',(31.0400108352904,11.0000001639128,-1.17050319542796));
#4499=CARTESIAN_POINT('Ctrl Pts',(31.0400108352904,15.5833307759418,-1.17050319542796));
#4500=CARTESIAN_POINT('Ctrl Pts',(31.0400108352904,20.1666613879709,-1.17050319542796));
#4501=CARTESIAN_POINT('Ctrl Pts',(31.0400108352904,24.749992,-1.17050319542796));
#4502=CARTESIAN_POINT('',(32.2900108352904,11.0000001639128,-1.17121701678167));
#4503=CARTESIAN_POINT('Ctrl Pts',(31.0400108352887,11.0000001639128,-1.17050319542796));
#4504=CARTESIAN_POINT('Ctrl Pts',(31.3563089567173,11.0000001639128,-1.17069801051646));
#4505=CARTESIAN_POINT('Ctrl Pts',(31.6720135257829,11.0000001639128,-1.1708833601422));
#4506=CARTESIAN_POINT('Ctrl Pts',(31.9870404201823,11.0000001639128,-1.1710555041923));
#4507=CARTESIAN_POINT('Ctrl Pts',(32.088100446919,11.0000001639128,-1.17111072767516));
#4508=CARTESIAN_POINT('Ctrl Pts',(32.1890911380383,11.0000001639128,-1.17116459955587));
#4509=CARTESIAN_POINT('Ctrl Pts',(32.2900108352904,11.0000001639128,-1.17121701678167));
#4510=CARTESIAN_POINT('',(32.2900108352904,24.749992,-1.17121701678167));
#4511=CARTESIAN_POINT('Ctrl Pts',(32.2900108352904,24.749992,-1.17121701678167));
#4512=CARTESIAN_POINT('Ctrl Pts',(32.2900108352904,20.1666613879709,-1.17121701678167));
#4513=CARTESIAN_POINT('Ctrl Pts',(32.2900108352904,15.5833307759418,-1.17121701678167));
#4514=CARTESIAN_POINT('Ctrl Pts',(32.2900108352904,11.0000001639128,-1.17121701678167));
#4515=CARTESIAN_POINT('',(28.5400108352903,28.499992,-1.16886683438279));
#4516=CARTESIAN_POINT('Ctrl Pts',(28.5400108352899,28.499992,-1.16886683438279));
#4517=CARTESIAN_POINT('Ctrl Pts',(28.7894729648039,28.499991665039,-1.16902919391052));
#4518=CARTESIAN_POINT('Ctrl Pts',(29.0386380170825,28.4750996707083,-1.16919523562415));
#4519=CARTESIAN_POINT('Ctrl Pts',(29.2837815849748,28.4254926559534,-1.16935899789629));
#4520=CARTESIAN_POINT('Ctrl Pts',(29.5090459084712,28.3799083858234,-1.1695094803167));
#4521=CARTESIAN_POINT('Ctrl Pts',(29.7292619217652,28.3137906958699,-1.16965690082493));
#4522=CARTESIAN_POINT('Ctrl Pts',(29.9417021675713,28.2281785152824,-1.16979756423795));
#4523=CARTESIAN_POINT('Ctrl Pts',(30.1159107097315,28.1579734883831,-1.16991291322948));
#4524=CARTESIAN_POINT('Ctrl Pts',(30.2848914485979,28.0746592311425,-1.17002373742046));
#4525=CARTESIAN_POINT('Ctrl Pts',(30.4471665811643,27.9788086502613,-1.17012856945381));
#4526=CARTESIAN_POINT('Ctrl Pts',(30.6669458012506,27.8489922971471,-1.17027054994192));
#4527=CARTESIAN_POINT('Ctrl Pts',(30.8723611009939,27.69739696935,-1.17040015578671));
#4528=CARTESIAN_POINT('Ctrl Pts',(31.0604448790936,27.5266704465164,-1.17051576862207));
#4529=CARTESIAN_POINT('Ctrl Pts',(31.2388794022796,27.3647026999898,-1.17062545017654));
#4530=CARTESIAN_POINT('Ctrl Pts',(31.4017170360732,27.1855163791806,-1.17072258086622));
#4531=CARTESIAN_POINT('Ctrl Pts',(31.5464563059005,26.9913722962121,-1.1708067860847));
#4532=CARTESIAN_POINT('Ctrl Pts',(31.7311088656366,26.743691055865,-1.17091421172775));
#4533=CARTESIAN_POINT('Ctrl Pts',(31.8840670784759,26.4746416165565,-1.17099937988997));
#4534=CARTESIAN_POINT('Ctrl Pts',(32.0022739079109,26.1905475428806,-1.17106381845758));
#4535=CARTESIAN_POINT('Ctrl Pts',(32.0649599466895,26.0398901552798,-1.17109799075174));
#4536=CARTESIAN_POINT('Ctrl Pts',(32.11787244769,25.8850018151368,-1.17112633540817));
#4537=CARTESIAN_POINT('Ctrl Pts',(32.160548933524,25.7268255985409,-1.17114900574177));
#4538=CARTESIAN_POINT('Ctrl Pts',(32.2265435029584,25.4822231879863,-1.17118406296067));
#4539=CARTESIAN_POINT('Ctrl Pts',(32.2674169822563,25.2321379913264,-1.17120526911728));
#4540=CARTESIAN_POINT('Ctrl Pts',(32.2829177411319,24.9804360416899,-1.17121333032929));
#4541=CARTESIAN_POINT('Ctrl Pts',(32.2876412799705,24.9037350269582,-1.17121578681857));
#4542=CARTESIAN_POINT('Ctrl Pts',(32.2900083423327,24.8268838804134,-1.17121701548684));
#4543=CARTESIAN_POINT('Ctrl Pts',(32.2900108352894,24.749992,-1.17121701678167));
#4544=CARTESIAN_POINT('',(-26.9599891647096,28.499992,6.81993207408541));
#4545=CARTESIAN_POINT('Ctrl Pts',(-26.9599891647097,28.499992,6.81993207408541));
#4546=CARTESIAN_POINT('Ctrl Pts',(-24.1895588854309,28.499992,6.81383567807425));
#4547=CARTESIAN_POINT('Ctrl Pts',(-21.4190719356506,28.4999919999962,6.79808283909585));
#4548=CARTESIAN_POINT('Ctrl Pts',(-15.9108910951238,28.4999919999962,6.83585192837881));
#4549=CARTESIAN_POINT('Ctrl Pts',(-13.7269870836584,28.4999919999972,6.88841741311926));
#4550=CARTESIAN_POINT('Ctrl Pts',(-6.62246422946996,28.4999919999972,6.15146911284898));
#4551=CARTESIAN_POINT('Ctrl Pts',(-3.91177622738559,28.4999919999949,4.55329239105109));
#4552=CARTESIAN_POINT('Ctrl Pts',(1.60645663810176,28.4999919999949,1.71116388422172));
#4553=CARTESIAN_POINT('Ctrl Pts',(3.67476908409628,28.4999919999954,0.706202690378971));
#4554=CARTESIAN_POINT('Ctrl Pts',(10.2017215039136,28.4999919999954,-1.24150768439225));
#4555=CARTESIAN_POINT('Ctrl Pts',(12.6020964678239,28.4999919999939,-1.20858599414458));
#4556=CARTESIAN_POINT('Ctrl Pts',(20.3756502077226,28.4999919999939,-1.17645677056552));
#4557=CARTESIAN_POINT('Ctrl Pts',(23.2048747162328,28.499992,-1.16539452304495));
#4558=CARTESIAN_POINT('Ctrl Pts',(28.5400108352904,28.499992,-1.16886683438279));
#4559=CARTESIAN_POINT('',(-30.7099891647097,24.749992,6.82726600454121));
#4560=CARTESIAN_POINT('Ctrl Pts',(-30.7099891647097,24.749992,6.82726600454121));
#4561=CARTESIAN_POINT('Ctrl Pts',(-30.7099891647097,25.1960457075473,6.82726600454121));
#4562=CARTESIAN_POINT('Ctrl Pts',(-30.6303977045205,25.6389589183258,6.82713480162195));
#4563=CARTESIAN_POINT('Ctrl Pts',(-30.3023289138947,26.5206448851822,6.82657511705902));
#4564=CARTESIAN_POINT('Ctrl Pts',(-30.0403182261331,26.9449906861723,6.82612175939396));
#4565=CARTESIAN_POINT('Ctrl Pts',(-29.3947561952047,27.6378450472979,6.82493941200714));
#4566=CARTESIAN_POINT('Ctrl Pts',(-29.0283540357792,27.9106330979015,6.8242445709774));
#4567=CARTESIAN_POINT('Ctrl Pts',(-28.334243262708,28.2538654483067,6.82285812816908));
#4568=CARTESIAN_POINT('Ctrl Pts',(-28.0291659680189,28.3586710267369,6.82223017835915));
#4569=CARTESIAN_POINT('Ctrl Pts',(-27.4661212753628,28.4743195874334,6.82103683123217));
#4570=CARTESIAN_POINT('Ctrl Pts',(-27.2133275755713,28.499992,6.82048955112751));
#4571=CARTESIAN_POINT('Ctrl Pts',(-26.9599891647096,28.499992,6.81993207408541));
#4572=CARTESIAN_POINT('',(-30.7099891647096,-24.750008,6.82726600454121));
#4573=CARTESIAN_POINT('Ctrl Pts',(-30.7099891647096,-24.750008,6.82726600454121));
#4574=CARTESIAN_POINT('Ctrl Pts',(-30.7099891647096,-8.250008,6.82726600454121));
#4575=CARTESIAN_POINT('Ctrl Pts',(-30.7099891647097,8.24999199999999,6.82726600454121));
#4576=CARTESIAN_POINT('Ctrl Pts',(-30.7099891647097,24.749992,6.82726600454121));
#4577=CARTESIAN_POINT('',(-26.9599891647096,-28.500008,6.81993207408541));
#4578=CARTESIAN_POINT('Ctrl Pts',(-26.9599891647096,-28.500008,6.81993207408541));
#4579=CARTESIAN_POINT('Ctrl Pts',(-27.131604553139,-28.500008,6.8203097177234));
#4580=CARTESIAN_POINT('Ctrl Pts',(-27.3031699594869,-28.4882272262272,6.82068318014449));
#4581=CARTESIAN_POINT('Ctrl Pts',(-27.775315775235,-28.4229624903455,6.82169725330991));
#4582=CARTESIAN_POINT('Ctrl Pts',(-28.0709545051054,-28.3446023123355,6.82231626334045));
#4583=CARTESIAN_POINT('Ctrl Pts',(-28.734322306729,-28.0790041400217,6.82366663322751));
#4584=CARTESIAN_POINT('Ctrl Pts',(-29.0872702425164,-27.8653167913163,6.8243538057182));
#4585=CARTESIAN_POINT('Ctrl Pts',(-29.7372052649377,-27.3089562252971,6.82557557835924));
#4586=CARTESIAN_POINT('Ctrl Pts',(-30.0214228352726,-26.9610641774329,6.82608285750557));
#4587=CARTESIAN_POINT('Ctrl Pts',(-30.4629317044824,-26.166523171012,6.82685325151927));
#4588=CARTESIAN_POINT('Ctrl Pts',(-30.610977451501,-25.7233560019993,6.82710046876457));
#4589=CARTESIAN_POINT('Ctrl Pts',(-30.6981934518978,-25.0936265670938,6.82724637528402));
#4590=CARTESIAN_POINT('Ctrl Pts',(-30.7099891647096,-24.9217346197366,6.82726600454121));
#4591=CARTESIAN_POINT('Ctrl Pts',(-30.7099891647096,-24.750008,6.82726600454121));
#4592=CARTESIAN_POINT('',(28.5400108352903,-28.500008,-1.16886683438279));
#4593=CARTESIAN_POINT('Ctrl Pts',(28.5400108352904,-28.500008,-1.16886683438279));
#4594=CARTESIAN_POINT('Ctrl Pts',(27.0836729954022,-28.500008,-1.16791899382534));
#4595=CARTESIAN_POINT('Ctrl Pts',(23.0813549548594,-28.500008,-1.16545308077098));
#4596=CARTESIAN_POINT('Ctrl Pts',(20.5446066388077,-28.500008,-1.17192982343239));
#4597=CARTESIAN_POINT('Ctrl Pts',(19.6002826013693,-28.500008,-1.1743408406156));
#4598=CARTESIAN_POINT('Ctrl Pts',(18.817808501997,-28.500008,-1.17748032401764));
#4599=CARTESIAN_POINT('Ctrl Pts',(18.102242388399,-28.500008,-1.18101122790572));
#4600=CARTESIAN_POINT('Ctrl Pts',(14.3402069722501,-28.500008,-1.19957469147051));
#4601=CARTESIAN_POINT('Ctrl Pts',(13.0892446408232,-28.500008,-1.22141133064733));
#4602=CARTESIAN_POINT('Ctrl Pts',(11.9464041568496,-28.500008,-1.14591310267466));
#4603=CARTESIAN_POINT('Ctrl Pts',(10.6492658191861,-28.500008,-1.06022166340355));
#4604=CARTESIAN_POINT('Ctrl Pts',(9.3906679593618,-28.500008,-0.846412488464254));
#4605=CARTESIAN_POINT('Ctrl Pts',(8.20681312449409,-28.500008,-0.577597989756251));
#4606=CARTESIAN_POINT('Ctrl Pts',(6.25992889770629,-28.500008,-0.135524610442848));
#4607=CARTESIAN_POINT('Ctrl Pts',(4.51931725683306,-28.500008,0.479628913865819));
#4608=CARTESIAN_POINT('Ctrl Pts',(3.17800075362617,-28.500008,1.04219601348172));
#4609=CARTESIAN_POINT('Ctrl Pts',(2.05987370290669,-28.500008,1.51115430216411));
#4610=CARTESIAN_POINT('Ctrl Pts',(1.2143143574074,-28.500008,1.9308477220066));
#4611=CARTESIAN_POINT('Ctrl Pts',(0.748095115775572,-28.500008,2.16227975980298));
#4612=CARTESIAN_POINT('Ctrl Pts',(0.492714385265021,-28.500008,2.28905119606785));
#4613=CARTESIAN_POINT('Ctrl Pts',(0.278998680210598,-28.500008,2.39705174453722));
#4614=CARTESIAN_POINT('Ctrl Pts',(0.0510779462535014,-28.500008,2.51324316513104));
#4615=CARTESIAN_POINT('Ctrl Pts',(-3.37049874236456,-28.500008,4.2575243861456));
#4616=CARTESIAN_POINT('Ctrl Pts',(-6.05980150332968,-28.500008,5.9087811984425));
#4617=CARTESIAN_POINT('Ctrl Pts',(-10.5457323811481,-28.500008,6.54124456769383));
#4618=CARTESIAN_POINT('Ctrl Pts',(-11.8156179930706,-28.500008,6.72028346832684));
#4619=CARTESIAN_POINT('Ctrl Pts',(-13.2637626526276,-28.500008,6.80881116831422));
#4620=CARTESIAN_POINT('Ctrl Pts',(-14.7284428036169,-28.500008,6.82949777963488));
#4621=CARTESIAN_POINT('Ctrl Pts',(-15.9235310952597,-28.500008,6.8463767732953));
#4622=CARTESIAN_POINT('Ctrl Pts',(-17.178834540786,-28.500008,6.82776426005801));
#4623=CARTESIAN_POINT('Ctrl Pts',(-18.5165681156819,-28.500008,6.81801381623121));
#4624=CARTESIAN_POINT('Ctrl Pts',(-21.330955358579,-28.500008,6.79750037077863));
#4625=CARTESIAN_POINT('Ctrl Pts',(-24.1455123385524,-28.500008,6.81373875262744));
#4626=CARTESIAN_POINT('Ctrl Pts',(-26.9599891647096,-28.500008,6.8199320740854));
#4627=CARTESIAN_POINT('',(32.2900108352904,-24.750008,-1.17121701678167));
#4628=CARTESIAN_POINT('Ctrl Pts',(32.2900108352904,-24.750008,-1.17121701678167));
#4629=CARTESIAN_POINT('Ctrl Pts',(32.2900068971484,-25.0070097531407,-1.17121701473622));
#4630=CARTESIAN_POINT('Ctrl Pts',(32.2635762818458,-25.2628955530592,-1.1712033787372));
#4631=CARTESIAN_POINT('Ctrl Pts',(32.2114198672275,-25.5136632922768,-1.17117591236924));
#4632=CARTESIAN_POINT('Ctrl Pts',(32.1704792061986,-25.7105057532363,-1.17115435238916));
#4633=CARTESIAN_POINT('Ctrl Pts',(32.1136860422145,-25.9041946645297,-1.1711242424003));
#4634=CARTESIAN_POINT('Ctrl Pts',(32.0413569748096,-26.0927943615381,-1.17108505799401));
#4635=CARTESIAN_POINT('Ctrl Pts',(31.9096238297046,-26.4362915493795,-1.17101369131855));
#4636=CARTESIAN_POINT('Ctrl Pts',(31.7283053397915,-26.7578885581277,-1.17091322193678));
#4637=CARTESIAN_POINT('Ctrl Pts',(31.5037490060026,-27.0475601359827,-1.17078187260802));
#4638=CARTESIAN_POINT('Ctrl Pts',(31.4253836718955,-27.1486492907483,-1.17073603451537));
#4639=CARTESIAN_POINT('Ctrl Pts',(31.3417520498885,-27.2458503750394,-1.17068643704709));
#4640=CARTESIAN_POINT('Ctrl Pts',(31.253123543305,-27.3387373086782,-1.17063304353878));
#4641=CARTESIAN_POINT('Ctrl Pts',(31.080460696053,-27.5196962693199,-1.17052902423929));
#4642=CARTESIAN_POINT('Ctrl Pts',(30.8905095524925,-27.682536557035,-1.17041152741145));
#4643=CARTESIAN_POINT('Ctrl Pts',(30.6862780401811,-27.8250803568137,-1.17028178988731));
#4644=CARTESIAN_POINT('Ctrl Pts',(30.5105443080518,-27.9477340729003,-1.17017015550211));
#4645=CARTESIAN_POINT('Ctrl Pts',(30.3242373355089,-28.0553603264733,-1.17004946388833));
#4646=CARTESIAN_POINT('Ctrl Pts',(30.1293047883991,-28.1465716650315,-1.16992134476171));
#4647=CARTESIAN_POINT('Ctrl Pts',(29.9201929709579,-28.2444176587352,-1.16978390633076));
#4648=CARTESIAN_POINT('Ctrl Pts',(29.7028334593094,-28.3225878411192,-1.16963901634498));
#4649=CARTESIAN_POINT('Ctrl Pts',(29.4800338932203,-28.3802788889423,-1.16949014365945));
#4650=CARTESIAN_POINT('Ctrl Pts',(29.3140342229983,-28.4232623430015,-1.1693792241584));
#4651=CARTESIAN_POINT('Ctrl Pts',(29.1450158505033,-28.4548774488176,-1.16926612077324));
#4652=CARTESIAN_POINT('Ctrl Pts',(28.9741588526892,-28.4747919533336,-1.16915264074779));
#4653=CARTESIAN_POINT('Ctrl Pts',(28.8298551313445,-28.4916114991945,-1.16905679691243));
#4654=CARTESIAN_POINT('Ctrl Pts',(28.6848961126157,-28.5000080157252,-1.16896113128167));
#4655=CARTESIAN_POINT('Ctrl Pts',(28.5400108352903,-28.500008,-1.16886683438279));
#4656=CARTESIAN_POINT('',(32.2900108352904,-2.99999983608723,-1.17121701678167));
#4657=CARTESIAN_POINT('Ctrl Pts',(32.2900108352904,-2.99999983608723,-1.17121701678167));
#4658=CARTESIAN_POINT('Ctrl Pts',(32.2900108352904,-10.2500025573915,-1.17121701678167));
#4659=CARTESIAN_POINT('Ctrl Pts',(32.2900108352904,-17.5000052786957,-1.17121701678167));
#4660=CARTESIAN_POINT('Ctrl Pts',(32.2900108352904,-24.750008,-1.17121701678167));
#4661=CARTESIAN_POINT('',(31.0400108352904,-2.99999983608723,-1.17050319542796));
#4662=CARTESIAN_POINT('Ctrl Pts',(32.2900108352904,-2.99999983608724,-1.17121701678167));
#4663=CARTESIAN_POINT('Ctrl Pts',(31.9754213795413,-2.99999983608724,-1.17105362046772));
#4664=CARTESIAN_POINT('Ctrl Pts',(31.6601382720163,-2.99999983608724,-1.1708760200479));
#4665=CARTESIAN_POINT('Ctrl Pts',(31.344228941644,-2.99999983608724,-1.17068765024533));
#4666=CARTESIAN_POINT('Ctrl Pts',(31.2428858311311,-2.99999983608724,-1.17062722157203));
#4667=CARTESIAN_POINT('Ctrl Pts',(31.1414786692311,-2.99999983608724,-1.17056569173669));
#4668=CARTESIAN_POINT('Ctrl Pts',(31.040010835289,-2.99999983608724,-1.17050319542796));
#4669=CARTESIAN_POINT('',(31.0400108352903,-24.750008,-1.17050319542796));
#4670=CARTESIAN_POINT('Ctrl Pts',(31.0400108352903,-24.750008,-1.17050319542796));
#4671=CARTESIAN_POINT('Ctrl Pts',(31.0400108352903,-17.5000052786957,-1.17050319542796));
#4672=CARTESIAN_POINT('Ctrl Pts',(31.0400108352904,-10.2500025573915,-1.17050319542796));
#4673=CARTESIAN_POINT('Ctrl Pts',(31.0400108352904,-2.99999983608723,-1.17050319542796));
#4674=CARTESIAN_POINT('',(30.5021242180662,-26.2992371867715,-1.17016401003553));
#4675=CARTESIAN_POINT('Ctrl Pts',(30.502124218064,-26.2992371867702,-1.17016401003553));
#4676=CARTESIAN_POINT('Ctrl Pts',(30.5973900052838,-26.1785820002973,-1.17022533361289));
#4677=CARTESIAN_POINT('Ctrl Pts',(30.6815580600929,-26.049100607123,-1.17027892101729));
#4678=CARTESIAN_POINT('Ctrl Pts',(30.7533830975856,-25.9123260410293,-1.1703243062123));
#4679=CARTESIAN_POINT('Ctrl Pts',(30.8614422085583,-25.7065518635043,-1.17039258719057));
#4680=CARTESIAN_POINT('Ctrl Pts',(30.9400808994604,-25.4870809943893,-1.17044141614922));
#4681=CARTESIAN_POINT('Ctrl Pts',(30.9873623431558,-25.2603601545488,-1.17047068548048));
#4682=CARTESIAN_POINT('Ctrl Pts',(31.0047975006319,-25.1767562449224,-1.17048147862383));
#4683=CARTESIAN_POINT('Ctrl Pts',(31.0179682793844,-25.0921664950499,-1.17048960668956));
#4684=CARTESIAN_POINT('Ctrl Pts',(31.0267756463153,-25.0069141592254,-1.17049503832658));
#4685=CARTESIAN_POINT('Ctrl Pts',(31.035609625111,-24.9214042295422,-1.17050048637554));
#4686=CARTESIAN_POINT('Ctrl Pts',(31.0400112387425,-24.8356557985771,-1.17050319567645));
#4687=CARTESIAN_POINT('Ctrl Pts',(31.0400108352903,-24.750008,-1.17050319542796));
#4688=CARTESIAN_POINT('',(27.500000461936,-28.0000004172325,-1.16822346039527));
#4689=CARTESIAN_POINT('Ctrl Pts',(30.5021242180661,-26.2992371867715,-1.17016401003553));
#4690=CARTESIAN_POINT('Ctrl Pts',(30.3556811760811,-26.5435876233538,-1.17006974312737));
#4691=CARTESIAN_POINT('Ctrl Pts',(30.1800416767208,-26.7689962675889,-1.16995518576927));
#4692=CARTESIAN_POINT('Ctrl Pts',(29.9792128445554,-26.9705292870487,-1.16982238512054));
#4693=CARTESIAN_POINT('Ctrl Pts',(29.9133658832472,-27.0366071344952,-1.16977884297032));
#4694=CARTESIAN_POINT('Ctrl Pts',(29.8448113482987,-27.1001182879416,-1.1697333526817));
#4695=CARTESIAN_POINT('Ctrl Pts',(29.7736919078245,-27.1608888418463,-1.16968603374049));
#4696=CARTESIAN_POINT('Ctrl Pts',(29.6016151859539,-27.3079259618303,-1.1695715434094));
#4697=CARTESIAN_POINT('Ctrl Pts',(29.416012066031,-27.4376497644818,-1.16944725975876));
#4698=CARTESIAN_POINT('Ctrl Pts',(29.2195971467958,-27.5484443827238,-1.16931613379127));
#4699=CARTESIAN_POINT('Ctrl Pts',(29.0638765935324,-27.6362839384889,-1.16921217525143));
#4700=CARTESIAN_POINT('Ctrl Pts',(28.9013609603306,-27.7122254704672,-1.16910393642437));
#4701=CARTESIAN_POINT('Ctrl Pts',(28.7334265705832,-27.7754637485076,-1.16899343912225));
#4702=CARTESIAN_POINT('Ctrl Pts',(28.5129719764325,-27.8584793175113,-1.16884838462847));
#4703=CARTESIAN_POINT('Ctrl Pts',(28.2848797210161,-27.9189596494212,-1.16870054497704));
#4704=CARTESIAN_POINT('Ctrl Pts',(28.0526388112609,-27.9560953027577,-1.16855570007265));
#4705=CARTESIAN_POINT('Ctrl Pts',(27.9791889722678,-27.9678400369708,-1.1685098905944));
#4706=CARTESIAN_POINT('Ctrl Pts',(27.9053245800419,-27.9772497428934,-1.16846438781182));
#4707=CARTESIAN_POINT('Ctrl Pts',(27.8311570391875,-27.9842988145204,-1.16841939091641));
#4708=CARTESIAN_POINT('Ctrl Pts',(27.7209832701327,-27.9947700096085,-1.16835254931016));
#4709=CARTESIAN_POINT('Ctrl Pts',(27.6104738686568,-28.0000004202471,-1.16828702765951));
#4710=CARTESIAN_POINT('Ctrl Pts',(27.500000461936,-28.0000004172325,-1.16822346039527));
#4711=CARTESIAN_POINT('',(15.04,-28.0000004172325,-1.19846488156409));
#4712=CARTESIAN_POINT('Ctrl Pts',(27.500000461936,-28.0000004172325,-1.16822346039527));
#4713=CARTESIAN_POINT('Ctrl Pts',(27.2120331127252,-28.0000004172325,-1.16805776172512));
#4714=CARTESIAN_POINT('Ctrl Pts',(26.9242896887751,-28.0000004172325,-1.16790523564444));
#4715=CARTESIAN_POINT('Ctrl Pts',(26.6370732666057,-28.0000004172325,-1.16777392400173));
#4716=CARTESIAN_POINT('Ctrl Pts',(26.3406349645355,-28.0000004172325,-1.1676383962345));
#4717=CARTESIAN_POINT('Ctrl Pts',(26.0447580730105,-28.0000004172325,-1.16752549026613));
#4718=CARTESIAN_POINT('Ctrl Pts',(25.7498317704405,-28.0000004172325,-1.16744500497206));
#4719=CARTESIAN_POINT('Ctrl Pts',(25.4479675336672,-28.0000004172325,-1.16736262631795));
#4720=CARTESIAN_POINT('Ctrl Pts',(25.1470992770063,-28.0000004172325,-1.16731424144315));
#4721=CARTESIAN_POINT('Ctrl Pts',(24.8477006225704,-28.0000004172325,-1.16731093289572));
#4722=CARTESIAN_POINT('Ctrl Pts',(24.5394528689236,-28.0000004172325,-1.16730752656007));
#4723=CARTESIAN_POINT('Ctrl Pts',(24.2327630100404,-28.0000004172325,-1.16735193677828));
#4724=CARTESIAN_POINT('Ctrl Pts',(23.9282048694691,-28.0000004172325,-1.16745635132777));
#4725=CARTESIAN_POINT('Ctrl Pts',(23.5920945757219,-28.0000004172325,-1.16757158320051));
#4726=CARTESIAN_POINT('Ctrl Pts',(23.2585807766727,-28.0000004172325,-1.16775999233395));
#4727=CARTESIAN_POINT('Ctrl Pts',(22.9285041726478,-28.0000004172325,-1.16803713669614));
#4728=CARTESIAN_POINT('Ctrl Pts',(22.4744636327979,-28.0000004172325,-1.16841836570265));
#4729=CARTESIAN_POINT('Ctrl Pts',(22.0269311935184,-28.0000004172325,-1.16896841341127));
#4730=CARTESIAN_POINT('Ctrl Pts',(21.5881972298241,-28.0000004172325,-1.16971825924901));
#4731=CARTESIAN_POINT('Ctrl Pts',(21.2587261794858,-28.0000004172325,-1.17028136244183));
#4732=CARTESIAN_POINT('Ctrl Pts',(20.9342210231079,-28.0000004172325,-1.17095700331062));
#4733=CARTESIAN_POINT('Ctrl Pts',(20.6156300341559,-28.0000004172325,-1.17175069149415));
#4734=CARTESIAN_POINT('Ctrl Pts',(20.3368629188228,-28.0000004172325,-1.17244516865475));
#4735=CARTESIAN_POINT('Ctrl Pts',(20.0626248460935,-28.0000004172325,-1.17322999814569));
#4736=CARTESIAN_POINT('Ctrl Pts',(19.7935060772082,-28.0000004172325,-1.174102977428));
#4737=CARTESIAN_POINT('Ctrl Pts',(19.5448404784106,-28.0000004172325,-1.17490960981886));
#4738=CARTESIAN_POINT('Ctrl Pts',(19.3005455549458,-28.0000004172325,-1.17579148715564));
#4739=CARTESIAN_POINT('Ctrl Pts',(19.0610399571267,-28.0000004172325,-1.17674172544151));
#4740=CARTESIAN_POINT('Ctrl Pts',(18.8277406517843,-28.0000004172325,-1.17766734026647));
#4741=CARTESIAN_POINT('Ctrl Pts',(18.598985865206,-28.0000004172325,-1.17865783940937));
#4742=CARTESIAN_POINT('Ctrl Pts',(18.3751149909956,-28.0000004172325,-1.17970168502085));
#4743=CARTESIAN_POINT('Ctrl Pts',(18.1563714785252,-28.0000004172325,-1.18072162321664));
#4744=CARTESIAN_POINT('Ctrl Pts',(17.9422908896182,-28.0000004172325,-1.18179250996614));
#4745=CARTESIAN_POINT('Ctrl Pts',(17.7331412473089,-28.0000004172325,-1.18289829634342));
#4746=CARTESIAN_POINT('Ctrl Pts',(17.5282841153254,-28.0000004172325,-1.18398138796784));
#4747=CARTESIAN_POINT('Ctrl Pts',(17.3281577501047,-28.0000004172325,-1.18509797706745));
#4748=CARTESIAN_POINT('Ctrl Pts',(17.1329645815312,-28.0000004172325,-1.18622760638934));
#4749=CARTESIAN_POINT('Ctrl Pts',(16.9383639349577,-28.0000004172325,-1.1873538066454));
#4750=CARTESIAN_POINT('Ctrl Pts',(16.748667007237,-28.0000004172325,-1.18849300010276));
#4751=CARTESIAN_POINT('Ctrl Pts',(16.5640208490579,-28.0000004172325,-1.1896191456036));
#4752=CARTESIAN_POINT('Ctrl Pts',(16.3987360230276,-28.0000004172325,-1.19062720753691));
#4753=CARTESIAN_POINT('Ctrl Pts',(16.2374982411401,-28.0000004172325,-1.1916247605966));
#4754=CARTESIAN_POINT('Ctrl Pts',(16.0803678129515,-28.0000004172325,-1.19258881125165));
#4755=CARTESIAN_POINT('Ctrl Pts',(15.9287369075932,-28.0000004172325,-1.19351912039242));
#4756=CARTESIAN_POINT('Ctrl Pts',(15.7809312159998,-28.0000004172325,-1.19441823012394));
#4757=CARTESIAN_POINT('Ctrl Pts',(15.636957649229,-28.0000004172325,-1.19526152924282));
#4758=CARTESIAN_POINT('Ctrl Pts',(15.4990995820915,-28.0000004172325,-1.19606900792905));
#4759=CARTESIAN_POINT('Ctrl Pts',(15.3647551622505,-28.0000004172325,-1.19682530843496));
#4760=CARTESIAN_POINT('Ctrl Pts',(15.2338829072316,-28.0000004172325,-1.19750521474824));
#4761=CARTESIAN_POINT('Ctrl Pts',(15.1683898789628,-28.0000004172325,-1.19784546351517));
#4762=CARTESIAN_POINT('Ctrl Pts',(15.1037656281833,-28.0000004172325,-1.19816652358272));
#4763=CARTESIAN_POINT('Ctrl Pts',(15.0400000000073,-28.0000004172325,-1.19846488156406));
#4764=CARTESIAN_POINT('',(6.04511936754038,-27.9173540066351,0.));
#4765=CARTESIAN_POINT('Ctrl Pts',(15.04,-28.0000004172325,-1.19846488156409));
#4766=CARTESIAN_POINT('Ctrl Pts',(13.0487699554187,-27.9817046751785,-1.20778180344622));
#4767=CARTESIAN_POINT('Ctrl Pts',(12.0190942923208,-27.9722438495031,-1.19145502494058));
#4768=CARTESIAN_POINT('Ctrl Pts',(9.89507223340212,-27.9527279930541,-0.922087371803219));
#4769=CARTESIAN_POINT('Ctrl Pts',(8.21433451443791,-27.9372851044484,-0.667459664007049));
#4770=CARTESIAN_POINT('Ctrl Pts',(6.04511936754038,-27.9173540066351,7.11236625150491E-16));
#4771=CARTESIAN_POINT('',(6.04511936754024,-27.250008,2.15365919542521E-14));
#4772=CARTESIAN_POINT('Ctrl Pts',(6.04511936754038,-27.9173540066351,0.));
#4773=CARTESIAN_POINT('Ctrl Pts',(6.04511936754038,-27.6949053377567,0.));
#4774=CARTESIAN_POINT('Ctrl Pts',(6.04511936754024,-27.4724566688784,2.15312577013165E-14));
#4775=CARTESIAN_POINT('Ctrl Pts',(6.04511936754024,-27.250008,2.15365919542521E-14));
#4776=CARTESIAN_POINT('',(-26.9599891647096,-27.250008,6.81993207408541));
#4777=CARTESIAN_POINT('Ctrl Pts',(-26.9599891647096,-27.250008,6.81993207408541));
#4778=CARTESIAN_POINT('Ctrl Pts',(-24.1895588854309,-27.250008,6.81383567807426));
#4779=CARTESIAN_POINT('Ctrl Pts',(-21.4190719356506,-27.2500080000008,6.79808283909586));
#4780=CARTESIAN_POINT('Ctrl Pts',(-15.9108910951206,-27.2500080000008,6.83585192837883));
#4781=CARTESIAN_POINT('Ctrl Pts',(-13.7269870836568,-27.2500080000008,6.88841741311915));
#4782=CARTESIAN_POINT('Ctrl Pts',(-6.62246422946911,-27.2500080000008,6.15146911284878));
#4783=CARTESIAN_POINT('Ctrl Pts',(-3.91177622738515,-27.2500080000031,4.55329239105082));
#4784=CARTESIAN_POINT('Ctrl Pts',(1.54501615371752,-27.2500080000031,1.74280839006237));
#4785=CARTESIAN_POINT('Ctrl Pts',(3.54503449078779,-27.250008,0.769267084555003));
#4786=CARTESIAN_POINT('Ctrl Pts',(6.04511936754024,-27.250008,4.30731839085041E-14));
#4787=CARTESIAN_POINT('Ctrl Pts',(-29.4599891647663,-24.750008,6.82505416114992));
#4788=CARTESIAN_POINT('Ctrl Pts',(-29.4600169714837,-24.8574797771268,6.82505421315379));
#4789=CARTESIAN_POINT('Ctrl Pts',(-29.4531053940454,-24.9648017545375,6.82504129845058));
#4790=CARTESIAN_POINT('Ctrl Pts',(-29.4393001105556,-25.0713033550806,6.82501543497315));
#4791=CARTESIAN_POINT('Ctrl Pts',(-29.4254335886961,-25.1782773823134,6.82498945676883));
#4792=CARTESIAN_POINT('Ctrl Pts',(-29.4046120845116,-25.2844237383746,6.82495041422453));
#4793=CARTESIAN_POINT('Ctrl Pts',(-29.3769344647102,-25.3890628827008,6.82489829070571));
#4794=CARTESIAN_POINT('Ctrl Pts',(-29.3715990128073,-25.4092343109421,6.82488824278506));
#4795=CARTESIAN_POINT('Ctrl Pts',(-29.3660089377277,-25.4293497300045,6.82487770867532));
#4796=CARTESIAN_POINT('Ctrl Pts',(-29.3601651696618,-25.4494042719749,6.82486668813757));
#4797=CARTESIAN_POINT('Ctrl Pts',(-29.3282925473847,-25.5587841847219,6.82480658078337));
#4798=CARTESIAN_POINT('Ctrl Pts',(-29.2890813128081,-25.6656144002276,6.82473240518062));
#4799=CARTESIAN_POINT('Ctrl Pts',(-29.2428511234912,-25.7691920676968,6.82464437702405));
#4800=CARTESIAN_POINT('Ctrl Pts',(-29.1949299898065,-25.876558256823,6.82455312909448));
#4801=CARTESIAN_POINT('Ctrl Pts',(-29.1394671398818,-25.9804296120233,6.82444699474247));
#4802=CARTESIAN_POINT('Ctrl Pts',(-29.0768759053864,-26.0800233034499,6.82432621474568));
#4803=CARTESIAN_POINT('Ctrl Pts',(-29.024979316071,-26.1625999285003,6.82422607181127));
#4804=CARTESIAN_POINT('Ctrl Pts',(-28.9681833857956,-26.2422358093823,6.82411585978994));
#4805=CARTESIAN_POINT('Ctrl Pts',(-28.9067507682803,-26.318484732012,6.8239957329505));
#4806=CARTESIAN_POINT('Ctrl Pts',(-28.8115820546379,-26.4366062149763,6.82380963772542));
#4807=CARTESIAN_POINT('Ctrl Pts',(-28.7061001087613,-26.5455367411477,6.82360132648889));
#4808=CARTESIAN_POINT('Ctrl Pts',(-28.5917182682528,-26.644075393994,6.82337235102185));
#4809=CARTESIAN_POINT('Ctrl Pts',(-28.4592158050592,-26.7582247568987,6.82310710075784));
#4810=CARTESIAN_POINT('Ctrl Pts',(-28.3147730338274,-26.8584288286248,6.82281409652202));
#4811=CARTESIAN_POINT('Ctrl Pts',(-28.1606441021799,-26.9428207419204,6.82249626465979));
#4812=CARTESIAN_POINT('Ctrl Pts',(-28.0477048243034,-27.0046596299496,6.82226337067537));
#4813=CARTESIAN_POINT('Ctrl Pts',(-27.9302777896778,-27.0576095645751,6.82201862111121));
#4814=CARTESIAN_POINT('Ctrl Pts',(-27.8094561891673,-27.101261256992,6.82176395995992));
#4815=CARTESIAN_POINT('Ctrl Pts',(-27.716236466069,-27.1349406542412,6.82156747653389));
#4816=CARTESIAN_POINT('Ctrl Pts',(-27.6209953584631,-27.1630849281471,6.82136509690737));
#4817=CARTESIAN_POINT('Ctrl Pts',(-27.524213435565,-27.1855060952934,6.8211577899246));
#4818=CARTESIAN_POINT('Ctrl Pts',(-27.4187606678863,-27.2099360100891,6.82093190998301));
#4819=CARTESIAN_POINT('Ctrl Pts',(-27.3119154944093,-27.2274696656573,6.82070111357576));
#4820=CARTESIAN_POINT('Ctrl Pts',(-27.2043787356276,-27.2380331280786,6.82046702232521));
#4821=CARTESIAN_POINT('Ctrl Pts',(-27.123216620103,-27.2460057782411,6.82029034468181));
#4822=CARTESIAN_POINT('Ctrl Pts',(-27.0416595798651,-27.2500079974774,6.82011179172599));
#4823=CARTESIAN_POINT('Ctrl Pts',(-26.9599891647096,-27.250008,6.81993207408541));
#4824=CARTESIAN_POINT('Origin',(27.500000461936,-24.5000004172325,0.));
#4825=CARTESIAN_POINT('',(27.500000461936,-28.0000004172325,0.));
#4826=CARTESIAN_POINT('',(30.5021242180886,-26.299237186739,-7.69));
#4827=CARTESIAN_POINT('',(30.5021242180886,-26.299237186739,0.));
#4828=CARTESIAN_POINT('',(30.9910599298567,-24.750008,-8.07007436793105));
#4829=CARTESIAN_POINT('Ctrl Pts',(30.9910599298567,-24.750008,-8.07007436793106));
#4830=CARTESIAN_POINT('Ctrl Pts',(30.9865672230804,-24.8127433232821,-8.08722663772329));
#4831=CARTESIAN_POINT('Ctrl Pts',(30.9802526477791,-24.8768258803737,-8.10082280852718));
#4832=CARTESIAN_POINT('Ctrl Pts',(30.9640838764008,-25.0041989652429,-8.12186834349272));
#4833=CARTESIAN_POINT('Ctrl Pts',(30.954185240937,-25.0681451660922,-8.12946818841039));
#4834=CARTESIAN_POINT('Ctrl Pts',(30.9292568044291,-25.2039859957796,-8.1401155316147));
#4835=CARTESIAN_POINT('Ctrl Pts',(30.9136147459572,-25.2763160885146,-8.14244688623079));
#4836=CARTESIAN_POINT('Ctrl Pts',(30.8773916375756,-25.4214036915106,-8.14062289622373));
#4837=CARTESIAN_POINT('Ctrl Pts',(30.8565448826138,-25.49463419575,-8.13626815187081));
#4838=CARTESIAN_POINT('Ctrl Pts',(30.8047641372398,-25.656491904179,-8.11827026911688));
#4839=CARTESIAN_POINT('Ctrl Pts',(30.7721492579036,-25.7455874429245,-8.10243972593968));
#4840=CARTESIAN_POINT('Ctrl Pts',(30.6882028006705,-25.9498231918249,-8.04739381605221));
#4841=CARTESIAN_POINT('Ctrl Pts',(30.6394564493852,-26.0496117526417,-8.00425227923829));
#4842=CARTESIAN_POINT('Ctrl Pts',(30.5738912987763,-26.174568933898,-7.92045335865442));
#4843=CARTESIAN_POINT('Ctrl Pts',(30.5520814113899,-26.2134456164467,-7.88491828933758));
#4844=CARTESIAN_POINT('Ctrl Pts',(30.5249833602499,-26.260663895493,-7.82246852525935));
#4845=CARTESIAN_POINT('Ctrl Pts',(30.5157059536324,-26.2764188931182,-7.79495397457184));
#4846=CARTESIAN_POINT('Ctrl Pts',(30.5047930056177,-26.2948015538606,-7.74074349080982));
#4847=CARTESIAN_POINT('Ctrl Pts',(30.5021242180886,-26.299237186739,-7.71575577015227));
#4848=CARTESIAN_POINT('Ctrl Pts',(30.5021242180886,-26.299237186739,-7.69));
#4849=CARTESIAN_POINT('',(31.000000461936,-24.5000004172325,-8.03413702225581));
#4850=CARTESIAN_POINT('Ctrl Pts',(31.000000461936,-24.5000004172325,-8.03413702225581));
#4851=CARTESIAN_POINT('Ctrl Pts',(31.000000461936,-24.5886175318926,-8.03413702225581));
#4852=CARTESIAN_POINT('Ctrl Pts',(30.9967225675737,-24.6709359782773,-8.04845553218352));
#4853=CARTESIAN_POINT('Ctrl Pts',(30.9910599298567,-24.750008,-8.07007436793105));
#4854=CARTESIAN_POINT('',(31.000000461936,-24.5000004172325,0.));
#4855=CARTESIAN_POINT('',(31.000000461936,-24.5000004172325,0.));
#4856=CARTESIAN_POINT('Origin',(27.500000461936,-24.5000004172325,0.));
#4857=CARTESIAN_POINT('Origin',(27.500000461936,-28.0000004172325,0.));
#4858=CARTESIAN_POINT('',(15.04,-28.0000004172325,0.));
#4859=CARTESIAN_POINT('Origin',(15.04,-28.0000004172325,0.));
#4860=CARTESIAN_POINT('',(15.04,-28.0000004172325,0.));
#4861=CARTESIAN_POINT('Ctrl Pts',(-32.7099891647097,20.9999998636571,2.63236466386155));
#4862=CARTESIAN_POINT('Ctrl Pts',(-32.7099891647097,21.000464701679,2.0521373314334));
#4863=CARTESIAN_POINT('Ctrl Pts',(-32.7099891647097,20.5903462666148,1.64169020622538));
#4864=CARTESIAN_POINT('Ctrl Pts',(-32.7099891647097,20.1802278315505,1.23124308101735));
#4865=CARTESIAN_POINT('Ctrl Pts',(-32.7099891647097,19.6000003129244,1.23124308101735));
#4866=CARTESIAN_POINT('Ctrl Pts',(-33.9599891647097,20.9999998636571,2.63236466386155));
#4867=CARTESIAN_POINT('Ctrl Pts',(-33.9599891647097,21.000464701679,2.0521373314334));
#4868=CARTESIAN_POINT('Ctrl Pts',(-33.9599891647097,20.5903462666148,1.64169020622538));
#4869=CARTESIAN_POINT('Ctrl Pts',(-33.9599891647097,20.1802278315505,1.23124308101735));
#4870=CARTESIAN_POINT('Ctrl Pts',(-33.9599891647097,19.6000003129244,1.23124308101735));
#4871=CARTESIAN_POINT('Ctrl Pts',(-33.9599891647097,19.7500002647886,2.6313632506078));
#4872=CARTESIAN_POINT('Ctrl Pts',(-33.9599891647097,19.7500500688624,2.56919603641907));
#4873=CARTESIAN_POINT('Ctrl Pts',(-33.9599891647097,19.7061088079626,2.52521955871821));
#4874=CARTESIAN_POINT('Ctrl Pts',(-33.9599891647097,19.6621675470629,2.48124308101735));
#4875=CARTESIAN_POINT('Ctrl Pts',(-33.9599891647097,19.6000003129244,2.48124308101735));
#4876=CARTESIAN_POINT('',(-32.7099891647097,20.9999131560697,2.61562157031051));
#4877=CARTESIAN_POINT('',(-32.7099891647097,19.6000003129244,1.23124308101735));
#4878=CARTESIAN_POINT('Origin',(-32.7099891647097,19.6000003129244,2.63124308101735));
#4879=CARTESIAN_POINT('',(-33.9599891647097,19.6000003129244,2.48124308101735));
#4880=CARTESIAN_POINT('Origin',(-32.7099891647097,19.6000003129244,2.48124308101735));
#4881=CARTESIAN_POINT('',(-33.9599891647097,19.7491846566179,2.61562157031099));
#4882=CARTESIAN_POINT('Origin',(-33.9599891647097,19.6000003129244,2.63124308101735));
#4883=CARTESIAN_POINT('Ctrl Pts',(-33.9599891647097,19.7491846566179,2.61562157031099));
#4884=CARTESIAN_POINT('Ctrl Pts',(-33.9599891647097,19.7535272372035,2.61562157031099));
#4885=CARTESIAN_POINT('Ctrl Pts',(-33.9599667804149,19.7578695825837,2.61562157032028));
#4886=CARTESIAN_POINT('Ctrl Pts',(-33.9582231402482,19.9267865588611,2.61562157023541));
#4887=CARTESIAN_POINT('Ctrl Pts',(-33.9243205538125,20.0886206274602,2.61562157031081));
#4888=CARTESIAN_POINT('Ctrl Pts',(-33.7962568983753,20.3893874101031,2.61562157031083));
#4889=CARTESIAN_POINT('Ctrl Pts',(-33.7038531884724,20.5252567062312,2.61562157031765));
#4890=CARTESIAN_POINT('Ctrl Pts',(-33.4721651982,20.7539257613294,2.6156215703174));
#4891=CARTESIAN_POINT('Ctrl Pts',(-33.3350993226869,20.8445385097147,2.61562157031108));
#4892=CARTESIAN_POINT('Ctrl Pts',(-33.0339508185116,20.9681226294564,2.61562157031109));
#4893=CARTESIAN_POINT('Ctrl Pts',(-32.8727480688182,20.9999131560697,2.61562157031094));
#4894=CARTESIAN_POINT('Ctrl Pts',(-32.7099891647097,20.9999131560697,2.61562157031094));
#4895=CARTESIAN_POINT('Origin',(-32.7099891647097,17.3112368258092,2.75000005960464));
#4896=CARTESIAN_POINT('',(-33.9599891647097,17.3452404212941,2.75000005960464));
#4897=CARTESIAN_POINT('',(-32.7099891647097,16.8363178849416,4.00000005960464));
#4898=CARTESIAN_POINT('Ctrl Pts',(-33.9599891647097,17.3452404212941,2.75000005960465));
#4899=CARTESIAN_POINT('Ctrl Pts',(-33.9599891647097,17.3341697486294,2.91405097689924));
#4900=CARTESIAN_POINT('Ctrl Pts',(-33.9258841640872,17.3021419560999,3.08477213479083));
#4901=CARTESIAN_POINT('Ctrl Pts',(-33.7951042620714,17.2072159822355,3.39264935450604));
#4902=CARTESIAN_POINT('Ctrl Pts',(-33.6986691155243,17.1449320184737,3.53009621565935));
#4903=CARTESIAN_POINT('Ctrl Pts',(-33.4815786986531,17.0271494854714,3.74513711894249));
#4904=CARTESIAN_POINT('Ctrl Pts',(-33.3452912566364,16.9626687995351,3.8390575583359));
#4905=CARTESIAN_POINT('Ctrl Pts',(-33.0413528326515,16.8662168110539,3.96649180318111));
#4906=CARTESIAN_POINT('Ctrl Pts',(-32.8730457616817,16.8363178849416,4.00000005960464));
#4907=CARTESIAN_POINT('Ctrl Pts',(-32.7099891647096,16.8363178849416,4.00000005960464));
#4908=CARTESIAN_POINT('',(-32.7099891647097,19.6000003129244,4.00000005960464));
#4909=CARTESIAN_POINT('',(-32.7099891647097,17.3112368258092,4.00000005960464));
#4910=CARTESIAN_POINT('',(-33.9599891647097,19.6000003129244,2.75000005960464));
#4911=CARTESIAN_POINT('Origin',(-32.7099891647097,19.6000003129244,2.75000005960464));
#4912=CARTESIAN_POINT('',(-33.9599891647097,17.3112368258092,2.75000005960464));
#4913=CARTESIAN_POINT('Ctrl Pts',(-32.7099891647097,19.6000003129244,4.00000005960464));
#4914=CARTESIAN_POINT('Ctrl Pts',(-32.7099891647097,20.1802278315741,4.00000005960464));
#4915=CARTESIAN_POINT('Ctrl Pts',(-32.7099891647097,20.5903462666432,3.58955293436815));
#4916=CARTESIAN_POINT('Ctrl Pts',(-32.7099891647097,21.0004647017123,3.17910580913166));
#4917=CARTESIAN_POINT('Ctrl Pts',(-32.7099891647097,20.9999998636571,2.59887847667996));
#4918=CARTESIAN_POINT('Ctrl Pts',(-33.9599891647097,19.6000003129244,4.00000005960464));
#4919=CARTESIAN_POINT('Ctrl Pts',(-33.9599891647097,20.1802278315741,4.00000005960464));
#4920=CARTESIAN_POINT('Ctrl Pts',(-33.9599891647097,20.5903462666432,3.58955293436815));
#4921=CARTESIAN_POINT('Ctrl Pts',(-33.9599891647097,21.0004647017123,3.17910580913166));
#4922=CARTESIAN_POINT('Ctrl Pts',(-33.9599891647097,20.9999998636571,2.59887847667996));
#4923=CARTESIAN_POINT('Ctrl Pts',(-33.9599891647097,19.6000003129244,2.75000005960464));
#4924=CARTESIAN_POINT('Ctrl Pts',(-33.9599891647097,19.6621675470654,2.75000005960464));
#4925=CARTESIAN_POINT('Ctrl Pts',(-33.9599891647097,19.7061088079657,2.70602358190073));
#4926=CARTESIAN_POINT('Ctrl Pts',(-33.9599891647097,19.7500500688659,2.66204710419682));
#4927=CARTESIAN_POINT('Ctrl Pts',(-33.9599891647097,19.7500002647886,2.59987989000557));
#4928=CARTESIAN_POINT('Origin',(-33.9599891647097,19.6000003129244,2.60000005960464));
#4929=CARTESIAN_POINT('Origin',(-32.7099891647097,19.6000003129244,2.60000005960464));
#4930=CARTESIAN_POINT('Origin',(-32.7099891647097,19.0703979577436,2.48124308101735));
#4931=CARTESIAN_POINT('',(-32.7099891647097,16.8537912668455,1.23124308101735));
#4932=CARTESIAN_POINT('',(-33.9599891647097,17.3465406425975,2.48124308101735));
#4933=CARTESIAN_POINT('Ctrl Pts',(-32.7099891647097,16.8537912668455,1.23124308101735));
#4934=CARTESIAN_POINT('Ctrl Pts',(-32.8728698028626,16.8537912668455,1.23124308101735));
#4935=CARTESIAN_POINT('Ctrl Pts',(-33.0412683575205,16.8828980170258,1.26470145841263));
#4936=CARTESIAN_POINT('Ctrl Pts',(-33.3455621419099,16.9770821003347,1.39231362782149));
#4937=CARTESIAN_POINT('Ctrl Pts',(-33.4820904537679,17.0401247990732,1.48645058770594));
#4938=CARTESIAN_POINT('Ctrl Pts',(-33.6992593095734,17.1549750897014,1.70189591261139));
#4939=CARTESIAN_POINT('Ctrl Pts',(-33.795571344702,17.2155036715745,1.83941590837156));
#4940=CARTESIAN_POINT('Ctrl Pts',(-33.9260525847055,17.3068730251136,2.14714631602503));
#4941=CARTESIAN_POINT('Ctrl Pts',(-33.9599891647097,17.3370894116237,2.31764032598893));
#4942=CARTESIAN_POINT('Ctrl Pts',(-33.9599891647097,17.3465406425975,2.48124308101735));
#4943=CARTESIAN_POINT('',(-33.9599891647097,19.0703979577436,2.48124308101735));
#4944=CARTESIAN_POINT('',(-32.7099891647097,19.0703979577436,1.23124308101735));
#4945=CARTESIAN_POINT('Origin',(-33.9599891647097,18.5407956025627,2.615621570311));
#4946=CARTESIAN_POINT('Origin',(-33.9599891647097,15.2001192876287,2.60524052830503));
#4947=CARTESIAN_POINT('Origin',(-31.9599891647097,15.2001192876287,2.60524052830503));
#4948=CARTESIAN_POINT('',(-31.9599891647097,16.853791266846,1.23124308101753));
#4949=CARTESIAN_POINT('',(-31.9599891647097,16.8537912668455,1.23124308101735));
#4950=CARTESIAN_POINT('',(-31.9599891647097,16.8363178849431,4.00000005960412));
#4951=CARTESIAN_POINT('Origin',(-31.9599891647097,15.2001192876287,2.60524052830503));
#4952=CARTESIAN_POINT('',(-31.9599891647097,16.8363178849416,4.00000005960464));
#4953=CARTESIAN_POINT('Origin',(-31.9599891647097,19.6000003129244,1.23124308101735));
#4954=CARTESIAN_POINT('',(-31.9599891647097,19.6000003129244,1.23124308101735));
#4955=CARTESIAN_POINT('',(-31.9599891647097,19.6000003129244,1.23124308101735));
#4956=CARTESIAN_POINT('',(-31.9599891647097,22.1749961564622,1.23124308101735));
#4957=CARTESIAN_POINT('Origin',(-31.9599891647097,19.6000003129244,2.63124308101735));
#4958=CARTESIAN_POINT('',(-31.9599891647097,20.9999131560697,2.61562157031051));
#4959=CARTESIAN_POINT('',(-31.9599891647097,20.9999131560697,2.61562157031051));
#4960=CARTESIAN_POINT('Origin',(-31.9599891647097,19.6000003129244,2.63124308101735));
#4961=CARTESIAN_POINT('Origin',(-31.9599891647097,19.6000003129244,2.60000005960464));
#4962=CARTESIAN_POINT('',(-31.9599891647097,19.6000003129244,4.00000005960464));
#4963=CARTESIAN_POINT('',(-31.9599891647097,19.6000003129244,4.00000005960464));
#4964=CARTESIAN_POINT('Origin',(-31.9599891647097,19.6000003129244,2.60000005960464));
#4965=CARTESIAN_POINT('Origin',(-31.9599891647097,16.0816780490558,4.00000005960464));
#4966=CARTESIAN_POINT('',(-31.9599891647097,20.4158350245279,4.00000005960464));
#4967=CARTESIAN_POINT('Ctrl Pts',(-32.7099891647096,-1.99999923780837,2.59887847676043));
#4968=CARTESIAN_POINT('Ctrl Pts',(-32.7099891647096,-2.00046407583026,3.17910580918858));
#4969=CARTESIAN_POINT('Ctrl Pts',(-32.7099891647096,-1.59034564076602,3.58955293439661));
#4970=CARTESIAN_POINT('Ctrl Pts',(-32.7099891647096,-1.18022720570178,4.00000005960464));
#4971=CARTESIAN_POINT('Ctrl Pts',(-32.7099891647096,-0.599999687075617,
4.00000005960464));
#4972=CARTESIAN_POINT('Ctrl Pts',(-33.9599891647097,-1.99999923780838,2.59887847676043));
#4973=CARTESIAN_POINT('Ctrl Pts',(-33.9599891647097,-2.00046407583026,3.17910580918858));
#4974=CARTESIAN_POINT('Ctrl Pts',(-33.9599891647097,-1.59034564076602,3.58955293439662));
#4975=CARTESIAN_POINT('Ctrl Pts',(-33.9599891647097,-1.18022720570178,4.00000005960465));
#4976=CARTESIAN_POINT('Ctrl Pts',(-33.9599891647097,-0.599999687075617,
4.00000005960465));
#4977=CARTESIAN_POINT('Ctrl Pts',(-33.9599891647097,-0.749999638939841,
2.59987989001419));
#4978=CARTESIAN_POINT('Ctrl Pts',(-33.9599891647097,-0.750049443013614,
2.66204710420292));
#4979=CARTESIAN_POINT('Ctrl Pts',(-33.9599891647097,-0.706108182113874,
2.70602358190378));
#4980=CARTESIAN_POINT('Ctrl Pts',(-33.9599891647097,-0.662166921214135,
2.75000005960464));
#4981=CARTESIAN_POINT('Ctrl Pts',(-33.9599891647097,-0.599999687075617,
2.75000005960464));
#4982=CARTESIAN_POINT('',(-32.7099891647097,-1.99991253022095,2.61562157031079));
#4983=CARTESIAN_POINT('',(-32.7099891647097,-0.599999687075617,4.00000005960464));
#4984=CARTESIAN_POINT('Origin',(-32.7099891647097,-0.599999687075617,2.60000005960464));
#4985=CARTESIAN_POINT('',(-33.9599891647097,-0.599999687075617,2.75000005960465));
#4986=CARTESIAN_POINT('Origin',(-32.7099891647097,-0.599999687075617,2.75000005960465));
#4987=CARTESIAN_POINT('',(-33.9599891647097,-0.749184030769087,2.615621570311));
#4988=CARTESIAN_POINT('Origin',(-33.9599891647097,-0.599999687075617,2.60000005960464));
#4989=CARTESIAN_POINT('Ctrl Pts',(-33.9599891647097,-0.749184030769087,
2.615621570311));
#4990=CARTESIAN_POINT('Ctrl Pts',(-33.9599891647097,-0.753526611354776,
2.615621570311));
#4991=CARTESIAN_POINT('Ctrl Pts',(-33.9599667804149,-0.757868956734948,
2.61562157030171));
#4992=CARTESIAN_POINT('Ctrl Pts',(-33.9582231402482,-0.926785933012281,
2.61562157038657));
#4993=CARTESIAN_POINT('Ctrl Pts',(-33.9243205538125,-1.08862000161147,2.6156215703109));
#4994=CARTESIAN_POINT('Ctrl Pts',(-33.7962568983753,-1.38938678425443,2.6156215703109));
#4995=CARTESIAN_POINT('Ctrl Pts',(-33.7038531884723,-1.52525608038252,2.61562157030439));
#4996=CARTESIAN_POINT('Ctrl Pts',(-33.4721651982,-1.7539251354807,2.61562157030463));
#4997=CARTESIAN_POINT('Ctrl Pts',(-33.3350993226868,-1.84453788386592,2.615621570311));
#4998=CARTESIAN_POINT('Ctrl Pts',(-33.0339508185116,-1.96812200360765,2.615621570311));
#4999=CARTESIAN_POINT('Ctrl Pts',(-32.8727480688182,-1.99991253022095,2.61562157031099));
#5000=CARTESIAN_POINT('Ctrl Pts',(-32.7099891647096,-1.99991253022095,2.61562157031099));
#5001=CARTESIAN_POINT('Origin',(-32.7099891647097,0.0296621554573256,2.75000005960464));
#5002=CARTESIAN_POINT('',(-32.7099891647097,2.56392069031563,4.00000005960464));
#5003=CARTESIAN_POINT('',(-33.9599891647097,2.05499815396319,2.75000005960464));
#5004=CARTESIAN_POINT('Ctrl Pts',(-32.7099891647097,2.56392069031563,4.00000005960464));
#5005=CARTESIAN_POINT('Ctrl Pts',(-32.8730457616817,2.56392069031563,4.00000005960464));
#5006=CARTESIAN_POINT('Ctrl Pts',(-33.0413528326515,2.53402176420333,3.96649180318111));
#5007=CARTESIAN_POINT('Ctrl Pts',(-33.3452912566364,2.4375697757221,3.8390575583359));
#5008=CARTESIAN_POINT('Ctrl Pts',(-33.4815786986531,2.37308908978588,3.74513711894249));
#5009=CARTESIAN_POINT('Ctrl Pts',(-33.6986691155243,2.25530655678358,3.53009621565935));
#5010=CARTESIAN_POINT('Ctrl Pts',(-33.7951042620714,2.19302259302171,3.39264935450604));
#5011=CARTESIAN_POINT('Ctrl Pts',(-33.9258841640872,2.09809661915736,3.08477213479083));
#5012=CARTESIAN_POINT('Ctrl Pts',(-33.9599891647097,2.06606882662784,2.91405097689924));
#5013=CARTESIAN_POINT('Ctrl Pts',(-33.9599891647097,2.05499815396319,2.75000005960465));
#5014=CARTESIAN_POINT('',(-33.9599891647097,0.0296621554573256,2.75000005960464));
#5015=CARTESIAN_POINT('',(-32.7099891647097,0.0296621554573256,4.00000005960464));
#5016=CARTESIAN_POINT('Origin',(-32.7099891647097,1.97293093174829,2.48124308101735));
#5017=CARTESIAN_POINT('',(-33.9599891647097,2.05369793265977,2.48124308101735));
#5018=CARTESIAN_POINT('',(-32.7099891647097,2.54644730841174,1.23124308101735));
#5019=CARTESIAN_POINT('Ctrl Pts',(-33.9599891647097,2.05369793265977,2.48124308101735));
#5020=CARTESIAN_POINT('Ctrl Pts',(-33.9599891647097,2.0631491636335,2.31764032598893));
#5021=CARTESIAN_POINT('Ctrl Pts',(-33.9260525847055,2.09336555014363,2.14714631602503));
#5022=CARTESIAN_POINT('Ctrl Pts',(-33.795571344702,2.18473490368271,1.83941590837156));
#5023=CARTESIAN_POINT('Ctrl Pts',(-33.6992593095734,2.24526348555583,1.70189591261139));
#5024=CARTESIAN_POINT('Ctrl Pts',(-33.4820904537679,2.36011377618404,1.48645058770594));
#5025=CARTESIAN_POINT('Ctrl Pts',(-33.3455621419099,2.42315647492254,1.39231362782149));
#5026=CARTESIAN_POINT('Ctrl Pts',(-33.0412683575205,2.51734055823149,1.26470145841263));
#5027=CARTESIAN_POINT('Ctrl Pts',(-32.8728698028626,2.54644730841174,1.23124308101735));
#5028=CARTESIAN_POINT('Ctrl Pts',(-32.7099891647097,2.54644730841174,1.23124308101735));
#5029=CARTESIAN_POINT('',(-32.7099891647097,-0.599999687075617,1.23124308101735));
#5030=CARTESIAN_POINT('',(-32.7099891647097,1.97293093174829,1.23124308101735));
#5031=CARTESIAN_POINT('',(-33.9599891647097,-0.599999687075617,2.48124308101735));
#5032=CARTESIAN_POINT('Origin',(-32.7099891647097,-0.599999687075617,2.48124308101735));
#5033=CARTESIAN_POINT('',(-33.9599891647097,1.97293093174829,2.48124308101735));
#5034=CARTESIAN_POINT('Ctrl Pts',(-32.7099891647096,-0.599999687075618,
1.23124308101735));
#5035=CARTESIAN_POINT('Ctrl Pts',(-32.7099891647096,-1.18022720572533,1.23124308101735));
#5036=CARTESIAN_POINT('Ctrl Pts',(-32.7099891647096,-1.59034564079442,1.64169020625381));
#5037=CARTESIAN_POINT('Ctrl Pts',(-32.7099891647096,-2.00046407586352,2.05213733149027));
#5038=CARTESIAN_POINT('Ctrl Pts',(-32.7099891647096,-1.99999923780831,2.63236466394194));
#5039=CARTESIAN_POINT('Ctrl Pts',(-33.9599891647097,-0.599999687075618,
1.23124308101735));
#5040=CARTESIAN_POINT('Ctrl Pts',(-33.9599891647097,-1.18022720572533,1.23124308101735));
#5041=CARTESIAN_POINT('Ctrl Pts',(-33.9599891647097,-1.59034564079443,1.64169020625381));
#5042=CARTESIAN_POINT('Ctrl Pts',(-33.9599891647097,-2.00046407586353,2.05213733149027));
#5043=CARTESIAN_POINT('Ctrl Pts',(-33.9599891647097,-1.99999923780832,2.63236466394194));
#5044=CARTESIAN_POINT('Ctrl Pts',(-33.9599891647097,-0.599999687075618,
2.48124308101735));
#5045=CARTESIAN_POINT('Ctrl Pts',(-33.9599891647097,-0.662166921216658,
2.48124308101735));
#5046=CARTESIAN_POINT('Ctrl Pts',(-33.9599891647097,-0.706108182116919,
2.52521955872126));
#5047=CARTESIAN_POINT('Ctrl Pts',(-33.9599891647097,-0.750049443017179,
2.56919603642516));
#5048=CARTESIAN_POINT('Ctrl Pts',(-33.9599891647097,-0.749999638939835,
2.63136325061641));
#5049=CARTESIAN_POINT('Origin',(-33.9599891647097,-0.599999687075618,2.63124308101735));
#5050=CARTESIAN_POINT('Origin',(-32.7099891647097,-0.599999687075618,2.63124308101735));
#5051=CARTESIAN_POINT('Origin',(-31.9599891647097,-0.599999687075616,4.00000005960464));
#5052=CARTESIAN_POINT('',(-31.9599891647097,-0.599999687075617,4.00000005960464));
#5053=CARTESIAN_POINT('',(-31.9599891647097,-0.599999687075617,4.00000005960464));
#5054=CARTESIAN_POINT('',(-31.9599891647097,2.56392069031411,4.00000005960412));
#5055=CARTESIAN_POINT('',(-31.9599891647097,12.0749961564622,4.00000005960464));
#5056=CARTESIAN_POINT('',(-31.9599891647097,2.56392069031563,4.00000005960464));
#5057=CARTESIAN_POINT('Origin',(-31.9599891647097,-0.599999687075617,2.60000005960464));
#5058=CARTESIAN_POINT('',(-31.9599891647097,-1.99991253022095,2.61562157031079));
#5059=CARTESIAN_POINT('',(-31.9599891647097,-1.99991253022095,2.61562157031079));
#5060=CARTESIAN_POINT('Origin',(-31.9599891647097,-0.599999687075617,2.60000005960464));
#5061=CARTESIAN_POINT('Origin',(-31.9599891647097,-0.599999687075618,2.63124308101735));
#5062=CARTESIAN_POINT('',(-31.9599891647097,-0.599999687075617,1.23124308101735));
#5063=CARTESIAN_POINT('',(-31.9599891647097,-0.599999687075617,1.23124308101735));
#5064=CARTESIAN_POINT('Origin',(-31.9599891647097,-0.599999687075618,2.63124308101735));
#5065=CARTESIAN_POINT('Origin',(-31.9599891647097,3.28653786550632,1.23124308101735));
#5066=CARTESIAN_POINT('',(-31.9599891647097,2.54644730841124,1.23124308101753));
#5067=CARTESIAN_POINT('',(-31.9599891647097,2.54644730841174,1.23124308101735));
#5068=CARTESIAN_POINT('',(-31.9599891647097,14.0182649327532,1.23124308101735));
#5069=CARTESIAN_POINT('Origin',(-31.9599891647097,4.20011928762858,2.60524052830503));
#5070=CARTESIAN_POINT('Origin',(-31.9599891647097,4.20011928762858,2.60524052830503));
#5071=CARTESIAN_POINT('Origin',(-33.9599891647097,4.20011928762858,2.60524052830503));
#5072=CARTESIAN_POINT('Origin',(-33.9599891647097,0.659323997990268,2.615621570311));
#5073=CARTESIAN_POINT('Origin',(-32.7099891647097,10.9933285765675,2.48124308101735));
#5074=CARTESIAN_POINT('',(-32.7099891647097,7.85379126684542,1.23124308101735));
#5075=CARTESIAN_POINT('',(-33.9599891647097,8.34654064259739,2.48124308101735));
#5076=CARTESIAN_POINT('Ctrl Pts',(-32.7099891647097,7.85379126684542,1.23124308101735));
#5077=CARTESIAN_POINT('Ctrl Pts',(-32.8728698028626,7.85379126684542,1.23124308101735));
#5078=CARTESIAN_POINT('Ctrl Pts',(-33.0412683575205,7.88289801702568,1.26470145841263));
#5079=CARTESIAN_POINT('Ctrl Pts',(-33.3455621419099,7.97708210033463,1.39231362782149));
#5080=CARTESIAN_POINT('Ctrl Pts',(-33.4820904537679,8.04012479907312,1.48645058770594));
#5081=CARTESIAN_POINT('Ctrl Pts',(-33.6992593095734,8.15497508970134,1.70189591261139));
#5082=CARTESIAN_POINT('Ctrl Pts',(-33.795571344702,8.21550367157445,1.83941590837155));
#5083=CARTESIAN_POINT('Ctrl Pts',(-33.9260525847055,8.30687302511354,2.14714631602503));
#5084=CARTESIAN_POINT('Ctrl Pts',(-33.9599891647097,8.33708941162366,2.31764032598893));
#5085=CARTESIAN_POINT('Ctrl Pts',(-33.9599891647097,8.34654064259739,2.48124308101735));
#5086=CARTESIAN_POINT('',(-33.9599891647097,11.0536979326598,2.48124308101735));
#5087=CARTESIAN_POINT('',(-33.9599891647097,10.9933285765675,2.48124308101735));
#5088=CARTESIAN_POINT('',(-32.7099891647097,11.5464473084118,1.23124308101735));
#5089=CARTESIAN_POINT('Ctrl Pts',(-33.9599891647097,11.0536979326598,2.48124308101735));
#5090=CARTESIAN_POINT('Ctrl Pts',(-33.9599891647097,11.0631491636336,2.31764032598893));
#5091=CARTESIAN_POINT('Ctrl Pts',(-33.9260525847055,11.0933655501437,2.14714631602503));
#5092=CARTESIAN_POINT('Ctrl Pts',(-33.795571344702,11.1847349036828,1.83941590837156));
#5093=CARTESIAN_POINT('Ctrl Pts',(-33.6992593095734,11.2452634855559,1.70189591261139));
#5094=CARTESIAN_POINT('Ctrl Pts',(-33.4820904537679,11.3601137761841,1.48645058770594));
#5095=CARTESIAN_POINT('Ctrl Pts',(-33.3455621419099,11.4231564749226,1.39231362782149));
#5096=CARTESIAN_POINT('Ctrl Pts',(-33.0412683575205,11.5173405582316,1.26470145841263));
#5097=CARTESIAN_POINT('Ctrl Pts',(-32.8728698028626,11.5464473084118,1.23124308101735));
#5098=CARTESIAN_POINT('Ctrl Pts',(-32.7099891647097,11.5464473084118,1.23124308101735));
#5099=CARTESIAN_POINT('',(-32.7099891647097,10.9933285765675,1.23124308101735));
#5100=CARTESIAN_POINT('Origin',(-31.9599891647097,13.2001192876287,2.60524052830503));
#5101=CARTESIAN_POINT('',(-33.9599891647097,11.0549981539633,2.75000005960464));
#5102=CARTESIAN_POINT('Origin',(-33.9599891647097,13.2001192876287,2.60524052830503));
#5103=CARTESIAN_POINT('',(-32.7099891647097,11.5639206903157,4.00000005960464));
#5104=CARTESIAN_POINT('Ctrl Pts',(-32.7099891647097,11.5639206903157,4.00000005960464));
#5105=CARTESIAN_POINT('Ctrl Pts',(-32.8730457616817,11.5639206903157,4.00000005960464));
#5106=CARTESIAN_POINT('Ctrl Pts',(-33.0413528326515,11.5340217642034,3.96649180318111));
#5107=CARTESIAN_POINT('Ctrl Pts',(-33.3452912566364,11.4375697757222,3.8390575583359));
#5108=CARTESIAN_POINT('Ctrl Pts',(-33.4815786986531,11.3730890897859,3.74513711894249));
#5109=CARTESIAN_POINT('Ctrl Pts',(-33.6986691155243,11.2553065567836,3.53009621565935));
#5110=CARTESIAN_POINT('Ctrl Pts',(-33.7951042620714,11.1930225930218,3.39264935450603));
#5111=CARTESIAN_POINT('Ctrl Pts',(-33.9258841640872,11.0980966191574,3.08477213479083));
#5112=CARTESIAN_POINT('Ctrl Pts',(-33.9599891647097,11.0660688266279,2.91405097689924));
#5113=CARTESIAN_POINT('Ctrl Pts',(-33.9599891647097,11.0549981539633,2.75000005960465));
#5114=CARTESIAN_POINT('',(-31.9599891647097,11.5639206903142,4.00000005960412));
#5115=CARTESIAN_POINT('',(-31.9599891647097,11.5639206903157,4.00000005960464));
#5116=CARTESIAN_POINT('',(-31.9599891647097,11.5464473084113,1.23124308101753));
#5117=CARTESIAN_POINT('Origin',(-31.9599891647097,13.2001192876287,2.60524052830503));
#5118=CARTESIAN_POINT('',(-31.9599891647097,11.5464473084118,1.23124308101735));
#5119=CARTESIAN_POINT('Origin',(-33.9599891647097,9.70011928762862,2.615621570311));
#5120=CARTESIAN_POINT('',(-33.9599891647097,8.34524042129398,2.75000005960464));
#5121=CARTESIAN_POINT('Origin',(-33.9599891647097,6.20011928762858,2.60524052830503));
#5122=CARTESIAN_POINT('',(-33.9599891647097,8.39089866834215,2.75000005960464));
#5123=CARTESIAN_POINT('Origin',(-32.7099891647097,8.39089866834215,2.75000005960464));
#5124=CARTESIAN_POINT('',(-32.7099891647097,7.83631788494154,4.00000005960464));
#5125=CARTESIAN_POINT('Ctrl Pts',(-33.9599891647097,8.34524042129398,2.75000005960465));
#5126=CARTESIAN_POINT('Ctrl Pts',(-33.9599891647097,8.33416974862933,2.91405097689924));
#5127=CARTESIAN_POINT('Ctrl Pts',(-33.9258841640872,8.30214195609981,3.08477213479083));
#5128=CARTESIAN_POINT('Ctrl Pts',(-33.7951042620714,8.20721598223546,3.39264935450603));
#5129=CARTESIAN_POINT('Ctrl Pts',(-33.6986691155243,8.14493201847359,3.53009621565935));
#5130=CARTESIAN_POINT('Ctrl Pts',(-33.4815786986531,8.02714948547129,3.74513711894249));
#5131=CARTESIAN_POINT('Ctrl Pts',(-33.3452912566364,7.96266879953507,3.8390575583359));
#5132=CARTESIAN_POINT('Ctrl Pts',(-33.0413528326515,7.86621681105384,3.96649180318111));
#5133=CARTESIAN_POINT('Ctrl Pts',(-32.8730457616817,7.83631788494154,4.00000005960464));
#5134=CARTESIAN_POINT('Ctrl Pts',(-32.7099891647097,7.83631788494154,4.00000005960464));
#5135=CARTESIAN_POINT('',(-32.7099891647097,8.39089866834215,4.00000005960464));
#5136=CARTESIAN_POINT('Origin',(-31.9599891647097,6.20011928762858,2.60524052830503));
#5137=CARTESIAN_POINT('',(-31.9599891647097,7.85379126684593,1.23124308101753));
#5138=CARTESIAN_POINT('',(-31.9599891647097,7.85379126684542,1.23124308101735));
#5139=CARTESIAN_POINT('',(-31.9599891647097,7.83631788494306,4.00000005960412));
#5140=CARTESIAN_POINT('Origin',(-31.9599891647097,6.20011928762858,2.60524052830503));
#5141=CARTESIAN_POINT('',(-31.9599891647097,7.83631788494154,4.00000005960464));
#5142=CARTESIAN_POINT('Origin',(-31.9599891647097,12.2865378655064,1.23124308101735));
#5143=CARTESIAN_POINT('',(-31.9599891647097,18.5182649327532,1.23124308101735));
#5144=CARTESIAN_POINT('Origin',(-31.9599891647097,7.08167804905568,4.00000005960464));
#5145=CARTESIAN_POINT('',(-31.9599891647097,15.9158350245278,4.00000005960464));
#5146=CARTESIAN_POINT('Origin',(-30.9599891647097,-10.4060029567595,-7.70452471086786));
#5147=CARTESIAN_POINT('',(-31.9599891647096,-10.4060029567595,3.28095057826427));
#5148=CARTESIAN_POINT('',(-31.9599891647097,-10.4060029567595,-4.71904942173573));
#5149=CARTESIAN_POINT('',(-31.9599891647096,-10.4060029567595,-7.70452471086786));
#5150=CARTESIAN_POINT('',(-30.9599891647097,-11.4060029567595,-3.71904942173573));
#5151=CARTESIAN_POINT('Origin',(-30.9599891647097,-10.4060029567595,-4.71904942173573));
#5152=CARTESIAN_POINT('',(-30.9599891647097,-11.4060029567595,2.28095057826427));
#5153=CARTESIAN_POINT('',(-30.9599891647097,-11.4060029567595,-7.70452471086786));
#5154=CARTESIAN_POINT('Origin',(-30.9599891647097,-10.4060029567595,3.28095057826427));
#5155=CARTESIAN_POINT('Origin',(-30.9599891647097,-18.4060029567595,-4.70452471086786));
#5156=CARTESIAN_POINT('',(-31.9599891647096,-18.4060029567595,-4.71904942173573));
#5157=CARTESIAN_POINT('',(-31.9599891647096,-18.4060029567595,3.28095057826427));
#5158=CARTESIAN_POINT('',(-31.9599891647096,-18.4060029567595,-4.70452471086786));
#5159=CARTESIAN_POINT('',(-30.9599891647097,-17.4060029567595,2.28095057826427));
#5160=CARTESIAN_POINT('Origin',(-30.9599891647097,-18.4060029567595,3.28095057826427));
#5161=CARTESIAN_POINT('',(-30.9599891647097,-17.4060029567595,-3.71904942173573));
#5162=CARTESIAN_POINT('',(-30.9599891647097,-17.4060029567595,-4.70452471086786));
#5163=CARTESIAN_POINT('Origin',(-30.9599891647097,-18.4060029567595,-4.71904942173573));
#5164=CARTESIAN_POINT('Origin',(-30.9599891647097,6.67199452162026,3.28095057826427));
#5165=CARTESIAN_POINT('',(-30.9599891647097,6.67199452162026,2.28095057826427));
#5166=CARTESIAN_POINT('',(-31.9599891647097,6.67199452162026,3.28095057826427));
#5167=CARTESIAN_POINT('Origin',(-30.9599891647097,3.67199452162026,-4.71904942173573));
#5168=CARTESIAN_POINT('',(-31.9599891647097,3.67199452162026,-4.71904942173573));
#5169=CARTESIAN_POINT('',(-30.9599891647097,3.67199452162026,-3.71904942173573));
#5170=CARTESIAN_POINT('Origin',(-31.9599891647097,-17.4060029567595,-3.71904942173573));
#5171=CARTESIAN_POINT('',(-31.9599891647097,-17.4060029567595,-3.71904942173573));
#5172=CARTESIAN_POINT('',(-31.9599891647097,-11.4060029567595,-3.71904942173573));
#5173=CARTESIAN_POINT('Origin',(-31.9599891647097,-17.4060029567595,2.28095057826427));
#5174=CARTESIAN_POINT('',(-31.9599891647097,-17.4060029567595,2.28095057826427));
#5175=CARTESIAN_POINT('Origin',(-31.9599891647097,24.749992,-11.69));
#5176=CARTESIAN_POINT('',(-31.9599891647096,-24.750008,-7.69));
#5177=CARTESIAN_POINT('',(-31.9599891647097,24.749992,-7.69));
#5178=CARTESIAN_POINT('',(-31.9599891647097,12.374992,-7.69));
#5179=CARTESIAN_POINT('',(-31.9599891647096,-24.750008,5.3292197567565));
#5180=CARTESIAN_POINT('',(-31.9599891647096,-24.750008,-11.69));
#5181=CARTESIAN_POINT('',(-31.9599891647097,24.749992,5.3292197567565));
#5182=CARTESIAN_POINT('Ctrl Pts',(-31.9599891647096,-24.750008,5.3292197567565));
#5183=CARTESIAN_POINT('Ctrl Pts',(-31.9599891647096,-8.25000799999998,5.3292197567565));
#5184=CARTESIAN_POINT('Ctrl Pts',(-31.9599891647097,8.24999199999999,5.3292197567565));
#5185=CARTESIAN_POINT('Ctrl Pts',(-31.9599891647097,24.749992,5.3292197567565));
#5186=CARTESIAN_POINT('',(-31.9599891647097,24.749992,-11.69));
#5187=CARTESIAN_POINT('',(-31.9599891647097,15.2001192876287,0.955240528305028));
#5188=CARTESIAN_POINT('',(-31.9599891647097,15.2001192876287,4.25524052830503));
#5189=CARTESIAN_POINT('Origin',(-31.9599891647097,15.2001192876287,2.60524052830503));
#5190=CARTESIAN_POINT('',(-31.9599891647097,13.2001192876287,4.25524052830503));
#5191=CARTESIAN_POINT('',(-31.9599891647097,18.9750556438143,4.25524052830503));
#5192=CARTESIAN_POINT('',(-31.9599891647097,13.2001192876287,0.955240528305028));
#5193=CARTESIAN_POINT('Origin',(-31.9599891647097,13.2001192876287,2.60524052830503));
#5194=CARTESIAN_POINT('',(-31.9599891647097,19.9750556438143,0.955240528305028));
#5195=CARTESIAN_POINT('',(-31.9599891647097,6.20011928762858,0.95524052830503));
#5196=CARTESIAN_POINT('',(-31.9599891647097,6.20011928762858,4.25524052830503));
#5197=CARTESIAN_POINT('Origin',(-31.9599891647097,6.20011928762858,2.60524052830503));
#5198=CARTESIAN_POINT('',(-31.9599891647097,4.20011928762858,4.25524052830503));
#5199=CARTESIAN_POINT('',(-31.9599891647097,14.4750556438143,4.25524052830503));
#5200=CARTESIAN_POINT('',(-31.9599891647097,4.20011928762858,0.95524052830503));
#5201=CARTESIAN_POINT('Origin',(-31.9599891647097,4.20011928762858,2.60524052830503));
#5202=CARTESIAN_POINT('',(-31.9599891647097,15.4750556438143,0.95524052830503));
#5203=CARTESIAN_POINT('Origin',(-31.9599891647097,-11.4060029567595,-3.71904942173573));
#5204=CARTESIAN_POINT('',(-31.9599891647097,-11.4060029567595,2.28095057826427));
#5205=CARTESIAN_POINT('Origin',(-31.9599891647097,-11.4060029567595,2.28095057826427));
#5206=CARTESIAN_POINT('Origin',(33.5400108352904,-2.99999983608723,-2.99999998509884));
#5207=CARTESIAN_POINT('',(33.5400108352904,-2.99999983608723,-2.67178712755882));
#5208=CARTESIAN_POINT('',(32.2900108352904,-2.99999983608723,-2.67121701678167));
#5209=CARTESIAN_POINT('Ctrl Pts',(33.5400108352903,-2.99999983608723,-2.67178712755882));
#5210=CARTESIAN_POINT('Ctrl Pts',(33.2181143479074,-2.99999983608723,-2.671662251012));
#5211=CARTESIAN_POINT('Ctrl Pts',(32.8954678080478,-2.99999983608723,-2.67151897528976));
#5212=CARTESIAN_POINT('Ctrl Pts',(32.572075361153,-2.99999983608723,-2.67135974798129));
#5213=CARTESIAN_POINT('Ctrl Pts',(32.4781161729322,-2.99999983608723,-2.67131348571144));
#5214=CARTESIAN_POINT('Ctrl Pts',(32.384094352049,-2.99999983608723,-2.67126588332681));
#5215=CARTESIAN_POINT('Ctrl Pts',(32.2900108352478,-2.99999983608723,-2.67121701678165));
#5216=CARTESIAN_POINT('',(33.5400108352904,-2.99999983608723,-2.99999998509884));
#5217=CARTESIAN_POINT('',(33.5400108352904,-2.99999983608723,-7.34499999254942));
#5218=CARTESIAN_POINT('',(31.0400108352903,-2.99999983608723,-2.99999998509884));
#5219=CARTESIAN_POINT('',(33.5400108352904,-2.99999983608723,-2.99999998509884));
#5220=CARTESIAN_POINT('',(31.0400108352903,-2.99999983608723,-6.49499999254942));
#5221=CARTESIAN_POINT('',(32.2900108352904,-2.99999983608723,-2.99999999254942));
#5222=CARTESIAN_POINT('Origin',(33.5400108352904,11.0000001639128,-2.99999998509884));
#5223=CARTESIAN_POINT('',(31.0400108352904,11.0000001639128,-2.99999998509884));
#5224=CARTESIAN_POINT('',(31.0400108352904,17.8749960819564,-2.99999998509884));
#5225=CARTESIAN_POINT('',(33.5400108352904,11.0000001639128,-2.99999998509884));
#5226=CARTESIAN_POINT('',(33.5400108352904,-6.87500391804361,-2.99999998509884));
#5227=CARTESIAN_POINT('',(33.5400108352904,11.0000001639128,-2.99999998509884));
#5228=CARTESIAN_POINT('Origin',(33.5400108352904,11.0000001639128,1.00000001490116));
#5229=CARTESIAN_POINT('',(32.2900108352904,11.0000001639128,-2.67121701678167));
#5230=CARTESIAN_POINT('',(33.5400108352904,11.0000001639128,-2.67178712755882));
#5231=CARTESIAN_POINT('Ctrl Pts',(32.2900108352481,11.0000001639128,-2.67121701678165));
#5232=CARTESIAN_POINT('Ctrl Pts',(32.6138312011641,11.0000001639128,-2.6713852075878));
#5233=CARTESIAN_POINT('Ctrl Pts',(32.9369166483886,11.0000001639128,-2.67153834587104));
#5234=CARTESIAN_POINT('Ctrl Pts',(33.2592478887726,11.0000001639128,-2.6716736929218));
#5235=CARTESIAN_POINT('Ctrl Pts',(33.352898751603,11.0000001639128,-2.67171301696644));
#5236=CARTESIAN_POINT('Ctrl Pts',(33.4464862866007,11.0000001639128,-2.67175084563857));
#5237=CARTESIAN_POINT('Ctrl Pts',(33.5400108352903,11.0000001639128,-2.67178712755882));
#5238=CARTESIAN_POINT('',(32.2900108352904,11.0000001639128,-0.999999992549419));
#5239=CARTESIAN_POINT('',(31.0400108352904,11.0000001639128,-4.49499999254942));
#5240=CARTESIAN_POINT('',(33.5400108352904,11.0000001639128,-5.34499999254942));
#5241=CARTESIAN_POINT('Origin',(31.0400108352904,24.749992,-9.99));
#5242=CARTESIAN_POINT('',(31.0400108352904,24.749992,-7.69));
#5243=CARTESIAN_POINT('',(31.0400108352904,24.749992,-9.99));
#5244=CARTESIAN_POINT('',(31.0400108352903,-24.750008,-7.69));
#5245=CARTESIAN_POINT('',(31.0400108352904,12.374992,-7.69));
#5246=CARTESIAN_POINT('',(31.0400108352903,-24.750008,-9.99));
#5247=CARTESIAN_POINT('Origin',(32.2900108352904,-24.750008,-3.));
#5248=CARTESIAN_POINT('',(32.2900108352904,24.749992,-2.67121701678167));
#5249=CARTESIAN_POINT('Ctrl Pts',(32.2900108352904,24.749992,-2.67121701678167));
#5250=CARTESIAN_POINT('Ctrl Pts',(32.2900108352904,20.1666613879709,-2.67121701678167));
#5251=CARTESIAN_POINT('Ctrl Pts',(32.2900108352904,15.5833307759418,-2.67121701678167));
#5252=CARTESIAN_POINT('Ctrl Pts',(32.2900108352904,11.0000001639128,-2.67121701678167));
#5253=CARTESIAN_POINT('',(32.2900108352904,24.749992,-3.));
#5254=CARTESIAN_POINT('Origin',(32.2900108352904,-24.750008,-3.));
#5255=CARTESIAN_POINT('',(32.2900108352904,-24.750008,-2.67121701678167));
#5256=CARTESIAN_POINT('',(32.2900108352904,-24.750008,-3.));
#5257=CARTESIAN_POINT('Ctrl Pts',(32.2900108352904,-2.99999983608723,-2.67121701678167));
#5258=CARTESIAN_POINT('Ctrl Pts',(32.2900108352904,-10.2500025573915,-2.67121701678167));
#5259=CARTESIAN_POINT('Ctrl Pts',(32.2900108352904,-17.5000052786957,-2.67121701678167));
#5260=CARTESIAN_POINT('Ctrl Pts',(32.2900108352904,-24.750008,-2.67121701678167));
#5261=CARTESIAN_POINT('Origin',(-26.67,-3.580008,-2.5));
#5262=CARTESIAN_POINT('',(-28.67,-3.580008,0.));
#5263=CARTESIAN_POINT('Origin',(-26.67,-3.580008,0.));
#5264=CARTESIAN_POINT('',(-28.67,-3.580008,-5.));
#5265=CARTESIAN_POINT('',(-28.67,-3.580008,-2.5));
#5266=CARTESIAN_POINT('Origin',(-26.67,-3.580008,-5.));
#5267=CARTESIAN_POINT('Origin',(-26.67,-3.580008,-5.));
#5268=CARTESIAN_POINT('Origin',(26.674307524185,-21.33201862913,-2.5));
#5269=CARTESIAN_POINT('',(24.674307524185,-21.33201862913,0.));
#5270=CARTESIAN_POINT('Origin',(26.674307524185,-21.33201862913,0.));
#5271=CARTESIAN_POINT('',(24.674307524185,-21.33201862913,-5.));
#5272=CARTESIAN_POINT('',(24.674307524185,-21.33201862913,-2.5));
#5273=CARTESIAN_POINT('Origin',(26.674307524185,-21.33201862913,-5.));
#5274=CARTESIAN_POINT('Origin',(26.674307524185,-21.33201862913,-5.));
#5275=CARTESIAN_POINT('Origin',(-15.6014213562373,-27.1414293562373,0.));
#5276=CARTESIAN_POINT('',(-15.4928427124746,-27.250008,0.));
#5277=CARTESIAN_POINT('',(-15.4928427124746,-27.250008,0.7));
#5278=CARTESIAN_POINT('',(-15.4928427124746,-27.250008,-4.995));
#5279=CARTESIAN_POINT('',(-18.6928427124746,-24.050008,0.));
#5280=CARTESIAN_POINT('',(-12.734745008572,-30.0081057039026,0.));
#5281=CARTESIAN_POINT('',(-18.6928427124746,-24.050008,0.7));
#5282=CARTESIAN_POINT('',(-18.6928427124746,-24.050008,0.));
#5283=CARTESIAN_POINT('',(-18.3735258934534,-24.3693248190212,0.7));
#5284=CARTESIAN_POINT('Origin',(-29.4099839999972,-21.3100080699148,0.));
#5285=CARTESIAN_POINT('',(-29.4099846327289,-19.5000002905726,0.));
#5286=CARTESIAN_POINT('',(-29.4099839999972,-21.3100080699148,0.));
#5287=CARTESIAN_POINT('',(-29.4099837159672,-22.1225112922824,0.));
#5288=CARTESIAN_POINT('',(-29.4099846327289,-19.5000002905726,0.7));
#5289=CARTESIAN_POINT('',(-29.4099846327289,-19.5000002905726,0.));
#5290=CARTESIAN_POINT('',(-29.4099839999972,-21.3100080699148,0.7));
#5291=CARTESIAN_POINT('',(-29.409983598009,-22.4599455777014,0.7));
#5292=CARTESIAN_POINT('',(-29.4099839999972,-21.3100080699148,0.));
#5293=CARTESIAN_POINT('Origin',(-26.67192951238,-21.31416214283,0.));
#5294=CARTESIAN_POINT('',(-26.8308856283904,-24.0476020904303,0.));
#5295=CARTESIAN_POINT('Origin',(-26.67192951238,-21.31416214283,0.));
#5296=CARTESIAN_POINT('',(-26.8308856283904,-24.0476020904303,0.7));
#5297=CARTESIAN_POINT('Origin',(-26.67192951238,-21.31416214283,0.7));
#5298=CARTESIAN_POINT('',(-26.8308856283904,-24.0476020904303,0.));
#5299=CARTESIAN_POINT('Origin',(-26.6730025093303,-24.0499852202063,0.));
#5300=CARTESIAN_POINT('',(-26.6714933406213,-24.050008,0.));
#5301=CARTESIAN_POINT('',(-13.3121056783693,-24.2516581492709,0.));
#5302=CARTESIAN_POINT('',(-26.6714933406213,-24.050008,0.7));
#5303=CARTESIAN_POINT('',(-24.9193678475555,-24.0764550480347,0.7));
#5304=CARTESIAN_POINT('',(-26.6714933406213,-24.050008,0.));
#5305=CARTESIAN_POINT('Origin',(-18.61,-24.050008,0.));
#5306=CARTESIAN_POINT('',(-9.26914540897752,-24.050008,0.));
#5307=CARTESIAN_POINT('',(-20.8841455244615,-24.050008,0.7));
#5308=CARTESIAN_POINT('Origin',(-23.158291048923,-23.6098809000588,0.7));
#5309=CARTESIAN_POINT('',(-26.9599891647096,-27.250008,0.7));
#5310=CARTESIAN_POINT('',(2.69085989318366,-27.250008,0.7));
#5311=CARTESIAN_POINT('',(-25.5000003576279,-19.5000002905726,0.7));
#5312=CARTESIAN_POINT('Origin',(-26.9599891647097,-24.750008,0.700000000000001));
#5313=CARTESIAN_POINT('Origin',(28.5400108352903,-27.250008,-9.99));
#5314=CARTESIAN_POINT('',(-26.9599891647096,-27.250008,-3.));
#5315=CARTESIAN_POINT('',(14.3058600086677,-27.250008,0.));
#5316=CARTESIAN_POINT('Origin',(-26.9599891647097,-24.750008,-9.99));
#5317=CARTESIAN_POINT('Origin',(18.3114213562373,-24.0114293562373,0.));
#5318=CARTESIAN_POINT('',(18.2528427124747,-24.070008,0.7));
#5319=CARTESIAN_POINT('',(18.9051993040839,-23.4176514083907,0.7));
#5320=CARTESIAN_POINT('',(18.2528427124747,-24.070008,0.));
#5321=CARTESIAN_POINT('',(18.2528427124747,-24.070008,0.));
#5322=CARTESIAN_POINT('',(14.0205995995945,-28.3022511128801,0.));
#5323=CARTESIAN_POINT('Origin',(30.1802160000001,-24.0700079999948,0.));
#5324=CARTESIAN_POINT('',(30.180216,-24.0700079999948,0.));
#5325=CARTESIAN_POINT('',(15.1259625910228,-24.0700080000013,0.));
#5326=CARTESIAN_POINT('',(30.180216,-24.0700079999948,0.7));
#5327=CARTESIAN_POINT('',(26.3951619999996,-24.0700079999965,0.7));
#5328=CARTESIAN_POINT('',(30.180216,-24.0700079999948,0.));
#5329=CARTESIAN_POINT('Origin',(30.180216,-26.7508768397667,0.));
#5330=CARTESIAN_POINT('',(30.180216,-24.8429405241915,0.));
#5331=CARTESIAN_POINT('',(30.180216,-27.000008,0.7));
#5332=CARTESIAN_POINT('Origin',(22.610108,-25.9350042086137,0.7));
#5333=CARTESIAN_POINT('Origin',(24.680216,-19.870008,0.));
#5334=CARTESIAN_POINT('',(23.180216,-19.870008,0.));
#5335=CARTESIAN_POINT('',(24.680216,-18.370008,0.));
#5336=CARTESIAN_POINT('Origin',(24.680216,-19.870008,0.));
#5337=CARTESIAN_POINT('',(24.680216,-18.370008,-9.19));
#5338=CARTESIAN_POINT('',(24.680216,-18.370008,0.));
#5339=CARTESIAN_POINT('',(23.180216,-19.870008,-9.19));
#5340=CARTESIAN_POINT('Origin',(24.680216,-19.870008,-9.19));
#5341=CARTESIAN_POINT('',(23.180216,-19.870008,0.));
#5342=CARTESIAN_POINT('Origin',(23.180216,-18.370008,0.));
#5343=CARTESIAN_POINT('',(31.000000461936,-18.370008,0.));
#5344=CARTESIAN_POINT('',(11.6259625910225,-18.370008,0.));
#5345=CARTESIAN_POINT('',(31.000000461936,-18.370008,-8.03413702225583));
#5346=CARTESIAN_POINT('',(31.000000461936,-18.370008,0.));
#5347=CARTESIAN_POINT('',(29.5400108352903,-18.370008,-9.19));
#5348=CARTESIAN_POINT('Origin',(29.5400108352903,-18.370008,-7.69));
#5349=CARTESIAN_POINT('',(11.9851134176452,-18.370008,-9.19));
#5350=CARTESIAN_POINT('Origin',(0.0717091820449633,-22.9350042086163,0.));
#5351=CARTESIAN_POINT('',(31.000000461936,-17.870008,0.));
#5352=CARTESIAN_POINT('',(23.180216,-23.8700079999979,0.));
#5353=CARTESIAN_POINT('',(23.180216,-17.870008,0.));
#5354=CARTESIAN_POINT('',(18.17,-23.870008,0.));
#5355=CARTESIAN_POINT('',(18.17,-23.870008,0.));
#5356=CARTESIAN_POINT('',(16.605,-25.435008,0.));
#5357=CARTESIAN_POINT('',(15.04,-27.000008,0.));
#5358=CARTESIAN_POINT('',(-17.035,-25.425008,0.));
#5359=CARTESIAN_POINT('',(16.605,-25.435008,0.));
#5360=CARTESIAN_POINT('',(-18.61,-23.850008,0.));
#5361=CARTESIAN_POINT('',(-15.46,-27.000008,0.));
#5362=CARTESIAN_POINT('',(-24.0000003576279,-23.850008,0.));
#5363=CARTESIAN_POINT('',(-24.0000003576279,-23.850008,0.));
#5364=CARTESIAN_POINT('',(-24.0000003576279,-21.0000002905726,0.));
#5365=CARTESIAN_POINT('',(-24.0000003576279,-27.7197615095449,0.));
#5366=CARTESIAN_POINT('',(-25.5000003576279,-19.5000002905726,0.));
#5367=CARTESIAN_POINT('Origin',(-25.5000003576279,-21.0000002905726,0.));
#5368=CARTESIAN_POINT('',(-25.5000003576279,-19.5000002905726,0.));
#5369=CARTESIAN_POINT('Origin',(-18.61,-23.850008,0.));
#5370=CARTESIAN_POINT('',(-18.61,-23.850008,-9.19));
#5371=CARTESIAN_POINT('',(-17.035,-25.425008,-9.19));
#5372=CARTESIAN_POINT('',(-19.7224972911774,-22.7375107088226,-9.19));
#5373=CARTESIAN_POINT('',(-18.61,-23.850008,0.));
#5374=CARTESIAN_POINT('',(-17.035,-25.425008,0.));
#5375=CARTESIAN_POINT('Origin',(-24.0000003576279,-23.850008,0.));
#5376=CARTESIAN_POINT('',(-24.0000003576279,-23.850008,-9.19));
#5377=CARTESIAN_POINT('',(-11.6049947611688,-23.850008,-9.19));
#5378=CARTESIAN_POINT('',(-24.0000003576279,-23.850008,0.));
#5379=CARTESIAN_POINT('Origin',(-24.0000003576279,-21.0000002905726,0.));
#5380=CARTESIAN_POINT('',(-24.0000003576279,-21.0000002905726,-9.19));
#5381=CARTESIAN_POINT('',(-24.0000003576279,-10.5000041452863,-9.19));
#5382=CARTESIAN_POINT('',(-24.0000003576279,-21.0000002905726,0.));
#5383=CARTESIAN_POINT('Origin',(-25.5000003576279,-21.0000002905726,0.));
#5384=CARTESIAN_POINT('',(-25.5000003576279,-19.5000002905726,-9.19));
#5385=CARTESIAN_POINT('Origin',(-25.5000003576279,-21.0000002905726,-9.19));
#5386=CARTESIAN_POINT('',(-25.5000003576279,-19.5000002905726,0.));
#5387=CARTESIAN_POINT('Origin',(-30.8565820978461,-19.5000002905726,0.));
#5388=CARTESIAN_POINT('',(-27.9599891647096,-19.5000002905726,-9.19));
#5389=CARTESIAN_POINT('',(-15.0332856312779,-19.5000002905726,-9.19));
#5390=CARTESIAN_POINT('Origin',(-27.9599891647096,-19.5000002905726,-7.69));
#5391=CARTESIAN_POINT('Origin',(23.180216,-23.8700079999978,0.));
#5392=CARTESIAN_POINT('',(23.180216,-23.8700079999979,-9.19));
#5393=CARTESIAN_POINT('',(23.180216,-11.9350079999989,-9.19));
#5394=CARTESIAN_POINT('',(23.180216,-23.8700079999979,0.));
#5395=CARTESIAN_POINT('Origin',(18.17,-23.870008,0.));
#5396=CARTESIAN_POINT('',(18.17,-23.870008,-9.19));
#5397=CARTESIAN_POINT('',(9.4800054176503,-23.8700080000037,-9.19));
#5398=CARTESIAN_POINT('',(18.17,-23.870008,0.));
#5399=CARTESIAN_POINT('Origin',(16.605,-25.435008,0.));
#5400=CARTESIAN_POINT('',(16.605,-25.435008,-9.19));
#5401=CARTESIAN_POINT('',(19.0100027088226,-23.0300052911774,-9.19));
#5402=CARTESIAN_POINT('',(16.605,-25.435008,0.));
#5403=CARTESIAN_POINT('Origin',(-17.035,-25.425008,0.));
#5404=CARTESIAN_POINT('',(-8.12627435294156,-25.4276562537595,-9.19));
#5405=CARTESIAN_POINT('Origin',(31.000000461936,-17.870008,0.));
#5406=CARTESIAN_POINT('',(31.000000461936,12.374992,-8.03413702225583));
#5407=CARTESIAN_POINT('Origin',(29.5400108352904,12.374992,-7.69));
#5408=CARTESIAN_POINT('Origin',(29.5400108352903,-24.750008,-7.69));
#5409=CARTESIAN_POINT('',(29.5400108352904,24.749992,-9.19));
#5410=CARTESIAN_POINT('Origin',(29.5400108352904,24.749992,-7.69));
#5411=CARTESIAN_POINT('',(29.5400108352904,12.374992,-9.19));
#5412=CARTESIAN_POINT('Ctrl Pts',(30.4472925828417,-26.2559436796329,-8.14244679705676));
#5413=CARTESIAN_POINT('Ctrl Pts',(30.9701478552409,-25.5937425437245,-8.14244679705676));
#5414=CARTESIAN_POINT('Ctrl Pts',(30.9701478552409,-24.750008,-8.14244679705676));
#5415=CARTESIAN_POINT('Ctrl Pts',(30.5021242180886,-26.299237186739,-7.92161722163989));
#5416=CARTESIAN_POINT('Ctrl Pts',(31.0400108352904,-25.6179987108095,-7.92161722163989));
#5417=CARTESIAN_POINT('Ctrl Pts',(31.0400108352903,-24.750008,-7.92161722163989));
#5418=CARTESIAN_POINT('Ctrl Pts',(30.5021242180886,-26.299237186739,-7.69));
#5419=CARTESIAN_POINT('Ctrl Pts',(31.0400108352904,-25.6179987108095,-7.69));
#5420=CARTESIAN_POINT('Ctrl Pts',(31.0400108352903,-24.750008,-7.69));
#5421=CARTESIAN_POINT('Origin',(28.5400108352904,-24.750008,-7.69));
#5422=CARTESIAN_POINT('Origin',(28.5400108352904,-24.750008,-9.99));
#5423=CARTESIAN_POINT('Origin',(-30.17,-0.0800079999999997,0.));
#5424=CARTESIAN_POINT('',(-27.9599891647096,-0.0800080000000003,-9.19));
#5425=CARTESIAN_POINT('',(-24.67,-0.0800079999999997,-9.19));
#5426=CARTESIAN_POINT('',(-14.6899945823548,-0.0800079999999997,-9.19));
#5427=CARTESIAN_POINT('Origin',(-27.9599891647096,-0.0800080000000003,-7.69));
#5428=CARTESIAN_POINT('',(-24.67,-0.0800079999999997,0.));
#5429=CARTESIAN_POINT('',(-24.67,-0.0800079999999997,0.));
#5430=CARTESIAN_POINT('',(-24.67,-0.0800079999999997,0.));
#5431=CARTESIAN_POINT('Origin',(-26.67,-3.580008,0.));
#5432=CARTESIAN_POINT('',(-24.67,-7.080008,0.));
#5433=CARTESIAN_POINT('',(-30.17,-7.080008,0.));
#5434=CARTESIAN_POINT('',(-23.17,-5.580008,0.));
#5435=CARTESIAN_POINT('Origin',(-24.67,-5.580008,0.));
#5436=CARTESIAN_POINT('',(-23.17,-1.580008,0.));
#5437=CARTESIAN_POINT('',(-23.17,-5.580008,0.));
#5438=CARTESIAN_POINT('Origin',(-24.67,-1.58000799999999,0.));
#5439=CARTESIAN_POINT('Origin',(-24.67,-7.080008,0.));
#5440=CARTESIAN_POINT('',(-27.9599891647096,-7.080008,-9.19));
#5441=CARTESIAN_POINT('Origin',(-27.9599891647096,-7.080008,-7.69));
#5442=CARTESIAN_POINT('',(-24.67,-7.080008,-9.19));
#5443=CARTESIAN_POINT('',(-11.9399945823548,-7.080008,-9.19));
#5444=CARTESIAN_POINT('',(-24.67,-7.080008,0.));
#5445=CARTESIAN_POINT('Origin',(-24.67,-5.580008,0.));
#5446=CARTESIAN_POINT('',(-23.17,-5.580008,-9.19));
#5447=CARTESIAN_POINT('Origin',(-24.67,-5.580008,-9.19));
#5448=CARTESIAN_POINT('',(-23.17,-5.580008,0.));
#5449=CARTESIAN_POINT('Origin',(-23.17,-1.580008,0.));
#5450=CARTESIAN_POINT('',(-23.17,-1.580008,-9.19));
#5451=CARTESIAN_POINT('',(-23.17,-0.790007999999984,-9.19));
#5452=CARTESIAN_POINT('',(-23.17,-1.580008,0.));
#5453=CARTESIAN_POINT('Origin',(-24.67,-1.58000799999999,0.));
#5454=CARTESIAN_POINT('Origin',(-24.67,-1.58000799999999,-9.19));
#5455=CARTESIAN_POINT('Origin',(0.790010835290351,-7.99999999578915E-6,
-9.19));
#5456=CARTESIAN_POINT('',(28.5400108352903,25.749992,-9.19));
#5457=CARTESIAN_POINT('Origin',(28.5400108352904,24.749992,-9.19));
#5458=CARTESIAN_POINT('',(-25.000000372529,25.749992,-9.19));
#5459=CARTESIAN_POINT('',(-13.0849891647096,25.749992,-9.19));
#5460=CARTESIAN_POINT('',(-25.000000372529,24.5000003427267,-9.19));
#5461=CARTESIAN_POINT('',(-25.000000372529,13.9999962235174,-9.19));
#5462=CARTESIAN_POINT('',(-26.500000372529,23.0000003427267,-9.19));
#5463=CARTESIAN_POINT('Origin',(-26.500000372529,24.5000003427267,-9.19));
#5464=CARTESIAN_POINT('',(-27.9599891647097,23.0000003427267,-9.19));
#5465=CARTESIAN_POINT('',(-12.8549947686193,23.0000003427267,-9.19));
#5466=CARTESIAN_POINT('',(-27.9599891647096,-12.375008,-9.19));
#5467=CARTESIAN_POINT('',(-27.9599891647096,-12.375008,-9.19));
#5468=CARTESIAN_POINT('Origin',(-27.9599891647096,-12.375008,-7.69));
#5469=CARTESIAN_POINT('Origin',(-26.500000372529,24.5000003427267,0.));
#5470=CARTESIAN_POINT('',(-25.000000372529,24.5000003427267,0.));
#5471=CARTESIAN_POINT('',(-25.000000372529,24.5000003427267,0.));
#5472=CARTESIAN_POINT('',(-26.500000372529,23.0000003427267,0.));
#5473=CARTESIAN_POINT('Origin',(-26.500000372529,24.5000003427267,0.));
#5474=CARTESIAN_POINT('',(-26.500000372529,23.0000003427267,0.));
#5475=CARTESIAN_POINT('Origin',(-25.000000372529,28.0000004470348,0.));
#5476=CARTESIAN_POINT('',(-25.000000372529,27.249992,-7.69));
#5477=CARTESIAN_POINT('Origin',(-25.000000372529,25.749992,-7.69));
#5478=CARTESIAN_POINT('',(-25.000000372529,27.249992,0.));
#5479=CARTESIAN_POINT('',(-25.000000372529,27.249992,-4.995));
#5480=CARTESIAN_POINT('',(-25.000000372529,24.5000003427267,0.));
#5481=CARTESIAN_POINT('Origin',(-26.500000372529,23.0000003427267,0.));
#5482=CARTESIAN_POINT('',(-30.0000004768372,23.0000003427267,0.));
#5483=CARTESIAN_POINT('Origin',(-27.9599891647097,23.0000003427267,-7.69));
#5484=CARTESIAN_POINT('Origin',(-27.5000004246831,25.5000003948808,0.));
#5485=CARTESIAN_POINT('',(-27.2299947946964,27.249992,0.));
#5486=CARTESIAN_POINT('Origin',(-27.9599891647096,-12.375008,-7.69));
#5487=CARTESIAN_POINT('Origin',(-26.9599891647096,27.249992,-9.99));
#5488=CARTESIAN_POINT('',(28.5400108352903,27.249992,-7.69));
#5489=CARTESIAN_POINT('',(-13.0849891647096,27.249992,-7.69));
#5490=CARTESIAN_POINT('',(28.5400108352903,27.249992,-9.99));
#5491=CARTESIAN_POINT('Origin',(-30.0697844201794,4.20011928762858,2.60524052830503));
#5492=CARTESIAN_POINT('',(-31.0697844201794,4.20011928762858,4.25524052830503));
#5493=CARTESIAN_POINT('',(-30.0697844201794,4.20011928762858,4.25524052830503));
#5494=CARTESIAN_POINT('',(-31.0697844201794,4.20011928762858,0.955240528305029));
#5495=CARTESIAN_POINT('Origin',(-31.0697844201794,4.20011928762858,2.60524052830503));
#5496=CARTESIAN_POINT('',(-30.0697844201794,4.20011928762858,0.955240528305029));
#5497=CARTESIAN_POINT('Origin',(-30.0697844201794,6.20011928762858,0.955240528305029));
#5498=CARTESIAN_POINT('',(-31.0697844201794,6.20011928762858,0.95524052830503));
#5499=CARTESIAN_POINT('',(-31.0697844201794,5.70650714964695,0.955240528305029));
#5500=CARTESIAN_POINT('',(-30.0697844201794,6.20011928762858,0.95524052830503));
#5501=CARTESIAN_POINT('Origin',(-30.0697844201794,6.20011928762858,2.60524052830503));
#5502=CARTESIAN_POINT('',(-31.0697844201794,6.20011928762858,4.25524052830503));
#5503=CARTESIAN_POINT('Origin',(-31.0697844201794,6.20011928762858,2.60524052830503));
#5504=CARTESIAN_POINT('',(-30.0697844201794,6.20011928762858,4.25524052830503));
#5505=CARTESIAN_POINT('Origin',(-30.0697844201794,4.20011928762858,4.25524052830503));
#5506=CARTESIAN_POINT('',(-31.0697844201794,4.70650714964695,4.25524052830503));
#5507=CARTESIAN_POINT('Origin',(-30.0697844201794,8.26289501166532,4.3993109255223));
#5508=CARTESIAN_POINT('',(-31.0697844201794,8.26289501166532,4.7993109255223));
#5509=CARTESIAN_POINT('',(-30.0697844201794,8.26289501166532,4.7993109255223));
#5510=CARTESIAN_POINT('Origin',(-31.0697844201794,8.26289501166532,4.3993109255223));
#5511=CARTESIAN_POINT('Origin',(-30.0697844201794,2.16289501166532,4.7993109255223));
#5512=CARTESIAN_POINT('',(-31.0697844201794,2.16289501166532,4.7993109255223));
#5513=CARTESIAN_POINT('',(-30.0697844201794,2.16289501166532,4.7993109255223));
#5514=CARTESIAN_POINT('',(-31.0697844201794,3.68789501166532,4.7993109255223));
#5515=CARTESIAN_POINT('Origin',(-30.0697844201794,2.16289501166532,4.3993109255223));
#5516=CARTESIAN_POINT('',(-31.0697844201794,1.76289501166532,4.3993109255223));
#5517=CARTESIAN_POINT('',(-30.0697844201794,1.76289501166532,4.3993109255223));
#5518=CARTESIAN_POINT('Origin',(-31.0697844201794,2.16289501166532,4.3993109255223));
#5519=CARTESIAN_POINT('Origin',(-30.0697844201794,1.76289501166532,0.799310925522303));
#5520=CARTESIAN_POINT('',(-31.0697844201794,1.76289501166532,0.799310925522303));
#5521=CARTESIAN_POINT('',(-30.0697844201794,1.76289501166532,0.799310925522303));
#5522=CARTESIAN_POINT('',(-31.0697844201794,1.76289501166532,1.6993109255223));
#5523=CARTESIAN_POINT('Origin',(-30.0697844201794,2.16289501166532,0.799310925522303));
#5524=CARTESIAN_POINT('',(-31.0697844201794,2.16289501166532,0.399310925522303));
#5525=CARTESIAN_POINT('',(-30.0697844201794,2.16289501166532,0.399310925522303));
#5526=CARTESIAN_POINT('Origin',(-31.0697844201794,2.16289501166532,0.799310925522303));
#5527=CARTESIAN_POINT('Origin',(-30.0697844201794,8.26289501166532,0.399310925522303));
#5528=CARTESIAN_POINT('',(-31.0697844201794,8.26289501166532,0.399310925522303));
#5529=CARTESIAN_POINT('',(-30.0697844201794,8.26289501166532,0.399310925522303));
#5530=CARTESIAN_POINT('',(-31.0697844201794,6.73789501166532,0.399310925522303));
#5531=CARTESIAN_POINT('Origin',(-30.0697844201794,8.26289501166532,0.799310925522303));
#5532=CARTESIAN_POINT('Origin',(-31.0697844201794,8.26289501166532,0.799310925522303));
#5533=CARTESIAN_POINT('Origin',(-31.0697844201794,5.21289501166532,2.5993109255223));
#5534=CARTESIAN_POINT('Origin',(-30.0697844201794,13.2001192876287,2.60524052830503));
#5535=CARTESIAN_POINT('',(-31.0697844201794,13.2001192876287,4.25524052830503));
#5536=CARTESIAN_POINT('',(-30.0697844201794,13.2001192876287,4.25524052830503));
#5537=CARTESIAN_POINT('',(-31.0697844201794,13.2001192876287,0.955240528305027));
#5538=CARTESIAN_POINT('Origin',(-31.0697844201794,13.2001192876287,2.60524052830503));
#5539=CARTESIAN_POINT('',(-30.0697844201794,13.2001192876287,0.955240528305028));
#5540=CARTESIAN_POINT('Origin',(-30.0697844201794,15.2001192876287,0.955240528305028));
#5541=CARTESIAN_POINT('',(-31.0697844201794,15.2001192876287,0.955240528305028));
#5542=CARTESIAN_POINT('',(-31.0697844201794,14.706507149647,0.955240528305027));
#5543=CARTESIAN_POINT('',(-30.0697844201794,15.2001192876287,0.955240528305028));
#5544=CARTESIAN_POINT('Origin',(-30.0697844201794,15.2001192876287,2.60524052830503));
#5545=CARTESIAN_POINT('',(-31.0697844201794,15.2001192876287,4.25524052830503));
#5546=CARTESIAN_POINT('Origin',(-31.0697844201794,15.2001192876287,2.60524052830503));
#5547=CARTESIAN_POINT('',(-30.0697844201794,15.2001192876287,4.25524052830503));
#5548=CARTESIAN_POINT('Origin',(-30.0697844201794,13.2001192876287,4.25524052830503));
#5549=CARTESIAN_POINT('',(-31.0697844201794,13.706507149647,4.25524052830503));
#5550=CARTESIAN_POINT('Origin',(-30.0697844201794,17.6628950116654,4.3993109255223));
#5551=CARTESIAN_POINT('',(-31.0697844201794,17.6628950116654,4.3993109255223));
#5552=CARTESIAN_POINT('',(-30.0697844201794,17.6628950116654,4.3993109255223));
#5553=CARTESIAN_POINT('',(-31.0697844201794,17.6628950116654,0.799310925522301));
#5554=CARTESIAN_POINT('',(-31.0697844201794,17.6628950116654,3.4993109255223));
#5555=CARTESIAN_POINT('',(-30.0697844201794,17.6628950116654,0.799310925522301));
#5556=CARTESIAN_POINT('Origin',(-30.0697844201794,17.2628950116654,4.3993109255223));
#5557=CARTESIAN_POINT('',(-31.0697844201794,17.2628950116654,4.7993109255223));
#5558=CARTESIAN_POINT('',(-30.0697844201794,17.2628950116654,4.7993109255223));
#5559=CARTESIAN_POINT('Origin',(-31.0697844201794,17.2628950116654,4.3993109255223));
#5560=CARTESIAN_POINT('Origin',(-30.0697844201794,11.1628950116654,4.7993109255223));
#5561=CARTESIAN_POINT('',(-31.0697844201794,11.1628950116654,4.7993109255223));
#5562=CARTESIAN_POINT('',(-30.0697844201794,11.1628950116654,4.7993109255223));
#5563=CARTESIAN_POINT('',(-31.0697844201794,12.6878950116654,4.7993109255223));
#5564=CARTESIAN_POINT('Origin',(-30.0697844201794,11.1628950116654,4.3993109255223));
#5565=CARTESIAN_POINT('Origin',(-31.0697844201794,11.1628950116654,4.3993109255223));
#5566=CARTESIAN_POINT('Origin',(-30.0697844201794,11.1628950116654,0.799310925522301));
#5567=CARTESIAN_POINT('',(-31.0697844201794,11.1628950116654,0.399310925522301));
#5568=CARTESIAN_POINT('',(-30.0697844201794,11.1628950116654,0.399310925522301));
#5569=CARTESIAN_POINT('Origin',(-31.0697844201794,11.1628950116654,0.799310925522301));
#5570=CARTESIAN_POINT('Origin',(-30.0697844201794,17.2628950116654,0.399310925522301));
#5571=CARTESIAN_POINT('',(-31.0697844201794,17.2628950116654,0.399310925522301));
#5572=CARTESIAN_POINT('',(-30.0697844201794,17.2628950116654,0.399310925522301));
#5573=CARTESIAN_POINT('',(-31.0697844201794,15.7378950116654,0.399310925522301));
#5574=CARTESIAN_POINT('Origin',(-30.0697844201794,17.2628950116654,0.799310925522301));
#5575=CARTESIAN_POINT('Origin',(-31.0697844201794,17.2628950116654,0.799310925522301));
#5576=CARTESIAN_POINT('Origin',(-31.0697844201794,14.2128950116654,2.5993109255223));
#5577=CARTESIAN_POINT('Origin',(-26.9599891647097,24.749992,-3.));
#5578=CARTESIAN_POINT('',(-30.7099891647097,24.749992,5.32726600454121));
#5579=CARTESIAN_POINT('',(-26.9599891647096,28.499992,5.31993207408541));
#5580=CARTESIAN_POINT('Ctrl Pts',(-30.7099891647096,24.749992,5.32726600454121));
#5581=CARTESIAN_POINT('Ctrl Pts',(-30.7099891647096,24.9781063297407,5.32726600454121));
#5582=CARTESIAN_POINT('Ctrl Pts',(-30.6891748366643,25.2062737249838,5.32723141371119));
#5583=CARTESIAN_POINT('Ctrl Pts',(-30.5644296986049,25.881124921366,5.32702216520689));
#5584=CARTESIAN_POINT('Ctrl Pts',(-30.3998475287062,26.3116665931927,5.32674566127285));
#5585=CARTESIAN_POINT('Ctrl Pts',(-29.9016048372752,27.1289562728976,5.32587007601544));
#5586=CARTESIAN_POINT('Ctrl Pts',(-29.5585033567845,27.4995914969755,5.32525042958333));
#5587=CARTESIAN_POINT('Ctrl Pts',(-28.8478742212809,28.0118507567234,5.3238874270782));
#5588=CARTESIAN_POINT('Ctrl Pts',(-28.5115759985796,28.1845823159982,5.32322018449791));
#5589=CARTESIAN_POINT('Ctrl Pts',(-27.9081000830202,28.3875146979879,5.32197530762625));
#5590=CARTESIAN_POINT('Ctrl Pts',(-27.6529634085265,28.4446194964245,5.32143641139775));
#5591=CARTESIAN_POINT('Ctrl Pts',(-27.2498367740495,28.4915887413683,5.32056699611286));
#5592=CARTESIAN_POINT('Ctrl Pts',(-27.1049309089044,28.499992,5.32025102175132));
#5593=CARTESIAN_POINT('Ctrl Pts',(-26.9599891647096,28.499992,5.3199320740854));
#5594=CARTESIAN_POINT('',(-30.7099891647097,24.749992,-3.));
#5595=CARTESIAN_POINT('',(-26.9599891647096,28.499992,-3.));
#5596=CARTESIAN_POINT('Origin',(-30.7099891647097,24.749992,-3.));
#5597=CARTESIAN_POINT('',(-30.7099891647096,-24.750008,5.32726600454121));
#5598=CARTESIAN_POINT('Ctrl Pts',(-30.7099891647096,-24.750008,5.32726600454121));
#5599=CARTESIAN_POINT('Ctrl Pts',(-30.7099891647096,-8.250008,5.32726600454121));
#5600=CARTESIAN_POINT('Ctrl Pts',(-30.7099891647097,8.24999199999999,5.32726600454121));
#5601=CARTESIAN_POINT('Ctrl Pts',(-30.7099891647097,24.749992,5.32726600454121));
#5602=CARTESIAN_POINT('',(-30.7099891647096,-24.750008,-3.));
#5603=CARTESIAN_POINT('Origin',(-26.9599891647097,-24.750008,-3.));
#5604=CARTESIAN_POINT('',(-26.9599891647096,-28.500008,5.31993207408541));
#5605=CARTESIAN_POINT('Ctrl Pts',(-26.9599891647096,-28.500008,5.3199320740854));
#5606=CARTESIAN_POINT('Ctrl Pts',(-27.129888640313,-28.500008,5.32030594181747));
#5607=CARTESIAN_POINT('Ctrl Pts',(-27.2996792736759,-28.4884616215495,5.32067558048099));
#5608=CARTESIAN_POINT('Ctrl Pts',(-27.7323167733812,-28.4292853416629,5.32160505662385));
#5609=CARTESIAN_POINT('Ctrl Pts',(-27.9918461646407,-28.3650934598025,5.32215051081558));
#5610=CARTESIAN_POINT('Ctrl Pts',(-28.6021473435155,-28.1430008450059,5.32340225208897));
#5611=CARTESIAN_POINT('Ctrl Pts',(-28.9397647922006,-27.9577443671331,5.32406729085108));
#5612=CARTESIAN_POINT('Ctrl Pts',(-29.6314536500452,-27.4267646605763,5.32538428886339));
#5613=CARTESIAN_POINT('Ctrl Pts',(-29.9574494361409,-27.055865970946,5.32596972784116));
#5614=CARTESIAN_POINT('Ctrl Pts',(-30.4518867617731,-26.2042399970241,5.32683530027584));
#5615=CARTESIAN_POINT('Ctrl Pts',(-30.6133105776074,-25.7305090694411,5.3271044076109));
#5616=CARTESIAN_POINT('Ctrl Pts',(-30.6993318489623,-25.0766250178123,5.32724826665516));
#5617=CARTESIAN_POINT('Ctrl Pts',(-30.7099891647096,-24.9132376920219,5.32726600454121));
#5618=CARTESIAN_POINT('Ctrl Pts',(-30.7099891647096,-24.750008,5.32726600454121));
#5619=CARTESIAN_POINT('',(-26.9599891647096,-28.500008,-3.));
#5620=CARTESIAN_POINT('Origin',(-26.9599891647096,-28.500008,-3.));
#5621=CARTESIAN_POINT('',(28.5400108352903,-28.500008,-2.66886683438279));
#5622=CARTESIAN_POINT('Ctrl Pts',(28.5400108352903,-28.500008,-2.66886683438279));
#5623=CARTESIAN_POINT('Ctrl Pts',(23.1852278794498,-28.500008,-2.66538173612957));
#5624=CARTESIAN_POINT('Ctrl Pts',(20.3429054122558,-28.5000079999988,-2.67780805038353));
#5625=CARTESIAN_POINT('Ctrl Pts',(12.5962690827339,-28.5000079999988,-2.70811017233497));
#5626=CARTESIAN_POINT('Ctrl Pts',(10.1724793232156,-28.5000080000003,-2.73949242340938));
#5627=CARTESIAN_POINT('Ctrl Pts',(3.62145069753383,-28.5000080000003,-0.773340497148961));
#5628=CARTESIAN_POINT('Ctrl Pts',(1.54999698283276,-28.5000079999998,0.238937947930747));
#5629=CARTESIAN_POINT('Ctrl Pts',(-3.93286846839624,-28.5000079999998,3.06655143317325));
#5630=CARTESIAN_POINT('Ctrl Pts',(-6.63198940919036,-28.5000079999977,4.63908724542852));
#5631=CARTESIAN_POINT('Ctrl Pts',(-13.6762966063788,-28.5000079999977,5.38933620494128));
#5632=CARTESIAN_POINT('Ctrl Pts',(-15.8815520645763,-28.5000079999977,5.33614973623267));
#5633=CARTESIAN_POINT('Ctrl Pts',(-21.4120878424086,-28.5000079999977,5.29803386156277));
#5634=CARTESIAN_POINT('Ctrl Pts',(-24.186066947437,-28.500008,5.3138279939838));
#5635=CARTESIAN_POINT('Ctrl Pts',(-26.9599891647096,-28.500008,5.3199320740854));
#5636=CARTESIAN_POINT('',(28.5400108352903,-28.500008,-3.));
#5637=CARTESIAN_POINT('Origin',(28.5400108352903,28.499992,-3.));
#5638=CARTESIAN_POINT('',(28.5400108352903,28.499992,-2.66886683438279));
#5639=CARTESIAN_POINT('Ctrl Pts',(-26.9599891647097,28.499992,5.3199320740854));
#5640=CARTESIAN_POINT('Ctrl Pts',(-24.0060344479026,28.499992,5.31343182829783));
#5641=CARTESIAN_POINT('Ctrl Pts',(-21.0519871995606,28.499992,5.29641128074482));
#5642=CARTESIAN_POINT('Ctrl Pts',(-18.0981463421381,28.499992,5.32131772131805));
#5643=CARTESIAN_POINT('Ctrl Pts',(-16.8721894882916,28.499992,5.3316548460988));
#5644=CARTESIAN_POINT('Ctrl Pts',(-15.7417996848285,28.499992,5.34526059811392));
#5645=CARTESIAN_POINT('Ctrl Pts',(-14.6483178072488,28.499992,5.32831128640401));
#5646=CARTESIAN_POINT('Ctrl Pts',(-13.6579822793475,28.499992,5.31296077543172));
#5647=CARTESIAN_POINT('Ctrl Pts',(-12.6707267680045,28.499992,5.26969312996207));
#5648=CARTESIAN_POINT('Ctrl Pts',(-11.7230422542242,28.499992,5.17953185450469));
#5649=CARTESIAN_POINT('Ctrl Pts',(-7.38791802069225,28.499992,4.76709467263885));
#5650=CARTESIAN_POINT('Ctrl Pts',(-4.80102531107151,28.499992,3.5205618616683));
#5651=CARTESIAN_POINT('Ctrl Pts',(-1.80082181677534,28.499992,1.97063502868692));
#5652=CARTESIAN_POINT('Ctrl Pts',(-1.37698969736033,28.499992,1.75168028918022));
#5653=CARTESIAN_POINT('Ctrl Pts',(-0.945192526640427,28.499992,1.52612575210225));
#5654=CARTESIAN_POINT('Ctrl Pts',(-0.499186283133129,28.499992,1.29577105807869));
#5655=CARTESIAN_POINT('Ctrl Pts',(-0.0946898846816809,28.499992,1.08685549813902));
#5656=CARTESIAN_POINT('Ctrl Pts',(0.398297700057212,28.499992,0.833067195475926));
#5657=CARTESIAN_POINT('Ctrl Pts',(0.997995263057049,28.499992,0.538964468998533));
#5658=CARTESIAN_POINT('Ctrl Pts',(2.70790170854994,28.499992,-0.299605134528209));
#5659=CARTESIAN_POINT('Ctrl Pts',(5.20698779736474,28.499992,-1.39637742309072));
#5660=CARTESIAN_POINT('Ctrl Pts',(8.20628443196548,28.499992,-2.07747793588041));
#5661=CARTESIAN_POINT('Ctrl Pts',(8.98251521537716,28.499992,-2.25374965856556));
#5662=CARTESIAN_POINT('Ctrl Pts',(9.79174891249849,28.499992,-2.40519270685479));
#5663=CARTESIAN_POINT('Ctrl Pts',(10.6301077971007,28.499992,-2.51510114516113));
#5664=CARTESIAN_POINT('Ctrl Pts',(11.1412220904924,28.499992,-2.58210797817083));
#5665=CARTESIAN_POINT('Ctrl Pts',(11.6313543734757,28.499992,-2.63007269789283));
#5666=CARTESIAN_POINT('Ctrl Pts',(12.1790305007585,28.499992,-2.659925222641));
#5667=CARTESIAN_POINT('Ctrl Pts',(13.1915663547094,28.499992,-2.71511614686191));
#5668=CARTESIAN_POINT('Ctrl Pts',(14.4905519960647,28.499992,-2.70146059905242));
#5669=CARTESIAN_POINT('Ctrl Pts',(17.1636700308146,28.499992,-2.68605024792552));
#5670=CARTESIAN_POINT('Ctrl Pts',(17.8667946292479,28.499992,-2.68199678047405));
#5671=CARTESIAN_POINT('Ctrl Pts',(18.6650112118806,28.499992,-2.67797660132678));
#5672=CARTESIAN_POINT('Ctrl Pts',(19.5781237196939,28.499992,-2.6748240454766));
#5673=CARTESIAN_POINT('Ctrl Pts',(20.2339560707383,28.499992,-2.67255975920593));
#5674=CARTESIAN_POINT('Ctrl Pts',(20.97113084549,28.499992,-2.67065432763678));
#5675=CARTESIAN_POINT('Ctrl Pts',(21.8129668715163,28.499992,-2.66935251841622));
#5676=CARTESIAN_POINT('Ctrl Pts',(24.2550423913668,28.499992,-2.66557611026693));
#5677=CARTESIAN_POINT('Ctrl Pts',(27.3014899249564,28.499992,-2.66806075744246));
#5678=CARTESIAN_POINT('Ctrl Pts',(28.5400108352903,28.499992,-2.66886683438279));
#5679=CARTESIAN_POINT('',(28.5400108352903,28.499992,-3.));
#5680=CARTESIAN_POINT('Origin',(28.5400108352904,24.749992,-3.));
#5681=CARTESIAN_POINT('Ctrl Pts',(28.5400108352908,28.499992,-2.66886683438279));
#5682=CARTESIAN_POINT('Ctrl Pts',(28.775026349016,28.4999918848007,-2.66901979149853));
#5683=CARTESIAN_POINT('Ctrl Pts',(29.0096971533821,28.4778991357844,-2.66917596921945));
#5684=CARTESIAN_POINT('Ctrl Pts',(29.2409147769376,28.4339075343986,-2.6693303671517));
#5685=CARTESIAN_POINT('Ctrl Pts',(29.4662641023846,28.3910324388709,-2.66948084646788));
#5686=CARTESIAN_POINT('Ctrl Pts',(29.6869274586487,28.3276243726399,-2.66962865941464));
#5687=CARTESIAN_POINT('Ctrl Pts',(29.9001635537664,28.2446301063798,-2.66977004131772));
#5688=CARTESIAN_POINT('Ctrl Pts',(30.0275345538466,28.195055653759,-2.66985449209694));
#5689=CARTESIAN_POINT('Ctrl Pts',(30.1522565564952,28.1384929281589,-2.66993666836659));
#5690=CARTESIAN_POINT('Ctrl Pts',(30.2737542188516,28.0751437078109,-2.67001595687433));
#5691=CARTESIAN_POINT('Ctrl Pts',(30.4912533530639,27.9617390520218,-2.67015789525775));
#5692=CARTESIAN_POINT('Ctrl Pts',(30.6966036001061,27.8275327151607,-2.67028931506568));
#5693=CARTESIAN_POINT('Ctrl Pts',(30.8870333723974,27.6747176007838,-2.67040828804124));
#5694=CARTESIAN_POINT('Ctrl Pts',(31.0713460566835,27.5268112960531,-2.67052343930261));
#5695=CARTESIAN_POINT('Ctrl Pts',(31.241683021045,27.361472534604,-2.67062696319927));
#5696=CARTESIAN_POINT('Ctrl Pts',(31.3955684210044,27.1806896107017,-2.67071817136527));
#5697=CARTESIAN_POINT('Ctrl Pts',(31.6165671686027,26.9210626429707,-2.67084915773864));
#5698=CARTESIAN_POINT('Ctrl Pts',(31.800655788444,26.633054796646,-2.67095304213843));
#5699=CARTESIAN_POINT('Ctrl Pts',(31.9432560624639,26.3249184477835,-2.67103149675355));
#5700=CARTESIAN_POINT('Ctrl Pts',(32.0079086201388,26.1852146274121,-2.67106706675203));
#5701=CARTESIAN_POINT('Ctrl Pts',(32.0640326347411,26.0413732674031,-2.67109741835749));
#5702=CARTESIAN_POINT('Ctrl Pts',(32.1111971485575,25.8941634540316,-2.67112268049663));
#5703=CARTESIAN_POINT('Ctrl Pts',(32.1889805064833,25.6513861480206,-2.67116434262461));
#5704=CARTESIAN_POINT('Ctrl Pts',(32.2416051713336,25.4018987860679,-2.67119180052347));
#5705=CARTESIAN_POINT('Ctrl Pts',(32.2686459822706,25.149623764285,-2.67120589884307));
#5706=CARTESIAN_POINT('Ctrl Pts',(32.2828623115207,25.0169936897065,-2.67121331083799));
#5707=CARTESIAN_POINT('Ctrl Pts',(32.2900064708946,24.8835931104143,-2.67121701451482));
#5708=CARTESIAN_POINT('Ctrl Pts',(32.2900108352903,24.749992,-2.67121701678167));
#5709=CARTESIAN_POINT('Origin',(28.5400108352904,-24.750008,-3.));
#5710=CARTESIAN_POINT('Ctrl Pts',(32.2900108352901,-24.750008,-2.67121701678167));
#5711=CARTESIAN_POINT('Ctrl Pts',(32.2900099029447,-24.9392036931735,-2.67121701629741));
#5712=CARTESIAN_POINT('Ctrl Pts',(32.2756931453447,-25.1285505129772,-2.67120960864559));
#5713=CARTESIAN_POINT('Ctrl Pts',(32.2469885667954,-25.3164143012763,-2.67119458567277));
#5714=CARTESIAN_POINT('Ctrl Pts',(32.2052265268067,-25.589735681903,-2.67117272888115));
#5715=CARTESIAN_POINT('Ctrl Pts',(32.1334444766069,-25.8570190182581,-2.67113501357191));
#5716=CARTESIAN_POINT('Ctrl Pts',(32.0333344304962,-26.1135102211831,-2.6710807089679));
#5717=CARTESIAN_POINT('Ctrl Pts',(31.9638222968013,-26.2916067407832,-2.67104300217382));
#5718=CARTESIAN_POINT('Ctrl Pts',(31.8806508066168,-26.4645000280016,-2.6709972659601));
#5719=CARTESIAN_POINT('Ctrl Pts',(31.7843719729288,-26.6305985478284,-2.67094303141977));
#5720=CARTESIAN_POINT('Ctrl Pts',(31.6201755913733,-26.913867205046,-2.67085053844974));
#5721=CARTESIAN_POINT('Ctrl Pts',(31.419958412287,-27.1737818554266,-2.67073438212105));
#5722=CARTESIAN_POINT('Ctrl Pts',(31.1892437843052,-27.4040756858535,-2.67059442556492));
#5723=CARTESIAN_POINT('Ctrl Pts',(31.069488198417,-27.5236128510105,-2.6705217791986));
#5724=CARTESIAN_POINT('Ctrl Pts',(30.9415159698635,-27.6351693641581,-2.67044274127026));
#5725=CARTESIAN_POINT('Ctrl Pts',(30.8061061035693,-27.7378688125393,-2.67035754919016));
#5726=CARTESIAN_POINT('Ctrl Pts',(30.6194398371757,-27.879442858173,-2.67024010953858));
#5727=CARTESIAN_POINT('Ctrl Pts',(30.4202492574006,-28.0029677108062,-2.67011193258186));
#5728=CARTESIAN_POINT('Ctrl Pts',(30.2112346007087,-28.10702061585,-2.66997509036236));
#5729=CARTESIAN_POINT('Ctrl Pts',(30.046849690985,-28.1888556779114,-2.66986746730734));
#5730=CARTESIAN_POINT('Ctrl Pts',(29.876388877833,-28.2586464887755,-2.6697545053434));
#5731=CARTESIAN_POINT('Ctrl Pts',(29.7011886803965,-28.3157009217251,-2.66963775523466));
#5732=CARTESIAN_POINT('Ctrl Pts',(29.476188274866,-28.3889729313393,-2.66948781920606));
#5733=CARTESIAN_POINT('Ctrl Pts',(29.2449594835432,-28.4407192636853,-2.66933267565886));
#5734=CARTESIAN_POINT('Ctrl Pts',(29.0106087256864,-28.4703626726211,-2.66917686282318));
#5735=CARTESIAN_POINT('Ctrl Pts',(28.9184497806904,-28.4820200076286,-2.66911558908682));
#5736=CARTESIAN_POINT('Ctrl Pts',(28.825808633381,-28.4902591858203,-2.66905422295489));
#5737=CARTESIAN_POINT('Ctrl Pts',(28.7328763492565,-28.4950451017551,-2.66899307709299));
#5738=CARTESIAN_POINT('Ctrl Pts',(28.668599422048,-28.4983552966251,-2.66895078535174));
#5739=CARTESIAN_POINT('Ctrl Pts',(28.6042898046492,-28.5000080132807,-2.66890866960294));
#5740=CARTESIAN_POINT('Ctrl Pts',(28.5400108352903,-28.500008,-2.66886683438279));
#5741=CARTESIAN_POINT('Origin',(28.5400108352904,24.749992,-9.99));
#5742=CARTESIAN_POINT('Origin',(28.5400108352904,24.749992,-7.69));
#5743=CARTESIAN_POINT('Ctrl Pts',(29.5400108352904,24.749992,-9.19));
#5744=CARTESIAN_POINT('Ctrl Pts',(29.5400108352904,25.749992,-9.19));
#5745=CARTESIAN_POINT('Ctrl Pts',(28.5400108352904,25.749992,-9.19));
#5746=CARTESIAN_POINT('Ctrl Pts',(31.0400108352904,24.749992,-9.19));
#5747=CARTESIAN_POINT('Ctrl Pts',(31.0400108352904,27.249992,-9.19));
#5748=CARTESIAN_POINT('Ctrl Pts',(28.5400108352904,27.249992,-9.19));
#5749=CARTESIAN_POINT('Ctrl Pts',(31.0400108352904,24.749992,-7.69));
#5750=CARTESIAN_POINT('Ctrl Pts',(31.0400108352904,27.249992,-7.69));
#5751=CARTESIAN_POINT('Ctrl Pts',(28.5400108352904,27.249992,-7.69));
#5752=CARTESIAN_POINT('Origin',(28.5400108352903,25.749992,-7.69));
#5753=CARTESIAN_POINT('Origin',(-13.0849891647096,25.749992,-7.69));
#5754=CARTESIAN_POINT('Ctrl Pts',(29.5400108352904,24.749992,-11.69));
#5755=CARTESIAN_POINT('Ctrl Pts',(29.5400108352904,25.749992,-11.69));
#5756=CARTESIAN_POINT('Ctrl Pts',(28.5400108352904,25.749992,-11.69));
#5757=CARTESIAN_POINT('Ctrl Pts',(33.5400108352904,24.749992,-11.69));
#5758=CARTESIAN_POINT('Ctrl Pts',(33.5400108352904,29.749992,-11.69));
#5759=CARTESIAN_POINT('Ctrl Pts',(28.5400108352904,29.749992,-11.69));
#5760=CARTESIAN_POINT('Ctrl Pts',(33.5400108352904,24.749992,-7.69));
#5761=CARTESIAN_POINT('Ctrl Pts',(33.5400108352904,29.749992,-7.69));
#5762=CARTESIAN_POINT('Ctrl Pts',(28.5400108352904,29.749992,-7.69));
#5763=CARTESIAN_POINT('',(33.5400108352904,24.749992,-7.69));
#5764=CARTESIAN_POINT('',(29.5400108352904,24.749992,-11.69));
#5765=CARTESIAN_POINT('Origin',(29.5400108352904,24.749992,-7.69));
#5766=CARTESIAN_POINT('',(28.5400108352903,25.749992,-11.69));
#5767=CARTESIAN_POINT('Origin',(28.5400108352904,24.749992,-11.69));
#5768=CARTESIAN_POINT('',(28.5400108352903,29.749992,-7.69));
#5769=CARTESIAN_POINT('Origin',(28.5400108352903,25.749992,-7.69));
#5770=CARTESIAN_POINT('Origin',(28.5400108352904,24.749992,-7.69));
#5771=CARTESIAN_POINT('Origin',(14.6650108352903,25.749992,-7.69));
#5772=CARTESIAN_POINT('',(-26.9599891647096,25.749992,-11.69));
#5773=CARTESIAN_POINT('',(-26.9599891647096,29.749992,-7.69));
#5774=CARTESIAN_POINT('Origin',(-26.9599891647096,25.749992,-7.69));
#5775=CARTESIAN_POINT('',(14.6650108352903,29.749992,-7.69));
#5776=CARTESIAN_POINT('',(14.6650108352903,25.749992,-11.69));
#5777=CARTESIAN_POINT('Ctrl Pts',(-26.9599891647097,25.749992,-11.69));
#5778=CARTESIAN_POINT('Ctrl Pts',(-27.9599891647096,25.749992,-11.69));
#5779=CARTESIAN_POINT('Ctrl Pts',(-27.9599891647096,24.749992,-11.69));
#5780=CARTESIAN_POINT('Ctrl Pts',(-26.9599891647097,29.749992,-11.69));
#5781=CARTESIAN_POINT('Ctrl Pts',(-31.9599891647097,29.749992,-11.69));
#5782=CARTESIAN_POINT('Ctrl Pts',(-31.9599891647097,24.749992,-11.69));
#5783=CARTESIAN_POINT('Ctrl Pts',(-26.9599891647097,29.749992,-7.69));
#5784=CARTESIAN_POINT('Ctrl Pts',(-31.9599891647097,29.749992,-7.69));
#5785=CARTESIAN_POINT('Ctrl Pts',(-31.9599891647097,24.749992,-7.69));
#5786=CARTESIAN_POINT('',(-27.9599891647096,24.749992,-11.69));
#5787=CARTESIAN_POINT('Origin',(-27.9599891647096,24.749992,-7.69));
#5788=CARTESIAN_POINT('Origin',(-26.9599891647097,24.749992,-7.69));
#5789=CARTESIAN_POINT('Origin',(-26.9599891647097,24.749992,-11.69));
#5790=CARTESIAN_POINT('Origin',(-27.9599891647097,12.374992,-7.69));
#5791=CARTESIAN_POINT('',(-27.9599891647096,-24.750008,-11.69));
#5792=CARTESIAN_POINT('Origin',(-27.9599891647096,-24.750008,-7.69));
#5793=CARTESIAN_POINT('',(-27.9599891647097,12.374992,-11.69));
#5794=CARTESIAN_POINT('Ctrl Pts',(-27.9599891647096,-24.750008,-11.69));
#5795=CARTESIAN_POINT('Ctrl Pts',(-27.9599891647096,-25.750008,-11.69));
#5796=CARTESIAN_POINT('Ctrl Pts',(-26.9599891647097,-25.750008,-11.69));
#5797=CARTESIAN_POINT('Ctrl Pts',(-31.9599891647096,-24.750008,-11.69));
#5798=CARTESIAN_POINT('Ctrl Pts',(-31.9599891647097,-29.750008,-11.69));
#5799=CARTESIAN_POINT('Ctrl Pts',(-26.9599891647097,-29.750008,-11.69));
#5800=CARTESIAN_POINT('Ctrl Pts',(-31.9599891647096,-24.750008,-7.69));
#5801=CARTESIAN_POINT('Ctrl Pts',(-31.9599891647097,-29.750008,-7.69));
#5802=CARTESIAN_POINT('Ctrl Pts',(-26.9599891647097,-29.750008,-7.69));
#5803=CARTESIAN_POINT('',(-26.9599891647097,-25.750008,-11.69));
#5804=CARTESIAN_POINT('',(-26.9599891647096,-29.750008,-7.69));
#5805=CARTESIAN_POINT('Origin',(-26.9599891647097,-25.750008,-7.69));
#5806=CARTESIAN_POINT('Origin',(-26.9599891647097,-24.750008,-7.69));
#5807=CARTESIAN_POINT('Origin',(-26.9599891647097,-24.750008,-11.69));
#5808=CARTESIAN_POINT('Origin',(-13.0849891647096,-25.750008,-7.69));
#5809=CARTESIAN_POINT('',(28.5400108352903,-25.750008,-11.69));
#5810=CARTESIAN_POINT('',(28.5400108352903,-29.750008,-7.69));
#5811=CARTESIAN_POINT('Origin',(28.5400108352903,-25.750008,-7.69));
#5812=CARTESIAN_POINT('',(-13.0849891647096,-29.750008,-7.69));
#5813=CARTESIAN_POINT('',(-13.0849891647096,-25.750008,-11.69));
#5814=CARTESIAN_POINT('Ctrl Pts',(28.5400108352904,-25.750008,-11.69));
#5815=CARTESIAN_POINT('Ctrl Pts',(29.5400108352904,-25.750008,-11.69));
#5816=CARTESIAN_POINT('Ctrl Pts',(29.5400108352904,-24.750008,-11.69));
#5817=CARTESIAN_POINT('Ctrl Pts',(28.5400108352904,-29.750008,-11.69));
#5818=CARTESIAN_POINT('Ctrl Pts',(33.5400108352904,-29.750008,-11.69));
#5819=CARTESIAN_POINT('Ctrl Pts',(33.5400108352904,-24.750008,-11.69));
#5820=CARTESIAN_POINT('Ctrl Pts',(28.5400108352904,-29.750008,-7.69));
#5821=CARTESIAN_POINT('Ctrl Pts',(33.5400108352904,-29.750008,-7.69));
#5822=CARTESIAN_POINT('Ctrl Pts',(33.5400108352904,-24.750008,-7.69));
#5823=CARTESIAN_POINT('',(29.5400108352904,-24.750008,-11.69));
#5824=CARTESIAN_POINT('',(33.5400108352904,-24.750008,-7.69));
#5825=CARTESIAN_POINT('Origin',(29.5400108352904,-24.750008,-7.69));
#5826=CARTESIAN_POINT('Origin',(28.5400108352904,-24.750008,-7.69));
#5827=CARTESIAN_POINT('Origin',(28.5400108352904,-24.750008,-11.69));
#5828=CARTESIAN_POINT('Origin',(29.5400108352904,-12.375008,-7.69));
#5829=CARTESIAN_POINT('',(29.5400108352904,-12.375008,-11.69));
#5830=CARTESIAN_POINT('',(33.5400108352904,-12.375008,-7.69));
#5831=CARTESIAN_POINT('Origin',(-26.9599891647096,-29.750008,-11.69));
#5832=CARTESIAN_POINT('',(28.5400108352903,-29.750008,-2.66886683438279));
#5833=CARTESIAN_POINT('',(28.5400108352903,-29.750008,-11.69));
#5834=CARTESIAN_POINT('',(-26.9599891647096,-29.750008,5.31993207408541));
#5835=CARTESIAN_POINT('Ctrl Pts',(28.5400108352904,-29.750008,-2.66886683438279));
#5836=CARTESIAN_POINT('Ctrl Pts',(27.54048340444,-29.750008,-2.66821630357098));
#5837=CARTESIAN_POINT('Ctrl Pts',(25.3416776058439,-29.750008,-2.66639132402833));
#5838=CARTESIAN_POINT('Ctrl Pts',(23.2405023451979,-29.750008,-2.66780176129647));
#5839=CARTESIAN_POINT('Ctrl Pts',(22.1851301024983,-29.750008,-2.66851019165482));
#5840=CARTESIAN_POINT('Ctrl Pts',(21.1543889729738,-29.750008,-2.6702229212251));
#5841=CARTESIAN_POINT('Ctrl Pts',(20.3126169088528,-29.750008,-2.67254596458956));
#5842=CARTESIAN_POINT('Ctrl Pts',(19.4213188597979,-29.750008,-2.67500568510876));
#5843=CARTESIAN_POINT('Ctrl Pts',(18.6529104827268,-29.750008,-2.67820486372674));
#5844=CARTESIAN_POINT('Ctrl Pts',(17.9554305048821,-29.750008,-2.6817461835309));
#5845=CARTESIAN_POINT('Ctrl Pts',(15.240088841158,-29.750008,-2.69553280610683));
#5846=CARTESIAN_POINT('Ctrl Pts',(13.783237663089,-29.750008,-2.71566404847162));
#5847=CARTESIAN_POINT('Ctrl Pts',(12.7285801224942,-29.750008,-2.68309745492866));
#5848=CARTESIAN_POINT('Ctrl Pts',(11.9746166595841,-29.750008,-2.65981594344486));
#5849=CARTESIAN_POINT('Ctrl Pts',(11.4030512314582,-29.750008,-2.61177846727439));
#5850=CARTESIAN_POINT('Ctrl Pts',(10.7766997106314,-29.750008,-2.53383342829224));
#5851=CARTESIAN_POINT('Ctrl Pts',(7.68675030093223,-29.750008,-2.14931096896474));
#5852=CARTESIAN_POINT('Ctrl Pts',(4.9750923586025,-29.750008,-1.23197633370473));
#5853=CARTESIAN_POINT('Ctrl Pts',(2.89590171823251,-29.750008,-0.337993143083743));
#5854=CARTESIAN_POINT('Ctrl Pts',(1.81511162945232,-29.750008,0.126710839898459));
#5855=CARTESIAN_POINT('Ctrl Pts',(0.903763926644453,-29.750008,0.580379417147428));
#5856=CARTESIAN_POINT('Ctrl Pts',(0.195305834984183,-29.750008,0.939883552764539));
#5857=CARTESIAN_POINT('Ctrl Pts',(-0.347166818695172,-29.750008,1.21515906271021));
#5858=CARTESIAN_POINT('Ctrl Pts',(-0.748313406106628,-29.750008,1.42451922729608));
#5859=CARTESIAN_POINT('Ctrl Pts',(-1.17179807142688,-29.750008,1.64449446812188));
#5860=CARTESIAN_POINT('Ctrl Pts',(-4.40739886417402,-29.750008,3.32519774237728));
#5861=CARTESIAN_POINT('Ctrl Pts',(-7.0196975867225,-29.750008,4.7020915774078));
#5862=CARTESIAN_POINT('Ctrl Pts',(-11.5442094733626,-29.750008,5.16193962827496));
#5863=CARTESIAN_POINT('Ctrl Pts',(-12.3853781334905,-29.750008,5.2474316721687));
#5864=CARTESIAN_POINT('Ctrl Pts',(-13.2764496071871,-29.750008,5.29646808902441));
#5865=CARTESIAN_POINT('Ctrl Pts',(-14.1578357483978,-29.750008,5.31846196233139));
#5866=CARTESIAN_POINT('Ctrl Pts',(-15.293996913277,-29.750008,5.34681342322723));
#5867=CARTESIAN_POINT('Ctrl Pts',(-16.4575790574742,-29.750008,5.33593869714126));
#5868=CARTESIAN_POINT('Ctrl Pts',(-17.7238643440023,-29.750008,5.32459107366959));
#5869=CARTESIAN_POINT('Ctrl Pts',(-19.1165499868517,-29.750008,5.31211073258248));
#5870=CARTESIAN_POINT('Ctrl Pts',(-20.5474260836337,-29.750008,5.30861535699231));
#5871=CARTESIAN_POINT('Ctrl Pts',(-21.9604607596845,-29.750008,5.30997423481458));
#5872=CARTESIAN_POINT('Ctrl Pts',(-23.6269594342154,-29.750008,5.31157686221506));
#5873=CARTESIAN_POINT('Ctrl Pts',(-25.2934915292966,-29.750008,5.31626490743151));
#5874=CARTESIAN_POINT('Ctrl Pts',(-26.9599891647097,-29.750008,5.3199320740854));
#5875=CARTESIAN_POINT('',(-26.9599891647096,-29.750008,-11.69));
#5876=CARTESIAN_POINT('Origin',(28.5400108352904,-24.750008,-11.69));
#5877=CARTESIAN_POINT('',(33.5400108352904,-24.750008,-2.67178712755882));
#5878=CARTESIAN_POINT('',(33.5400108352904,-24.750008,-11.69));
#5879=CARTESIAN_POINT('Ctrl Pts',(33.5400108352903,-24.750008,-2.67178712755882));
#5880=CARTESIAN_POINT('Ctrl Pts',(33.5400065766586,-25.0391092779972,-2.67178712590673));
#5881=CARTESIAN_POINT('Ctrl Pts',(33.5149158029077,-25.3270924996702,-2.6717774971673));
#5882=CARTESIAN_POINT('Ctrl Pts',(33.4653409282744,-25.610762112165,-2.67175783779932));
#5883=CARTESIAN_POINT('Ctrl Pts',(33.4147041117867,-25.9005082026452,-2.67173775730863));
#5884=CARTESIAN_POINT('Ctrl Pts',(33.3385229191499,-26.1857539012362,-2.67170720027348));
#5885=CARTESIAN_POINT('Ctrl Pts',(33.2373851522907,-26.4630938692438,-2.67166448610472));
#5886=CARTESIAN_POINT('Ctrl Pts',(33.2230016133779,-26.502536407336,-2.67165841141148));
#5887=CARTESIAN_POINT('Ctrl Pts',(33.2081132228916,-26.5418190460425,-2.67165208901093));
#5888=CARTESIAN_POINT('Ctrl Pts',(33.1927215874871,-26.5809319900691,-2.67164551234672));
#5889=CARTESIAN_POINT('Ctrl Pts',(33.0602365006823,-26.9176006837045,-2.67158890303226));
#5890=CARTESIAN_POINT('Ctrl Pts',(32.8919187825814,-27.2380704573151,-2.67151412834769));
#5891=CARTESIAN_POINT('Ctrl Pts',(32.6912234502827,-27.5370078303293,-2.67141770514599));
#5892=CARTESIAN_POINT('Ctrl Pts',(32.5246472189219,-27.7851245176445,-2.67133767431831));
#5893=CARTESIAN_POINT('Ctrl Pts',(32.3357634841129,-28.0184076934892,-2.67124266667006));
#5894=CARTESIAN_POINT('Ctrl Pts',(32.1265326890772,-28.233807792133,-2.67113088404134));
#5895=CARTESIAN_POINT('Ctrl Pts',(31.9146573130798,-28.451930448897,-2.67101768853163));
#5896=CARTESIAN_POINT('Ctrl Pts',(31.6837845857704,-28.6498150355126,-2.6708882123197));
#5897=CARTESIAN_POINT('Ctrl Pts',(31.4369547760418,-28.8252757706923,-2.67074264054166));
#5898=CARTESIAN_POINT('Ctrl Pts',(31.2229426462006,-28.9774078234642,-2.67061642350857));
#5899=CARTESIAN_POINT('Ctrl Pts',(30.9969340881643,-29.1126824305606,-2.67047810940095));
#5900=CARTESIAN_POINT('Ctrl Pts',(30.7609543147194,-29.2296748735406,-2.67032908888479));
#5901=CARTESIAN_POINT('Ctrl Pts',(30.7247680075667,-29.2476150741537,-2.67030623734081));
#5902=CARTESIAN_POINT('Ctrl Pts',(30.6883473307417,-29.2651253756291,-2.67028313671194));
#5903=CARTESIAN_POINT('Ctrl Pts',(30.6516997016155,-29.2822006406364,-2.67025979501664));
#5904=CARTESIAN_POINT('Ctrl Pts',(30.4261647871432,-29.3872843397688,-2.67011614678134));
#5905=CARTESIAN_POINT('Ctrl Pts',(30.1935399301318,-29.4751909725965,-2.66996423570956));
#5906=CARTESIAN_POINT('Ctrl Pts',(29.9557869804111,-29.5453843488653,-2.66980688799512));
#5907=CARTESIAN_POINT('Ctrl Pts',(29.7180979214492,-29.6155588622428,-2.66964958256435));
#5908=CARTESIAN_POINT('Ctrl Pts',(29.4752834489451,-29.668029637861,-2.66948684856379));
#5909=CARTESIAN_POINT('Ctrl Pts',(29.2293567901096,-29.7022609176171,-2.66932264967906));
#5910=CARTESIAN_POINT('Ctrl Pts',(29.1473352797522,-29.7136777411545,-2.66926788603291));
#5911=CARTESIAN_POINT('Ctrl Pts',(29.0649680196599,-29.7230656810729,-2.66921296838305));
#5912=CARTESIAN_POINT('Ctrl Pts',(28.9823309750842,-29.7304048610878,-2.66915806917503));
#5913=CARTESIAN_POINT('Ctrl Pts',(28.8351903134495,-29.7434727510248,-2.66906031754521));
#5914=CARTESIAN_POINT('Ctrl Pts',(28.687605880521,-29.7500079940208,-2.66896289490262));
#5915=CARTESIAN_POINT('Ctrl Pts',(28.5400108352904,-29.750008,-2.66886683438279));
#5916=CARTESIAN_POINT('Origin',(33.5400108352904,-24.750008,-11.69));
#5917=CARTESIAN_POINT('Ctrl Pts',(33.5400108352904,-2.99999983608723,-2.67178712755882));
#5918=CARTESIAN_POINT('Ctrl Pts',(33.5400108352904,-10.2500025573915,-2.67178712755882));
#5919=CARTESIAN_POINT('Ctrl Pts',(33.5400108352904,-17.5000052786957,-2.67178712755882));
#5920=CARTESIAN_POINT('Ctrl Pts',(33.5400108352904,-24.750008,-2.67178712755882));
#5921=CARTESIAN_POINT('',(33.5400108352904,24.749992,-2.67178712755882));
#5922=CARTESIAN_POINT('',(33.5400108352904,24.749992,-11.69));
#5923=CARTESIAN_POINT('Ctrl Pts',(33.5400108352904,24.749992,-2.67178712755882));
#5924=CARTESIAN_POINT('Ctrl Pts',(33.5400108352904,20.1666613879709,-2.67178712755882));
#5925=CARTESIAN_POINT('Ctrl Pts',(33.5400108352904,15.5833307759418,-2.67178712755882));
#5926=CARTESIAN_POINT('Ctrl Pts',(33.5400108352904,11.0000001639128,-2.67178712755882));
#5927=CARTESIAN_POINT('Origin',(28.5400108352904,24.749992,-11.69));
#5928=CARTESIAN_POINT('',(28.5400108352903,29.749992,-2.66886683438279));
#5929=CARTESIAN_POINT('',(28.5400108352903,29.749992,-11.69));
#5930=CARTESIAN_POINT('Ctrl Pts',(28.5400108352903,29.749992,-2.66886683438279));
#5931=CARTESIAN_POINT('Ctrl Pts',(28.6834932596986,29.749992,-2.66896021825115));
#5932=CARTESIAN_POINT('Ctrl Pts',(28.8269699102063,29.7438158368812,-2.669054892485));
#5933=CARTESIAN_POINT('Ctrl Pts',(29.5480835380959,29.6815649772426,-2.66953378363988));
#5934=CARTESIAN_POINT('Ctrl Pts',(30.1130536860922,29.5314309919654,-2.66991641240911));
#5935=CARTESIAN_POINT('Ctrl Pts',(31.2274219647926,29.01582256776,-2.67062682063528));
#5936=CARTESIAN_POINT('Ctrl Pts',(31.7568239828578,28.6322081543545,-2.67093598233443));
#5937=CARTESIAN_POINT('Ctrl Pts',(32.6323481256832,27.6924692642263,-2.67139808803931));
#5938=CARTESIAN_POINT('Ctrl Pts',(32.9734184706275,27.1479690072567,-2.67155206596531));
#5939=CARTESIAN_POINT('Ctrl Pts',(33.4258890418845,25.978485707831,-2.67174487884747));
#5940=CARTESIAN_POINT('Ctrl Pts',(33.5400108352904,25.3667506039284,-2.67178712755882));
#5941=CARTESIAN_POINT('Ctrl Pts',(33.5400108352904,24.749992,-2.67178712755882));
#5942=CARTESIAN_POINT('Origin',(0.790010835290351,-7.99999999578915E-6,
-11.69));
#5943=CARTESIAN_POINT('Ctrl Pts',(-75.4401820334145,72.3879414862831,5.33639480549746));
#5944=CARTESIAN_POINT('Ctrl Pts',(-75.4401820334145,-73.3879574862831,5.33639480549746));
#5945=CARTESIAN_POINT('Ctrl Pts',(-68.9125921361579,72.3879414862831,5.33639480549746));
#5946=CARTESIAN_POINT('Ctrl Pts',(-68.9125921361579,-73.3879574862831,5.33639480549746));
#5947=CARTESIAN_POINT('Ctrl Pts',(-62.3850022389012,72.3879414862831,5.33639480549746));
#5948=CARTESIAN_POINT('Ctrl Pts',(-62.3850022389012,-73.3879574862831,5.33639480549746));
#5949=CARTESIAN_POINT('Ctrl Pts',(-55.8574123416446,72.3879414862831,5.33639480549746));
#5950=CARTESIAN_POINT('Ctrl Pts',(-55.8574123416446,-73.3879574862831,5.33639480549746));
#5951=CARTESIAN_POINT('Ctrl Pts',(-49.329822444388,72.3879414862831,5.33639480549746));
#5952=CARTESIAN_POINT('Ctrl Pts',(-49.329822444388,-73.3879574862831,5.33639480549746));
#5953=CARTESIAN_POINT('Ctrl Pts',(-42.8022325471314,72.3879414862831,5.33639480549746));
#5954=CARTESIAN_POINT('Ctrl Pts',(-42.8022325471314,-73.3879574862831,5.33639480549746));
#5955=CARTESIAN_POINT('Ctrl Pts',(-40.8147732065984,72.3879414862831,5.33639480549746));
#5956=CARTESIAN_POINT('Ctrl Pts',(-40.8147732065984,-73.3879574862831,5.33639480549746));
#5957=CARTESIAN_POINT('Ctrl Pts',(-37.0901592401969,72.3879414862831,5.33545233225607));
#5958=CARTESIAN_POINT('Ctrl Pts',(-37.0901592401969,-73.3879574862831,5.33545233225607));
#5959=CARTESIAN_POINT('Ctrl Pts',(-32.2541495654554,72.3879414862831,5.33120797492129));
#5960=CARTESIAN_POINT('Ctrl Pts',(-32.2541495654554,-73.3879574862831,5.33120797492129));
#5961=CARTESIAN_POINT('Ctrl Pts',(-27.2454454553185,72.3879414862831,5.32145102095934));
#5962=CARTESIAN_POINT('Ctrl Pts',(-27.2454454553185,-73.3879574862831,5.32145102095934));
#5963=CARTESIAN_POINT('Ctrl Pts',(-23.00043088708,72.3879414862831,5.3099792456046));
#5964=CARTESIAN_POINT('Ctrl Pts',(-23.00043088708,-73.3879574862831,5.3099792456046));
#5965=CARTESIAN_POINT('Ctrl Pts',(-20.2461387179733,72.3879414862831,5.30709161122747));
#5966=CARTESIAN_POINT('Ctrl Pts',(-20.2461387179733,-73.3879574862831,5.30709161122747));
#5967=CARTESIAN_POINT('Ctrl Pts',(-18.3982765112696,72.3879414862831,5.31608968444992));
#5968=CARTESIAN_POINT('Ctrl Pts',(-18.3982765112696,-73.3879574862831,5.31608968444992));
#5969=CARTESIAN_POINT('Ctrl Pts',(-16.8968167983442,72.3879414862831,5.33420384659734));
#5970=CARTESIAN_POINT('Ctrl Pts',(-16.8968167983442,-73.3879574862831,5.33420384659734));
#5971=CARTESIAN_POINT('Ctrl Pts',(-15.2872451730185,72.3879414862831,5.34320738653858));
#5972=CARTESIAN_POINT('Ctrl Pts',(-15.2872451730185,-73.3879574862831,5.34320738653858));
#5973=CARTESIAN_POINT('Ctrl Pts',(-13.3068514278564,72.3879414862831,5.3196846088009));
#5974=CARTESIAN_POINT('Ctrl Pts',(-13.3068514278564,-73.3879574862831,5.3196846088009));
#5975=CARTESIAN_POINT('Ctrl Pts',(-10.9759325802515,72.3879414862831,5.15750978322182));
#5976=CARTESIAN_POINT('Ctrl Pts',(-10.9759325802515,-73.3879574862831,5.15750978322182));
#5977=CARTESIAN_POINT('Ctrl Pts',(-8.45049490095891,72.3879414862831,4.73234746395608));
#5978=CARTESIAN_POINT('Ctrl Pts',(-8.45049490095891,-73.3879574862831,4.73234746395608));
#5979=CARTESIAN_POINT('Ctrl Pts',(-5.91901466155675,72.3879414862831,3.95618509491072));
#5980=CARTESIAN_POINT('Ctrl Pts',(-5.91901466155675,-73.3879574862831,3.95618509491072));
#5981=CARTESIAN_POINT('Ctrl Pts',(-3.45312390350327,72.3879414862831,2.85149214909952));
#5982=CARTESIAN_POINT('Ctrl Pts',(-3.45312390350327,-73.3879574862831,2.85149214909952));
#5983=CARTESIAN_POINT('Ctrl Pts',(-0.999060676093603,72.3879414862831,1.55018267095385));
#5984=CARTESIAN_POINT('Ctrl Pts',(-0.999060676093603,-73.3879574862831,
1.55018267095385));
#5985=CARTESIAN_POINT('Ctrl Pts',(1.52665728424844,72.3879414862831,0.230791813084289));
#5986=CARTESIAN_POINT('Ctrl Pts',(1.52665728424844,-73.3879574862831,0.230791813084289));
#5987=CARTESIAN_POINT('Ctrl Pts',(4.16201140446915,72.3879414862831,-0.926859205458656));
#5988=CARTESIAN_POINT('Ctrl Pts',(4.16201140446915,-73.3879574862831,-0.926859205458656));
#5989=CARTESIAN_POINT('Ctrl Pts',(6.83596471342208,72.3879414862831,-1.79281509731398));
#5990=CARTESIAN_POINT('Ctrl Pts',(6.83596471342208,-73.3879574862831,-1.79281509731398));
#5991=CARTESIAN_POINT('Ctrl Pts',(9.25033095488015,72.3879414862831,-2.33934691592914));
#5992=CARTESIAN_POINT('Ctrl Pts',(9.25033095488015,-73.3879574862831,-2.33934691592914));
#5993=CARTESIAN_POINT('Ctrl Pts',(11.1850819140304,72.3879414862831,-2.61382722327498));
#5994=CARTESIAN_POINT('Ctrl Pts',(11.1850819140304,-73.3879574862831,-2.61382722327498));
#5995=CARTESIAN_POINT('Ctrl Pts',(12.6057315438822,72.3879414862831,-2.70290075559401));
#5996=CARTESIAN_POINT('Ctrl Pts',(12.6057315438822,-73.3879574862831,-2.70290075559401));
#5997=CARTESIAN_POINT('Ctrl Pts',(14.2984962768632,72.3879414862831,-2.70675474810896));
#5998=CARTESIAN_POINT('Ctrl Pts',(14.2984962768632,-73.3879574862831,-2.70675474810896));
#5999=CARTESIAN_POINT('Ctrl Pts',(16.7621350359166,72.3879414862831,-2.68642893277757));
#6000=CARTESIAN_POINT('Ctrl Pts',(16.7621350359166,-73.3879574862831,-2.68642893277757));
#6001=CARTESIAN_POINT('Ctrl Pts',(19.9795927711773,72.3879414862831,-2.67030092858158));
#6002=CARTESIAN_POINT('Ctrl Pts',(19.9795927711773,-73.3879574862831,-2.67030092858158));
#6003=CARTESIAN_POINT('Ctrl Pts',(23.74134896823,72.3879414862831,-2.66581959353318));
#6004=CARTESIAN_POINT('Ctrl Pts',(23.74134896823,-73.3879574862831,-2.66581959353318));
#6005=CARTESIAN_POINT('Ctrl Pts',(27.7247871302314,72.3879414862831,-2.66811496707625));
#6006=CARTESIAN_POINT('Ctrl Pts',(27.7247871302314,-73.3879574862831,-2.66811496707625));
#6007=CARTESIAN_POINT('Ctrl Pts',(31.7035872611322,72.3879414862831,-2.67125312994366));
#6008=CARTESIAN_POINT('Ctrl Pts',(31.7035872611322,-73.3879574862831,-2.67125312994366));
#6009=CARTESIAN_POINT('Ctrl Pts',(35.5993512686387,72.3879414862831,-2.67286685926779));
#6010=CARTESIAN_POINT('Ctrl Pts',(35.5993512686387,-73.3879574862831,-2.67286685926779));
#6011=CARTESIAN_POINT('Ctrl Pts',(39.426153849667,72.3879414862831,-2.67224953101016));
#6012=CARTESIAN_POINT('Ctrl Pts',(39.426153849667,-73.3879574862831,-2.67224953101016));
#6013=CARTESIAN_POINT('Ctrl Pts',(43.2611201249689,72.3879414862831,-2.67016262032514));
#6014=CARTESIAN_POINT('Ctrl Pts',(43.2611201249689,-73.3879574862831,-2.67016262032514));
#6015=CARTESIAN_POINT('Ctrl Pts',(46.4163154450365,72.3879414862831,-2.66839828384398));
#6016=CARTESIAN_POINT('Ctrl Pts',(46.4163154450365,-73.3879574862831,-2.66839828384398));
#6017=CARTESIAN_POINT('Ctrl Pts',(48.872201002104,72.3879414862831,-2.66763618676064));
#6018=CARTESIAN_POINT('Ctrl Pts',(48.872201002104,-73.3879574862831,-2.66763618676064));
#6019=CARTESIAN_POINT('Ctrl Pts',(50.5548265465507,72.3879414862831,-2.66746676572437));
#6020=CARTESIAN_POINT('Ctrl Pts',(50.5548265465507,-73.3879574862831,-2.66746676572437));
#6021=CARTESIAN_POINT('Ctrl Pts',(51.4074822352385,72.3879414862831,-2.66746676572437));
#6022=CARTESIAN_POINT('Ctrl Pts',(51.4074822352385,-73.3879574862831,-2.66746676572437));
#6023=CARTESIAN_POINT('Ctrl Pts',(57.9350721324951,72.3879414862831,-2.66746676572437));
#6024=CARTESIAN_POINT('Ctrl Pts',(57.9350721324951,-73.3879574862831,-2.66746676572437));
#6025=CARTESIAN_POINT('Ctrl Pts',(64.4626620297517,72.3879414862831,-2.66746676572437));
#6026=CARTESIAN_POINT('Ctrl Pts',(64.4626620297517,-73.3879574862831,-2.66746676572437));
#6027=CARTESIAN_POINT('Ctrl Pts',(70.9902519270083,72.3879414862831,-2.66746676572437));
#6028=CARTESIAN_POINT('Ctrl Pts',(70.9902519270083,-73.3879574862831,-2.66746676572437));
#6029=CARTESIAN_POINT('Ctrl Pts',(77.5178418242649,72.3879414862831,-2.66746676572437));
#6030=CARTESIAN_POINT('Ctrl Pts',(77.5178418242649,-73.3879574862831,-2.66746676572437));
#6031=CARTESIAN_POINT('Ctrl Pts',(84.0454317215216,72.3879414862831,-2.66746676572437));
#6032=CARTESIAN_POINT('Ctrl Pts',(84.0454317215216,-73.3879574862831,-2.66746676572437));
#6033=CARTESIAN_POINT('',(-26.9599891647096,29.749992,5.31993207408541));
#6034=CARTESIAN_POINT('Ctrl Pts',(-26.9599891647097,29.749992,5.3199320740854));
#6035=CARTESIAN_POINT('Ctrl Pts',(-24.1895588854309,29.749992,5.31383567807426));
#6036=CARTESIAN_POINT('Ctrl Pts',(-21.4190719356506,29.7499919999962,5.29808283909584));
#6037=CARTESIAN_POINT('Ctrl Pts',(-15.9108910951259,29.7499919999962,5.33585192837881));
#6038=CARTESIAN_POINT('Ctrl Pts',(-13.7269870836597,29.7499919999993,5.38841741311933));
#6039=CARTESIAN_POINT('Ctrl Pts',(-6.62246422946971,29.7499919999993,4.6514691128491));
#6040=CARTESIAN_POINT('Ctrl Pts',(-3.91177622738526,29.749991999997,3.05329239105088));
#6041=CARTESIAN_POINT('Ctrl Pts',(1.60645663810278,29.749991999997,0.211163884221219));
#6042=CARTESIAN_POINT('Ctrl Pts',(3.67476908409713,29.749991999997,-0.793797309621349));
#6043=CARTESIAN_POINT('Ctrl Pts',(10.2017215039141,29.749991999997,-2.74150768439232));
#6044=CARTESIAN_POINT('Ctrl Pts',(12.6020964678241,29.749991999997,-2.7085859941446));
#6045=CARTESIAN_POINT('Ctrl Pts',(20.3756502077236,29.749991999997,-2.67645677056547));
#6046=CARTESIAN_POINT('Ctrl Pts',(23.2048747162334,29.749992,-2.66539452304495));
#6047=CARTESIAN_POINT('Ctrl Pts',(28.5400108352903,29.749992,-2.66886683438279));
#6048=CARTESIAN_POINT('Ctrl Pts',(-31.9599891647096,24.749992,5.3292197567565));
#6049=CARTESIAN_POINT('Ctrl Pts',(-31.9599891647096,25.3015335065786,5.3292197567565));
#6050=CARTESIAN_POINT('Ctrl Pts',(-31.8687218051572,25.8500535657389,5.32908860386099));
#6051=CARTESIAN_POINT('Ctrl Pts',(-31.4751786877891,26.996720205572,5.32849673747241));
#6052=CARTESIAN_POINT('Ctrl Pts',(-31.1398894774073,27.5718986289482,5.32798319695481));
#6053=CARTESIAN_POINT('Ctrl Pts',(-30.3024393492951,28.5172695097985,5.3265861075291));
#6054=CARTESIAN_POINT('Ctrl Pts',(-29.8236559276561,28.8929094726855,5.32574626078835));
#6055=CARTESIAN_POINT('Ctrl Pts',(-28.9019766024944,29.378226488003,5.32399795001763));
#6056=CARTESIAN_POINT('Ctrl Pts',(-28.4892518101066,29.5304967016398,5.32317886532495));
#6057=CARTESIAN_POINT('Ctrl Pts',(-27.7001930961059,29.7087903930063,5.32154134653007));
#6058=CARTESIAN_POINT('Ctrl Pts',(-27.3305788830228,29.749992,5.32074756534588));
#6059=CARTESIAN_POINT('Ctrl Pts',(-26.9599891647096,29.749992,5.31993207408541));
#6060=CARTESIAN_POINT('Ctrl Pts',(-26.9599891647096,-29.750008,5.31993207408541));
#6061=CARTESIAN_POINT('Ctrl Pts',(-27.2824638140769,-29.750008,5.320641687022));
#6062=CARTESIAN_POINT('Ctrl Pts',(-27.6044275177332,-29.7188105838083,5.32133550954862));
#6063=CARTESIAN_POINT('Ctrl Pts',(-28.3477328084742,-29.5731753330014,5.32289168594395));
#6064=CARTESIAN_POINT('Ctrl Pts',(-28.7614072572662,-29.4344149669936,5.32372152587869));
#6065=CARTESIAN_POINT('Ctrl Pts',(-29.6860264523426,-28.9834301187334,5.32549509766108));
#6066=CARTESIAN_POINT('Ctrl Pts',(-30.169441749797,-28.6297704645341,5.32635460547549));
#6067=CARTESIAN_POINT('Ctrl Pts',(-30.995156186471,-27.7633983621365,5.32774897025274));
#6068=CARTESIAN_POINT('Ctrl Pts',(-31.3286266353569,-27.255621970198,5.32827009914885));
#6069=CARTESIAN_POINT('Ctrl Pts',(-31.8085721757151,-26.1229853490907,5.32900195296143));
#6070=CARTESIAN_POINT('Ctrl Pts',(-31.9424600215323,-25.5042018149919,5.32919417999416));
#6071=CARTESIAN_POINT('Ctrl Pts',(-31.9594533748211,-24.8345526684156,5.32921897519459));
#6072=CARTESIAN_POINT('Ctrl Pts',(-31.9599891647097,-24.792268775654,5.3292197567565));
#6073=CARTESIAN_POINT('Ctrl Pts',(-31.9599891647097,-24.750008,5.3292197567565));
#6074=CARTESIAN_POINT('Origin',(-26.9599891647097,-24.750008,-11.69));
#6075=CARTESIAN_POINT('Origin',(-26.9599891647097,24.749992,-11.69));
#6076=CARTESIAN_POINT('',(-26.9599891647096,29.749992,-11.69));
#6077=CARTESIAN_POINT('Origin',(28.5400108352903,29.749992,-11.69));
#6078=UNCERTAINTY_MEASURE_WITH_UNIT(LENGTH_MEASURE(0.01),#6082,
'DISTANCE_ACCURACY_VALUE',
'Maximum model space distance between geometric entities at asserted c
onnectivities');
#6079=UNCERTAINTY_MEASURE_WITH_UNIT(LENGTH_MEASURE(0.01),#6082,
'DISTANCE_ACCURACY_VALUE',
'Maximum model space distance between geometric entities at asserted c
onnectivities');
#6080=(
GEOMETRIC_REPRESENTATION_CONTEXT(3)
GLOBAL_UNCERTAINTY_ASSIGNED_CONTEXT((#6078))
GLOBAL_UNIT_ASSIGNED_CONTEXT((#6082,#6084,#6085))
REPRESENTATION_CONTEXT('','3D')
);
#6081=(
GEOMETRIC_REPRESENTATION_CONTEXT(3)
GLOBAL_UNCERTAINTY_ASSIGNED_CONTEXT((#6079))
GLOBAL_UNIT_ASSIGNED_CONTEXT((#6082,#6084,#6085))
REPRESENTATION_CONTEXT('','3D')
);
#6082=(
LENGTH_UNIT()
NAMED_UNIT(*)
SI_UNIT(.MILLI.,.METRE.)
);
#6083=(
LENGTH_UNIT()
NAMED_UNIT(*)
SI_UNIT($,.METRE.)
);
#6084=(
NAMED_UNIT(*)
PLANE_ANGLE_UNIT()
SI_UNIT($,.RADIAN.)
);
#6085=(
NAMED_UNIT(*)
SI_UNIT($,.STERADIAN.)
SOLID_ANGLE_UNIT()
);
#6086=SHAPE_DEFINITION_REPRESENTATION(#6087,#6088);
#6087=PRODUCT_DEFINITION_SHAPE('',$,#6090);
#6088=SHAPE_REPRESENTATION('',(#2917),#6080);
#6089=PRODUCT_DEFINITION_CONTEXT('part definition',#6094,'design');
#6090=PRODUCT_DEFINITION('Enclosure-Bottom','Enclosure-Bottom',#6091,#6089);
#6091=PRODUCT_DEFINITION_FORMATION('',$,#6096);
#6092=PRODUCT_RELATED_PRODUCT_CATEGORY('Enclosure-Bottom',
'Enclosure-Bottom',(#6096));
#6093=APPLICATION_PROTOCOL_DEFINITION('international standard',
'automotive_design',2009,#6094);
#6094=APPLICATION_CONTEXT(
'Core Data for Automotive Mechanical Design Process');
#6095=PRODUCT_CONTEXT('part definition',#6094,'mechanical');
#6096=PRODUCT('Enclosure-Bottom','Enclosure-Bottom',$,(#6095));
#6097=PRESENTATION_STYLE_ASSIGNMENT((#6098));
#6098=SURFACE_STYLE_USAGE(.BOTH.,#6099);
#6099=SURFACE_SIDE_STYLE('',(#6100));
#6100=SURFACE_STYLE_FILL_AREA(#6101);
#6101=FILL_AREA_STYLE('ABS (White)',(#6102));
#6102=FILL_AREA_STYLE_COLOUR('ABS (White)',#6103);
#6103=COLOUR_RGB('ABS (White)',0.964705882352941,0.964705882352941,0.952941176470588);
ENDSEC;
END-ISO-10303-21;
