ISO-10303-21;
HEADER;
/* Generated by software containing ST-Developer
 * from STEP Tools, Inc. (www.steptools.com) 
 */

FILE_DESCRIPTION(
/* description */ (''),
/* implementation_level */ '2;1');

FILE_NAME(
/* name */ 'Enclosure-Top.step',
/* time_stamp */ '2026-01-06T12:41:21-06:00',
/* author */ (''),
/* organization */ (''),
/* preprocessor_version */ 'ST-DEVELOPER v20.1',
/* originating_system */ 'Autodesk Translation Framework v14.21.0.0',
/* authorisation */ '');

FILE_SCHEMA (('AUTOMOTIVE_DESIGN { 1 0 10303 214 3 1 1 }'));
ENDSEC;

DATA;
#10=MECHANICAL_DESIGN_GEOMETRIC_PRESENTATION_REPRESENTATION('',(#13),#3771);
#11=SHAPE_REPRESENTATION_RELATIONSHIP('SRR','None',#3778,#12);
#12=ADVANCED_BREP_SHAPE_REPRESENTATION('',(#14),#3770);
#13=STYLED_ITEM('',(#3787),#14);
#14=MANIFOLD_SOLID_BREP('Enclosure-Top',#1156);
#15=FACE_BOUND('',#147,.T.);
#16=FACE_BOUND('',#158,.T.);
#17=(
BOUNDED_SURFACE()
B_SPLINE_SURFACE(5,1,((#2031,#2032),(#2033,#2034),(#2035,#2036),(#2037,
#2038),(#2039,#2040),(#2041,#2042),(#2043,#2044),(#2045,#2046),(#2047,#2048),
(#2049,#2050),(#2051,#2052),(#2053,#2054),(#2055,#2056),(#2057,#2058),(#2059,
#2060),(#2061,#2062),(#2063,#2064),(#2065,#2066),(#2067,#2068),(#2069,#2070),
(#2071,#2072),(#2073,#2074),(#2075,#2076),(#2077,#2078),(#2079,#2080),(#2081,
#2082),(#2083,#2084),(#2085,#2086),(#2087,#2088),(#2089,#2090),(#2091,#2092),
(#2093,#2094),(#2095,#2096),(#2097,#2098),(#2099,#2100),(#2101,#2102),(#2103,
#2104),(#2105,#2106),(#2107,#2108),(#2109,#2110),(#2111,#2112),(#2113,#2114),
(#2115,#2116),(#2117,#2118),(#2119,#2120)),.UNSPECIFIED.,.F.,.F.,.F.)
B_SPLINE_SURFACE_WITH_KNOTS((6,5,1,1,1,1,1,1,1,1,1,1,1,1,1,1,1,1,1,1,1,
1,1,1,1,1,1,1,1,1,1,5,6),(2,2),(-0.109479638386061,0.,0.0333333333333333,
0.0666666666666667,0.1,0.133333333333333,0.166666666666667,0.2,0.233333333333333,
0.266666666666667,0.3,0.333333333333333,0.366666666666667,0.4,0.433333333333333,
0.466666666666667,0.5,0.533333333333333,0.566666666666667,0.6,0.633333333333333,
0.666666666666667,0.7,0.733333333333333,0.766666666666667,0.8,0.833333333333333,
0.866666666666667,0.9,0.933333333333333,0.966666666666667,1.,1.25518662784438),
(-10.2137949486283,4.36379494862831),.UNSPECIFIED.)
GEOMETRIC_REPRESENTATION_ITEM()
RATIONAL_B_SPLINE_SURFACE(((1.,1.),(1.,1.),(1.,1.),(1.,1.),(1.,1.),(1.,
1.),(1.,1.),(1.,1.),(1.,1.),(1.,1.),(1.,1.),(1.,1.),(1.,1.),(1.,1.),(1.,
1.),(1.,1.),(1.,1.),(1.,1.),(1.,1.),(1.,1.),(1.,1.),(1.,1.),(1.,1.),(1.,
1.),(1.,1.),(1.,1.),(1.,1.),(1.,1.),(1.,1.),(1.,1.),(1.,1.),(1.,1.),(1.,
1.),(1.,1.),(1.,1.),(1.,1.),(1.,1.),(1.,1.),(1.,1.),(1.,1.),(1.,1.),(1.,
1.),(1.,1.),(1.,1.),(1.,1.)))
REPRESENTATION_ITEM('')
SURFACE()
);
#18=(
BOUNDED_SURFACE()
B_SPLINE_SURFACE(5,1,((#3091,#3092),(#3093,#3094),(#3095,#3096),(#3097,
#3098),(#3099,#3100),(#3101,#3102),(#3103,#3104),(#3105,#3106),(#3107,#3108),
(#3109,#3110),(#3111,#3112),(#3113,#3114),(#3115,#3116),(#3117,#3118),(#3119,
#3120),(#3121,#3122),(#3123,#3124),(#3125,#3126),(#3127,#3128),(#3129,#3130),
(#3131,#3132),(#3133,#3134),(#3135,#3136),(#3137,#3138),(#3139,#3140),(#3141,
#3142),(#3143,#3144),(#3145,#3146),(#3147,#3148),(#3149,#3150),(#3151,#3152),
(#3153,#3154),(#3155,#3156),(#3157,#3158),(#3159,#3160),(#3161,#3162),(#3163,
#3164),(#3165,#3166),(#3167,#3168),(#3169,#3170),(#3171,#3172),(#3173,#3174),
(#3175,#3176),(#3177,#3178),(#3179,#3180)),.UNSPECIFIED.,.F.,.F.,.F.)
B_SPLINE_SURFACE_WITH_KNOTS((6,5,1,1,1,1,1,1,1,1,1,1,1,1,1,1,1,1,1,1,1,
1,1,1,1,1,1,1,1,1,1,5,6),(2,2),(-0.0545286521578124,0.,0.0333333333333333,
0.0666666666666667,0.1,0.133333333333333,0.166666666666667,0.2,0.233333333333333,
0.266666666666667,0.3,0.333333333333333,0.366666666666667,0.4,0.433333333333333,
0.466666666666667,0.5,0.533333333333333,0.566666666666667,0.6,0.633333333333333,
0.666666666666667,0.7,0.733333333333333,0.766666666666667,0.8,0.833333333333333,
0.866666666666667,0.9,0.933333333333333,0.966666666666667,1.,1.12710110364068),
(-8.4506021858658,2.7256021858658),.UNSPECIFIED.)
GEOMETRIC_REPRESENTATION_ITEM()
RATIONAL_B_SPLINE_SURFACE(((1.,1.),(1.,1.),(1.,1.),(1.,1.),(1.,1.),(1.,
1.),(1.,1.),(1.,1.),(1.,1.),(1.,1.),(1.,1.),(1.,1.),(1.,1.),(1.,1.),(1.,
1.),(1.,1.),(1.,1.),(1.,1.),(1.,1.),(1.,1.),(1.,1.),(1.,1.),(1.,1.),(1.,
1.),(1.,1.),(1.,1.),(1.,1.),(1.,1.),(1.,1.),(1.,1.),(1.,1.),(1.,1.),(1.,
1.),(1.,1.),(1.,1.),(1.,1.),(1.,1.),(1.,1.),(1.,1.),(1.,1.),(1.,1.),(1.,
1.),(1.,1.),(1.,1.),(1.,1.)))
REPRESENTATION_ITEM('')
SURFACE()
);
#19=(
BOUNDED_SURFACE()
B_SPLINE_SURFACE(2,2,((#3654,#3655,#3656),(#3657,#3658,#3659),(#3660,#3661,
#3662)),.UNSPECIFIED.,.F.,.F.,.F.)
B_SPLINE_SURFACE_WITH_KNOTS((3,3),(3,3),(-8.62816615085482E-31,1.5707963267949),
(-4.04327822228572E-31,1.5707963267949),.UNSPECIFIED.)
GEOMETRIC_REPRESENTATION_ITEM()
RATIONAL_B_SPLINE_SURFACE(((1.,0.707106781186546,1.),(0.707106781186547,
0.499999999999998,0.707106781186547),(1.,0.707106781186546,1.)))
REPRESENTATION_ITEM('')
SURFACE()
);
#20=(
BOUNDED_SURFACE()
B_SPLINE_SURFACE(2,2,((#3674,#3675,#3676),(#3677,#3678,#3679),(#3680,#3681,
#3682)),.UNSPECIFIED.,.F.,.F.,.F.)
B_SPLINE_SURFACE_WITH_KNOTS((3,3),(3,3),(-1.53267019535527E-45,1.5707963267949),
(1.57079632679489,3.14159265358979),.UNSPECIFIED.)
GEOMETRIC_REPRESENTATION_ITEM()
RATIONAL_B_SPLINE_SURFACE(((1.,0.707106781186546,1.),(0.707106781186547,
0.499999999999998,0.707106781186547),(1.,0.707106781186546,1.)))
REPRESENTATION_ITEM('')
SURFACE()
);
#21=(
BOUNDED_SURFACE()
B_SPLINE_SURFACE(2,2,((#3694,#3695,#3696),(#3697,#3698,#3699),(#3700,#3701,
#3702)),.UNSPECIFIED.,.F.,.F.,.F.)
B_SPLINE_SURFACE_WITH_KNOTS((3,3),(3,3),(-1.5330922614408E-45,1.5707963267949),
(-3.14159265358979,-1.57079632679489),.UNSPECIFIED.)
GEOMETRIC_REPRESENTATION_ITEM()
RATIONAL_B_SPLINE_SURFACE(((1.,0.707106781186547,1.),(0.707106781186547,
0.499999999999999,0.707106781186547),(1.,0.707106781186547,1.)))
REPRESENTATION_ITEM('')
SURFACE()
);
#22=(
BOUNDED_SURFACE()
B_SPLINE_SURFACE(2,2,((#3714,#3715,#3716),(#3717,#3718,#3719),(#3720,#3721,
#3722)),.UNSPECIFIED.,.F.,.F.,.F.)
B_SPLINE_SURFACE_WITH_KNOTS((3,3),(3,3),(-8.62816615085481E-31,1.5707963267949),
(-1.5707963267949,8.88178419700128E-15),.UNSPECIFIED.)
GEOMETRIC_REPRESENTATION_ITEM()
RATIONAL_B_SPLINE_SURFACE(((1.,0.707106781186543,1.),(0.707106781186548,
0.499999999999997,0.707106781186548),(1.,0.707106781186543,1.)))
REPRESENTATION_ITEM('')
SURFACE()
);
#23=(
BOUNDED_SURFACE()
B_SPLINE_SURFACE(2,2,((#3736,#3737,#3738),(#3739,#3740,#3741),(#3742,#3743,
#3744)),.UNSPECIFIED.,.F.,.F.,.F.)
B_SPLINE_SURFACE_WITH_KNOTS((3,3),(3,3),(-1.15042215344731E-30,1.5707963267949),
(-1.5707963267949,4.44089209850066E-15),.UNSPECIFIED.)
GEOMETRIC_REPRESENTATION_ITEM()
RATIONAL_B_SPLINE_SURFACE(((1.,0.707106781186544,1.),(0.707106781186546,
0.499999999999997,0.707106781186546),(1.,0.707106781186544,1.)))
REPRESENTATION_ITEM('')
SURFACE()
);
#24=(
BOUNDED_SURFACE()
B_SPLINE_SURFACE(2,2,((#3749,#3750,#3751),(#3752,#3753,#3754),(#3755,#3756,
#3757)),.UNSPECIFIED.,.F.,.F.,.F.)
B_SPLINE_SURFACE_WITH_KNOTS((3,3),(3,3),(-1.15042215344731E-30,1.5707963267949),
(-3.67990318611448E-31,1.57079632679491),.UNSPECIFIED.)
GEOMETRIC_REPRESENTATION_ITEM()
RATIONAL_B_SPLINE_SURFACE(((1.,0.707106781186544,1.),(0.707106781186546,
0.499999999999997,0.707106781186546),(1.,0.707106781186544,1.)))
REPRESENTATION_ITEM('')
SURFACE()
);
#25=PLANE('',#1174);
#26=PLANE('',#1175);
#27=PLANE('',#1184);
#28=PLANE('',#1185);
#29=PLANE('',#1186);
#30=PLANE('',#1188);
#31=PLANE('',#1192);
#32=PLANE('',#1195);
#33=PLANE('',#1200);
#34=PLANE('',#1201);
#35=PLANE('',#1205);
#36=PLANE('',#1209);
#37=PLANE('',#1213);
#38=PLANE('',#1217);
#39=PLANE('',#1218);
#40=PLANE('',#1219);
#41=PLANE('',#1220);
#42=PLANE('',#1221);
#43=PLANE('',#1222);
#44=PLANE('',#1224);
#45=PLANE('',#1226);
#46=PLANE('',#1227);
#47=PLANE('',#1232);
#48=PLANE('',#1254);
#49=PLANE('',#1256);
#50=PLANE('',#1264);
#51=PLANE('',#1267);
#52=PLANE('',#1268);
#53=FACE_OUTER_BOUND('',#116,.T.);
#54=FACE_OUTER_BOUND('',#117,.T.);
#55=FACE_OUTER_BOUND('',#118,.T.);
#56=FACE_OUTER_BOUND('',#119,.T.);
#57=FACE_OUTER_BOUND('',#120,.T.);
#58=FACE_OUTER_BOUND('',#121,.T.);
#59=FACE_OUTER_BOUND('',#122,.T.);
#60=FACE_OUTER_BOUND('',#123,.T.);
#61=FACE_OUTER_BOUND('',#124,.T.);
#62=FACE_OUTER_BOUND('',#125,.T.);
#63=FACE_OUTER_BOUND('',#126,.T.);
#64=FACE_OUTER_BOUND('',#127,.T.);
#65=FACE_OUTER_BOUND('',#128,.T.);
#66=FACE_OUTER_BOUND('',#129,.T.);
#67=FACE_OUTER_BOUND('',#130,.T.);
#68=FACE_OUTER_BOUND('',#131,.T.);
#69=FACE_OUTER_BOUND('',#132,.T.);
#70=FACE_OUTER_BOUND('',#133,.T.);
#71=FACE_OUTER_BOUND('',#134,.T.);
#72=FACE_OUTER_BOUND('',#135,.T.);
#73=FACE_OUTER_BOUND('',#136,.T.);
#74=FACE_OUTER_BOUND('',#137,.T.);
#75=FACE_OUTER_BOUND('',#138,.T.);
#76=FACE_OUTER_BOUND('',#139,.T.);
#77=FACE_OUTER_BOUND('',#140,.T.);
#78=FACE_OUTER_BOUND('',#141,.T.);
#79=FACE_OUTER_BOUND('',#142,.T.);
#80=FACE_OUTER_BOUND('',#143,.T.);
#81=FACE_OUTER_BOUND('',#144,.T.);
#82=FACE_OUTER_BOUND('',#145,.T.);
#83=FACE_OUTER_BOUND('',#146,.T.);
#84=FACE_OUTER_BOUND('',#148,.T.);
#85=FACE_OUTER_BOUND('',#149,.T.);
#86=FACE_OUTER_BOUND('',#150,.T.);
#87=FACE_OUTER_BOUND('',#151,.T.);
#88=FACE_OUTER_BOUND('',#152,.T.);
#89=FACE_OUTER_BOUND('',#153,.T.);
#90=FACE_OUTER_BOUND('',#154,.T.);
#91=FACE_OUTER_BOUND('',#155,.T.);
#92=FACE_OUTER_BOUND('',#156,.T.);
#93=FACE_OUTER_BOUND('',#157,.T.);
#94=FACE_OUTER_BOUND('',#159,.T.);
#95=FACE_OUTER_BOUND('',#160,.T.);
#96=FACE_OUTER_BOUND('',#161,.T.);
#97=FACE_OUTER_BOUND('',#162,.T.);
#98=FACE_OUTER_BOUND('',#163,.T.);
#99=FACE_OUTER_BOUND('',#164,.T.);
#100=FACE_OUTER_BOUND('',#165,.T.);
#101=FACE_OUTER_BOUND('',#166,.T.);
#102=FACE_OUTER_BOUND('',#167,.T.);
#103=FACE_OUTER_BOUND('',#168,.T.);
#104=FACE_OUTER_BOUND('',#169,.T.);
#105=FACE_OUTER_BOUND('',#170,.T.);
#106=FACE_OUTER_BOUND('',#171,.T.);
#107=FACE_OUTER_BOUND('',#172,.T.);
#108=FACE_OUTER_BOUND('',#173,.T.);
#109=FACE_OUTER_BOUND('',#174,.T.);
#110=FACE_OUTER_BOUND('',#175,.T.);
#111=FACE_OUTER_BOUND('',#176,.T.);
#112=FACE_OUTER_BOUND('',#177,.T.);
#113=FACE_OUTER_BOUND('',#178,.T.);
#114=FACE_OUTER_BOUND('',#179,.T.);
#115=FACE_OUTER_BOUND('',#180,.T.);
#116=EDGE_LOOP('',(#720,#721,#722,#723,#724,#725,#726));
#117=EDGE_LOOP('',(#727,#728,#729,#730));
#118=EDGE_LOOP('',(#731,#732,#733,#734,#735,#736,#737,#738,#739,#740,#741,
#742));
#119=EDGE_LOOP('',(#743,#744,#745,#746,#747,#748,#749));
#120=EDGE_LOOP('',(#750,#751,#752,#753));
#121=EDGE_LOOP('',(#754,#755,#756,#757));
#122=EDGE_LOOP('',(#758,#759,#760,#761));
#123=EDGE_LOOP('',(#762,#763,#764,#765));
#124=EDGE_LOOP('',(#766,#767,#768,#769));
#125=EDGE_LOOP('',(#770,#771,#772,#773));
#126=EDGE_LOOP('',(#774,#775,#776,#777));
#127=EDGE_LOOP('',(#778,#779,#780,#781));
#128=EDGE_LOOP('',(#782,#783,#784,#785));
#129=EDGE_LOOP('',(#786,#787,#788,#789,#790,#791,#792,#793,#794,#795,#796,
#797));
#130=EDGE_LOOP('',(#798,#799,#800,#801));
#131=EDGE_LOOP('',(#802,#803,#804,#805,#806));
#132=EDGE_LOOP('',(#807,#808,#809,#810));
#133=EDGE_LOOP('',(#811,#812,#813,#814));
#134=EDGE_LOOP('',(#815,#816,#817,#818));
#135=EDGE_LOOP('',(#819,#820,#821,#822));
#136=EDGE_LOOP('',(#823,#824,#825,#826));
#137=EDGE_LOOP('',(#827,#828,#829,#830));
#138=EDGE_LOOP('',(#831,#832,#833,#834));
#139=EDGE_LOOP('',(#835,#836,#837,#838));
#140=EDGE_LOOP('',(#839,#840,#841,#842,#843,#844));
#141=EDGE_LOOP('',(#845,#846,#847,#848));
#142=EDGE_LOOP('',(#849,#850,#851,#852,#853,#854));
#143=EDGE_LOOP('',(#855,#856,#857,#858,#859,#860,#861,#862,#863,#864,#865,
#866,#867,#868,#869,#870,#871,#872,#873,#874));
#144=EDGE_LOOP('',(#875,#876,#877,#878));
#145=EDGE_LOOP('',(#879,#880,#881,#882));
#146=EDGE_LOOP('',(#883,#884,#885,#886,#887,#888,#889,#890));
#147=EDGE_LOOP('',(#891,#892,#893,#894,#895,#896,#897,#898));
#148=EDGE_LOOP('',(#899,#900,#901,#902));
#149=EDGE_LOOP('',(#903,#904,#905,#906));
#150=EDGE_LOOP('',(#907,#908,#909,#910));
#151=EDGE_LOOP('',(#911,#912,#913,#914));
#152=EDGE_LOOP('',(#915,#916,#917,#918,#919,#920,#921,#922,#923,#924,#925,
#926,#927,#928,#929,#930,#931,#932,#933,#934,#935,#936,#937,#938,#939,#940));
#153=EDGE_LOOP('',(#941,#942,#943,#944));
#154=EDGE_LOOP('',(#945,#946,#947,#948));
#155=EDGE_LOOP('',(#949,#950,#951,#952));
#156=EDGE_LOOP('',(#953,#954,#955,#956));
#157=EDGE_LOOP('',(#957,#958,#959,#960,#961,#962,#963,#964));
#158=EDGE_LOOP('',(#965,#966,#967,#968,#969,#970,#971,#972));
#159=EDGE_LOOP('',(#973,#974,#975,#976));
#160=EDGE_LOOP('',(#977,#978,#979,#980));
#161=EDGE_LOOP('',(#981,#982,#983,#984));
#162=EDGE_LOOP('',(#985,#986,#987,#988));
#163=EDGE_LOOP('',(#989,#990,#991,#992));
#164=EDGE_LOOP('',(#993,#994,#995,#996));
#165=EDGE_LOOP('',(#997,#998,#999,#1000));
#166=EDGE_LOOP('',(#1001,#1002,#1003,#1004));
#167=EDGE_LOOP('',(#1005,#1006,#1007,#1008));
#168=EDGE_LOOP('',(#1009,#1010,#1011,#1012));
#169=EDGE_LOOP('',(#1013,#1014,#1015,#1016));
#170=EDGE_LOOP('',(#1017,#1018,#1019,#1020,#1021,#1022,#1023,#1024));
#171=EDGE_LOOP('',(#1025,#1026,#1027,#1028));
#172=EDGE_LOOP('',(#1029,#1030,#1031,#1032));
#173=EDGE_LOOP('',(#1033,#1034,#1035,#1036));
#174=EDGE_LOOP('',(#1037,#1038,#1039,#1040));
#175=EDGE_LOOP('',(#1041,#1042,#1043,#1044));
#176=EDGE_LOOP('',(#1045,#1046,#1047,#1048));
#177=EDGE_LOOP('',(#1049,#1050,#1051,#1052));
#178=EDGE_LOOP('',(#1053,#1054,#1055,#1056));
#179=EDGE_LOOP('',(#1057,#1058,#1059,#1060));
#180=EDGE_LOOP('',(#1061,#1062,#1063,#1064,#1065));
#181=B_SPLINE_CURVE_WITH_KNOTS('',3,(#1560,#1561,#1562,#1563,#1564,#1565,
#1566,#1567,#1568,#1569),.UNSPECIFIED.,.F.,.F.,(4,2,2,2,4),(0.335608463846098,
0.395524492818178,0.455440521790259,0.512039418511182,0.568638315232105),
 .UNSPECIFIED.);
#182=B_SPLINE_CURVE_WITH_KNOTS('',3,(#1573,#1574,#1575,#1576),
 .UNSPECIFIED.,.F.,.F.,(4,4),(-8.20060218586579,-8.19960218586579),
 .UNSPECIFIED.);
#183=B_SPLINE_CURVE_WITH_KNOTS('',3,(#1607,#1608,#1609,#1610,#1611,#1612,
#1613,#1614,#1615,#1616),.UNSPECIFIED.,.F.,.F.,(4,2,2,2,4),(0.568753652339265,
0.625352549060188,0.681951445781112,0.741867474753192,0.801783503725272),
 .UNSPECIFIED.);
#184=B_SPLINE_CURVE_WITH_KNOTS('',3,(#1623,#1624,#1625,#1626),
 .UNSPECIFIED.,.F.,.F.,(4,4),(2.7506021858658,2.7516021858658),
 .UNSPECIFIED.);
#185=B_SPLINE_CURVE_WITH_KNOTS('',3,(#1631,#1632,#1633,#1634,#1635,#1636),
 .UNSPECIFIED.,.F.,.F.,(4,2,4),(-60.8630095996597,-30.2363631951791,-14.6918641899352),
 .UNSPECIFIED.);
#186=B_SPLINE_CURVE_WITH_KNOTS('',3,(#1643,#1644,#1645,#1646,#1647,#1648,
#1649,#1650,#1651,#1652,#1653,#1654,#1655,#1656,#1657,#1658),
 .UNSPECIFIED.,.F.,.F.,(4,3,3,3,3,4),(-9.61160534801162,-9.25618338009519,
-9.040230110136,-8.04225030870466,-7.75143172774236,-7.04427050727333),
 .UNSPECIFIED.);
#187=B_SPLINE_CURVE_WITH_KNOTS('',3,(#1662,#1663,#1664,#1665,#1666,#1667,
#1668,#1669,#1670,#1671,#1672,#1673,#1674,#1675),.UNSPECIFIED.,.F.,.F.,
(4,2,2,2,2,2,4),(-1.28339304029686,-1.25394827322005,-1.16098548577991,
-1.07115583731035,-0.987272434712703,-0.92262575984644,-0.891360465819353),
 .UNSPECIFIED.);
#188=B_SPLINE_CURVE_WITH_KNOTS('',3,(#1679,#1680,#1681,#1682,#1683,#1684),
 .UNSPECIFIED.,.F.,.F.,(4,2,4),(-8.1756021858658,-5.5881021858658,-3.2256021858658),
 .UNSPECIFIED.);
#189=B_SPLINE_CURVE_WITH_KNOTS('',3,(#1687,#1688,#1689,#1690,#1691,#1692,
#1693,#1694,#1695,#1696,#1697,#1698),.UNSPECIFIED.,.F.,.F.,(4,2,2,2,2,4),
(-1.27132081638735,-1.22125219201551,-1.15313919907834,-1.0611633990372,
-0.96260361866259,-0.879141504420754),.UNSPECIFIED.);
#190=B_SPLINE_CURVE_WITH_KNOTS('',3,(#1726,#1727,#1728,#1729,#1730,#1731,
#1732,#1733,#1734,#1735,#1736,#1737,#1738,#1739,#1740,#1741,#1742,#1743,
#1744,#1745,#1746,#1747,#1748,#1749,#1750,#1751,#1752,#1753,#1754,#1755,
#1756,#1757,#1758,#1759,#1760,#1761,#1762,#1763,#1764,#1765,#1766,#1767,
#1768,#1769,#1770,#1771,#1772,#1773,#1774,#1775,#1776,#1777,#1778,#1779,
#1780,#1781,#1782,#1783,#1784,#1785,#1786,#1787,#1788,#1789,#1790,#1791,
#1792,#1793,#1794,#1795,#1796,#1797,#1798,#1799,#1800,#1801,#1802,#1803,
#1804,#1805,#1806,#1807,#1808,#1809,#1810,#1811,#1812,#1813,#1814,#1815,
#1816,#1817,#1818,#1819,#1820,#1821,#1822,#1823,#1824,#1825,#1826,#1827,
#1828,#1829,#1830,#1831,#1832,#1833,#1834,#1835,#1836,#1837,#1838,#1839,
#1840,#1841,#1842,#1843,#1844,#1845,#1846,#1847,#1848,#1849,#1850,#1851,
#1852,#1853,#1854,#1855,#1856,#1857,#1858,#1859,#1860,#1861,#1862,#1863,
#1864,#1865,#1866,#1867,#1868,#1869,#1870,#1871,#1872,#1873,#1874,#1875,
#1876,#1877,#1878,#1879,#1880,#1881,#1882,#1883,#1884,#1885,#1886,#1887,
#1888,#1889,#1890,#1891,#1892,#1893,#1894,#1895,#1896,#1897,#1898,#1899,
#1900,#1901,#1902,#1903,#1904,#1905,#1906,#1907,#1908,#1909,#1910,#1911,
#1912,#1913,#1914,#1915,#1916,#1917,#1918,#1919,#1920,#1921,#1922,#1923,
#1924),.UNSPECIFIED.,.F.,.F.,(4,3,3,3,3,3,3,3,3,3,3,3,3,3,3,3,3,3,3,3,3,
3,3,3,3,3,3,3,3,3,3,3,3,3,3,3,3,3,3,3,3,3,3,3,3,3,3,3,3,3,3,3,3,3,3,3,3,
3,3,3,3,3,3,3,3,3,4),(2.1860222540039,2.2260252589646,2.2654032169728,2.30416589438711,
2.34280181722622,2.38291182260828,2.42505270449929,2.46999747037016,2.51913141843289,
2.57397467916336,2.63521616364706,2.69146677082838,2.74161579025656,2.78811698653074,
2.8320531158376,2.87405008549985,2.91404141646673,2.95222833797865,2.98901575921244,
3.02466742375139,3.05947571179162,3.09534205165081,3.13388053720604,3.17618928315016,
3.22168859168975,3.26441439858014,3.30550974699713,3.34529499149316,3.383863581211,
3.42134148107687,3.45617921591845,3.4876986467653,3.51720814760725,3.54530115534255,
3.57231135588893,3.59845120735439,3.62437718631638,3.65165672697708,3.68103950155732,
3.71433570072224,3.77518513378701,3.80813480052607,3.83990644391249,3.87085443002021,
3.90109229402959,3.93070786386865,3.95977281303343,3.98873038033846,4.01837293641236,
4.04890740399002,4.08052062676173,4.11348561764994,4.14823418870252,4.18560796262668,
4.2236671454891,4.26266878169262,4.30277096015498,4.3442520847946,4.38955084703032,
4.45228414568739,4.50265444256151,4.54635537559164,4.58868324398042,4.62958709460492,
4.66981215747627,4.70932534672531,4.74621457148909),.UNSPECIFIED.);
#191=B_SPLINE_CURVE_WITH_KNOTS('',3,(#1926,#1927,#1928,#1929),
 .UNSPECIFIED.,.F.,.F.,(4,4),(2.18306167934544,2.1860222540039),
 .UNSPECIFIED.);
#192=B_SPLINE_CURVE_WITH_KNOTS('',3,(#1981,#1982,#1983,#1984,#1985,#1986,
#1987),.UNSPECIFIED.,.F.,.F.,(4,3,4),(-0.378613022691773,-0.272594090969221,
-0.263887903103366),.UNSPECIFIED.);
#193=B_SPLINE_CURVE_WITH_KNOTS('',3,(#1995,#1996,#1997,#1998,#1999,#2000,
#2001),.UNSPECIFIED.,.F.,.F.,(4,3,4),(-0.254176256882797,-0.155160436864571,
-0.102784806623436),.UNSPECIFIED.);
#194=B_SPLINE_CURVE_WITH_KNOTS('',3,(#2012,#2013,#2014,#2015,#2016,#2017,
#2018),.UNSPECIFIED.,.F.,.F.,(4,3,4),(-0.107652651724221,-0.00816947686391396,
0.),.UNSPECIFIED.);
#195=B_SPLINE_CURVE_WITH_KNOTS('',3,(#2022,#2023,#2024,#2025,#2026,#2027,
#2028),.UNSPECIFIED.,.F.,.F.,(4,3,4),(-0.127000574847665,-0.030848354971977,
0.0200125389149076),.UNSPECIFIED.);
#196=B_SPLINE_CURVE_WITH_KNOTS('',3,(#2122,#2123,#2124,#2125),
 .UNSPECIFIED.,.F.,.F.,(4,4),(2.82499918360872,5.),.UNSPECIFIED.);
#197=B_SPLINE_CURVE_WITH_KNOTS('',3,(#2127,#2128,#2129,#2130,#2131,#2132,
#2133,#2134,#2135,#2136,#2137,#2138,#2139,#2140,#2141,#2142,#2143,#2144,
#2145,#2146,#2147,#2148,#2149,#2150,#2151,#2152,#2153,#2154,#2155,#2156,
#2157,#2158,#2159,#2160,#2161,#2162,#2163),.UNSPECIFIED.,.F.,.F.,(4,3,3,
3,3,3,3,3,3,3,3,3,4),(3.73625504993738,3.82306081248541,3.91172603856812,
3.92433576657711,4.03287529898676,4.12296262711514,4.21418861763465,4.29328550041965,
4.30541460815417,4.38005892596551,4.45468318479497,4.47957188310639,4.52388779586355),
 .UNSPECIFIED.);
#198=B_SPLINE_CURVE_WITH_KNOTS('',3,(#2165,#2166,#2167,#2168,#2169,#2170,
#2171,#2172,#2173,#2174,#2175,#2176,#2177,#2178,#2179,#2180,#2181,#2182,
#2183,#2184,#2185,#2186,#2187,#2188,#2189,#2190,#2191,#2192,#2193,#2194,
#2195,#2196,#2197,#2198,#2199,#2200,#2201,#2202,#2203,#2204),
 .UNSPECIFIED.,.F.,.F.,(4,3,3,3,3,3,3,3,3,3,3,3,3,4),(0.0245047316452575,
0.124369252966813,0.17452891637388,0.227639742975911,0.434404158942339,
0.582217841647996,1.3114198734701,1.69046848662249,1.9807093766212,4.198271736423,
4.61054691785252,5.14199508623464,5.72649230964742,6.4158340962248),
 .UNSPECIFIED.);
#199=B_SPLINE_CURVE_WITH_KNOTS('',3,(#2206,#2207,#2208,#2209,#2210,#2211,
#2212,#2213,#2214,#2215,#2216,#2217,#2218,#2219),.UNSPECIFIED.,.F.,.F.,
(4,2,2,2,2,2,4),(3.73968986807655,3.83657655191528,3.96692173708314,4.14519927431047,
4.32597132297416,4.51423754716548,4.52693073480302),.UNSPECIFIED.);
#200=B_SPLINE_CURVE_WITH_KNOTS('',3,(#2221,#2222,#2223,#2224),
 .UNSPECIFIED.,.F.,.F.,(4,4),(0.0499999999999989,5.),.UNSPECIFIED.);
#201=B_SPLINE_CURVE_WITH_KNOTS('',3,(#2226,#2227,#2228,#2229,#2230,#2231,
#2232,#2233,#2234,#2235,#2236,#2237),.UNSPECIFIED.,.F.,.F.,(4,2,2,2,2,4),
(0.571249650607723,0.737144955274606,0.934945812165145,1.11603092771967,
1.24743990932031,1.35871683130572),.UNSPECIFIED.);
#202=B_SPLINE_CURVE_WITH_KNOTS('',3,(#2239,#2240,#2241,#2242,#2243,#2244,
#2245,#2246,#2247,#2248,#2249,#2250,#2251,#2252),.UNSPECIFIED.,.F.,.F.,
(4,2,2,2,2,2,4),(0.0500000182311796,0.881127938466891,1.70249311680756,
3.48684474333563,4.46779582574066,5.93528707782719,9.47273255421598),
 .UNSPECIFIED.);
#203=B_SPLINE_CURVE_WITH_KNOTS('',3,(#2254,#2255,#2256,#2257,#2258,#2259,
#2260,#2261,#2262,#2263,#2264,#2265),.UNSPECIFIED.,.F.,.F.,(4,2,2,2,2,4),
(3.74473879966046,3.78781992033788,3.96187751625538,4.1561814583441,4.34719383647639,
4.53237006943306),.UNSPECIFIED.);
#204=B_SPLINE_CURVE_WITH_KNOTS('',3,(#2266,#2267,#2268,#2269),
 .UNSPECIFIED.,.F.,.F.,(4,4),(0.0499999999999998,1.42499918360872),
 .UNSPECIFIED.);
#205=B_SPLINE_CURVE_WITH_KNOTS('',3,(#2271,#2272,#2273,#2274),
 .UNSPECIFIED.,.F.,.F.,(4,4),(-6.13879413223703,-4.76379494862831),
 .UNSPECIFIED.);
#206=B_SPLINE_CURVE_WITH_KNOTS('',3,(#2276,#2277,#2278,#2279,#2280,#2281,
#2282,#2283,#2284,#2285,#2286,#2287,#2288,#2289,#2290,#2291,#2292,#2293,
#2294,#2295,#2296,#2297,#2298,#2299,#2300,#2301,#2302,#2303),
 .UNSPECIFIED.,.F.,.F.,(4,3,3,3,3,3,3,3,3,4),(-1.09086622795161,-1.01274404302309,
-0.96966352874479,-0.876321626620993,-0.817021252026654,-0.736943138774784,
-0.660187769712804,-0.587185973143536,-0.514184176574268,-0.468555003361708),
 .UNSPECIFIED.);
#207=B_SPLINE_CURVE_WITH_KNOTS('',3,(#2305,#2306,#2307,#2308,#2309,#2310,
#2311,#2312,#2313,#2314,#2315,#2316,#2317,#2318,#2319,#2320,#2321,#2322,
#2323,#2324,#2325,#2326,#2327,#2328,#2329,#2330,#2331,#2332,#2333,#2334,
#2335,#2336,#2337,#2338,#2339,#2340,#2341,#2342,#2343,#2344,#2345,#2346,
#2347),.UNSPECIFIED.,.F.,.F.,(4,3,3,3,3,3,3,3,3,3,3,3,3,3,4),(-106.915947920404,
-103.209943560347,-100.399112298491,-90.2500826526742,-85.3683631267211,
-76.165728832288,-72.4763454000937,-57.6602473319079,-46.1820076917451,
-38.0600178811408,-33.3814198968798,-22.5643543340682,-18.995062337578,
-17.0689810855465,-11.7472887712565),.UNSPECIFIED.);
#208=B_SPLINE_CURVE_WITH_KNOTS('',3,(#2349,#2350,#2351,#2352,#2353,#2354,
#2355,#2356,#2357,#2358,#2359,#2360,#2361,#2362),.UNSPECIFIED.,.F.,.F.,
(4,2,2,2,2,2,4),(-1.0768856341072,-1.04522135847133,-0.993651298631003,
-0.882296523982681,-0.739804757137284,-0.583323852838957,-0.454861510314952),
 .UNSPECIFIED.);
#209=B_SPLINE_CURVE_WITH_KNOTS('',3,(#2364,#2365,#2366,#2367,#2368,#2369),
 .UNSPECIFIED.,.F.,.F.,(4,2,4),(-9.8137949486283,-7.28879494862831,-4.86379494862831),
 .UNSPECIFIED.);
#210=B_SPLINE_CURVE_WITH_KNOTS('',3,(#2371,#2372,#2373,#2374,#2375,#2376,
#2377,#2378,#2379,#2380,#2381,#2382),.UNSPECIFIED.,.F.,.F.,(4,2,2,2,2,4),
(-1.08936036265894,-0.965875792747458,-0.820657709447943,-0.669485510787786,
-0.55708753694265,-0.467274946097267),.UNSPECIFIED.);
#211=B_SPLINE_CURVE_WITH_KNOTS('',3,(#2384,#2385,#2386,#2387,#2388,#2389,
#2390,#2391,#2392,#2393,#2394,#2395,#2396,#2397,#2398,#2399,#2400,#2401,
#2402,#2403,#2404,#2405,#2406,#2407,#2408,#2409,#2410,#2411,#2412,#2413,
#2414,#2415,#2416,#2417,#2418,#2419,#2420,#2421,#2422,#2423,#2424,#2425,
#2426,#2427,#2428,#2429,#2430,#2431,#2432,#2433,#2434,#2435,#2436,#2437,
#2438,#2439,#2440,#2441,#2442,#2443,#2444,#2445,#2446,#2447,#2448,#2449,
#2450,#2451,#2452,#2453,#2454,#2455,#2456,#2457,#2458,#2459,#2460,#2461,
#2462,#2463,#2464,#2465,#2466,#2467,#2468,#2469,#2470,#2471,#2472,#2473,
#2474,#2475,#2476,#2477,#2478,#2479,#2480,#2481,#2482,#2483,#2484,#2485,
#2486,#2487,#2488,#2489,#2490,#2491,#2492,#2493,#2494,#2495,#2496,#2497,
#2498,#2499,#2500,#2501,#2502,#2503,#2504,#2505,#2506,#2507,#2508,#2509,
#2510,#2511,#2512,#2513,#2514,#2515,#2516,#2517,#2518,#2519,#2520,#2521,
#2522,#2523,#2524,#2525,#2526,#2527,#2528,#2529,#2530,#2531,#2532,#2533,
#2534,#2535,#2536,#2537,#2538,#2539,#2540,#2541,#2542,#2543,#2544,#2545,
#2546,#2547,#2548,#2549,#2550,#2551,#2552,#2553,#2554,#2555,#2556,#2557,
#2558,#2559,#2560,#2561,#2562,#2563,#2564,#2565,#2566,#2567,#2568,#2569,
#2570,#2571,#2572,#2573,#2574,#2575,#2576,#2577,#2578,#2579,#2580,#2581,
#2582,#2583,#2584,#2585,#2586,#2587,#2588,#2589,#2590,#2591,#2592,#2593,
#2594,#2595,#2596,#2597,#2598,#2599,#2600,#2601,#2602,#2603,#2604,#2605,
#2606,#2607,#2608,#2609,#2610,#2611,#2612,#2613,#2614,#2615,#2616,#2617,
#2618,#2619,#2620,#2621,#2622,#2623,#2624,#2625,#2626,#2627,#2628,#2629,
#2630,#2631,#2632,#2633,#2634,#2635,#2636,#2637,#2638,#2639,#2640,#2641,
#2642,#2643,#2644,#2645,#2646,#2647,#2648,#2649,#2650,#2651,#2652,#2653,
#2654,#2655,#2656,#2657,#2658,#2659,#2660,#2661,#2662,#2663,#2664,#2665,
#2666,#2667,#2668,#2669,#2670,#2671,#2672,#2673,#2674,#2675,#2676,#2677,
#2678,#2679,#2680,#2681,#2682,#2683,#2684,#2685,#2686,#2687),
 .UNSPECIFIED.,.F.,.F.,(4,3,3,3,3,3,3,3,3,3,3,3,3,3,3,3,3,3,3,3,3,3,3,3,
3,3,3,3,3,3,3,3,3,3,3,3,3,3,3,3,3,3,3,3,3,3,3,3,3,3,3,3,3,3,3,3,3,3,3,3,
3,3,3,3,3,3,3,3,3,3,3,3,3,3,3,3,3,3,3,3,3,3,3,3,3,3,3,3,3,3,3,3,3,3,3,3,
3,3,3,3,3,4),(-13.5814585310486,-13.4983164617993,-13.4113893749577,-13.3193745903914,
-13.2198256924457,-13.1058658100718,-12.9461857479781,-12.8306288153666,
-12.7307385918894,-12.6389449753785,-12.5523699150085,-12.4696536981287,
-12.3899943895907,-12.3128257804347,-12.2377466158319,-12.1644747886791,
-12.0929058288061,-12.0229110509472,-11.954345677481,-11.887079395055,-11.8209131084036,
-11.7540566652876,-11.6853160394507,-11.6143314730127,-11.5405988320903,
-11.4633697075168,-11.3821546796126,-11.2966512806808,-11.2020531743152,
-11.1001031315989,-10.9984680189979,-10.9079271521263,-10.8242180100751,
-10.7418168233683,-10.6653381940898,-10.5854195045079,-10.5067495444507,
-10.4293088025193,-10.3528184545566,-10.2737811153763,-10.1909570270469,
-10.1029976788536,-10.0074504962524,-9.90126712617041,-9.78145376828551,
-9.66556106157701,-9.56352848537151,-9.46949151877043,-9.38096877366444,
-9.29652694421431,-9.21593948675296,-9.13916655477629,-9.06533780361717,
-8.99387644412498,-8.924353684634,-8.85391279520169,-8.77863553705051,-8.69639279975882,
-8.60647326136009,-8.5197945210692,-8.43737070694503,-8.3575732748367,-8.28025170511986,
-8.2051614303539,-8.13387187167347,-8.06990873890141,-8.01036751636093,
-7.95385951913057,-7.89963479656514,-7.84722712046827,-7.79584262433417,
-7.74230449273053,-7.68497322912091,-7.62124111238694,-7.53382727981244,
-7.46194403140896,-7.39738806534805,-7.3346990030159,-7.27357039278963,
-7.21379472706721,-7.15520999742073,-7.0976119246487,-7.03964185438826,
-6.98010435539383,-6.91868627243669,-6.85497069370764,-6.78833480645516,
-6.71776335816694,-6.64315755700579,-6.5668484179831,-6.48857515024878,
-6.40799353373794,-6.3239876004768,-6.22838392845823,-6.07378779099614,
-5.98365641084064,-5.89853635164097,-5.81153777894205,-5.73100374407339,
-5.65173809203439,-5.57309347086057,-5.55054206084531),.UNSPECIFIED.);
#212=B_SPLINE_CURVE_WITH_KNOTS('',3,(#2689,#2690,#2691,#2692,#2693,#2694,
#2695,#2696,#2697,#2698,#2699,#2700,#2701,#2702,#2703,#2704,#2705,#2706,
#2707,#2708,#2709,#2710,#2711,#2712,#2713,#2714,#2715,#2716),
 .UNSPECIFIED.,.F.,.F.,(4,3,3,3,3,3,3,3,3,4),(-1.08687871249119,-1.06062923090386,
-0.988128163257559,-0.91562709561126,-0.839673983688855,-0.77334877795276,
-0.638739250100998,-0.615836076515352,-0.536734621354615,-0.464605975562094),
 .UNSPECIFIED.);
#213=B_SPLINE_CURVE_WITH_KNOTS('',3,(#2717,#2718,#2719,#2720),
 .UNSPECIFIED.,.F.,.F.,(4,4),(-9.71379494862831,-7.53879413223703),
 .UNSPECIFIED.);
#214=B_SPLINE_CURVE_WITH_KNOTS('',3,(#2723,#2724,#2725,#2726),
 .UNSPECIFIED.,.F.,.F.,(4,4),(-4.37560136947452,-3.00060218586579),
 .UNSPECIFIED.);
#215=B_SPLINE_CURVE_WITH_KNOTS('',3,(#2731,#2732,#2733,#2734),
 .UNSPECIFIED.,.F.,.F.,(4,4),(-7.9506021858658,-5.77560136947452),
 .UNSPECIFIED.);
#216=B_SPLINE_CURVE_WITH_KNOTS('',3,(#2745,#2746,#2747,#2748,#2749,#2750,
#2751,#2752,#2753,#2754,#2755,#2756),.UNSPECIFIED.,.F.,.F.,(4,2,2,2,2,4),
(-1.07251822422679,-0.990255388993161,-0.886196435533578,-0.742835082330385,
-0.586632524205676,-0.4504170603344),.UNSPECIFIED.);
#217=B_SPLINE_CURVE_WITH_KNOTS('',3,(#2760,#2761,#2762,#2763,#2764,#2765),
 .UNSPECIFIED.,.F.,.F.,(4,2,4),(-8.1756021858658,-5.5881021858658,-3.2256021858658),
 .UNSPECIFIED.);
#218=B_SPLINE_CURVE_WITH_KNOTS('',3,(#2769,#2770,#2771,#2772,#2773,#2774,
#2775,#2776,#2777,#2778,#2779,#2780,#2781,#2782),.UNSPECIFIED.,.F.,.F.,
(4,2,2,2,2,2,4),(-1.09136540600446,-1.06332472042317,-0.915468536787717,
-0.773348797683341,-0.636323557515003,-0.535458815999064,-0.469480431615676),
 .UNSPECIFIED.);
#219=B_SPLINE_CURVE_WITH_KNOTS('',3,(#2786,#2787,#2788,#2789,#2790,#2791,
#2792,#2793,#2794,#2795,#2796,#2797,#2798,#2799,#2800,#2801,#2802,#2803,
#2804,#2805,#2806,#2807,#2808,#2809,#2810,#2811,#2812,#2813,#2814,#2815,
#2816,#2817,#2818,#2819,#2820,#2821,#2822,#2823,#2824,#2825,#2826,#2827,
#2828,#2829,#2830,#2831,#2832,#2833,#2834,#2835,#2836,#2837,#2838,#2839,
#2840,#2841,#2842,#2843,#2844,#2845,#2846,#2847,#2848,#2849,#2850,#2851,
#2852,#2853,#2854,#2855,#2856,#2857,#2858,#2859,#2860,#2861,#2862,#2863,
#2864,#2865,#2866,#2867,#2868,#2869,#2870,#2871,#2872,#2873,#2874,#2875,
#2876,#2877,#2878,#2879,#2880,#2881,#2882,#2883,#2884,#2885,#2886,#2887,
#2888,#2889,#2890,#2891,#2892,#2893,#2894,#2895,#2896,#2897,#2898,#2899,
#2900,#2901,#2902,#2903,#2904,#2905,#2906,#2907,#2908,#2909,#2910,#2911,
#2912,#2913,#2914,#2915,#2916,#2917,#2918,#2919,#2920,#2921,#2922,#2923,
#2924,#2925,#2926,#2927,#2928,#2929,#2930,#2931,#2932,#2933,#2934,#2935,
#2936,#2937,#2938,#2939,#2940,#2941,#2942,#2943,#2944,#2945,#2946,#2947,
#2948,#2949,#2950,#2951,#2952,#2953,#2954,#2955,#2956,#2957,#2958,#2959,
#2960,#2961,#2962,#2963,#2964,#2965,#2966,#2967,#2968,#2969,#2970,#2971,
#2972,#2973,#2974,#2975,#2976,#2977,#2978,#2979,#2980,#2981,#2982,#2983,
#2984,#2985,#2986,#2987,#2988,#2989,#2990,#2991,#2992,#2993,#2994,#2995,
#2996,#2997,#2998,#2999,#3000,#3001,#3002,#3003,#3004,#3005,#3006,#3007,
#3008,#3009,#3010,#3011,#3012,#3013,#3014,#3015,#3016,#3017,#3018,#3019,
#3020,#3021,#3022,#3023,#3024,#3025,#3026,#3027,#3028,#3029,#3030,#3031,
#3032,#3033,#3034,#3035,#3036,#3037,#3038,#3039,#3040,#3041,#3042,#3043,
#3044,#3045,#3046,#3047,#3048,#3049,#3050,#3051,#3052,#3053,#3054,#3055,
#3056,#3057,#3058,#3059,#3060,#3061,#3062,#3063,#3064,#3065,#3066,#3067,
#3068,#3069,#3070,#3071,#3072,#3073,#3074,#3075,#3076,#3077,#3078,#3079,
#3080,#3081,#3082,#3083,#3084,#3085,#3086,#3087,#3088,#3089),
 .UNSPECIFIED.,.F.,.F.,(4,3,3,3,3,3,3,3,3,3,3,3,3,3,3,3,3,3,3,3,3,3,3,3,
3,3,3,3,3,3,3,3,3,3,3,3,3,3,3,3,3,3,3,3,3,3,3,3,3,3,3,3,3,3,3,3,3,3,3,3,
3,3,3,3,3,3,3,3,3,3,3,3,3,3,3,3,3,3,3,3,3,3,3,3,3,3,3,3,3,3,3,3,3,3,3,3,
3,3,3,3,3,4),(-8.62552592604788,-8.5598408072801,-8.49116539331867,-8.41847052167066,
-8.3398234391071,-8.24979117895198,-8.12363839086063,-8.03234440561891,
-7.95342766404557,-7.88090752283349,-7.81251022199558,-7.74716154137189,
-7.68422792437734,-7.62326204629281,-7.56394690188467,-7.50605961675558,
-7.44951765584718,-7.39421935333572,-7.34005032987816,-7.28690763340564,
-7.23463397175207,-7.18181506255113,-7.12750758364145,-7.07142731381833,
-7.01317596982641,-6.95216228246276,-6.88799959320336,-6.82044894207588,
-6.74571315659536,-6.66516908637118,-6.58487382186263,-6.51334339632136,
-6.44721027036932,-6.38211047451027,-6.3216897044635,-6.25855116744674,
-6.19639917007086,-6.13521829765398,-6.07478826943984,-6.01234602981294,
-5.94691212700225,-5.87742119076528,-5.80193560213687,-5.71804705644639,
-5.62339034759026,-5.53183108916457,-5.45122181462117,-5.37692934901974,
-5.30699330967852,-5.24028133526556,-5.17661444842559,-5.1159611690382,
-5.05763389462536,-5.00117694175025,-4.94625155012298,-4.89060080399365,
-4.83112915881072,-4.76615454348579,-4.69511498899083,-4.62663577741946,
-4.56151810511587,-4.49847536570959,-4.43738864347617,-4.3780647216539,
-4.32174349737932,-4.27121040371424,-4.22417077252076,-4.17952749453996,
-4.13668808274738,-4.09528420069532,-4.05468866630626,-4.01239168519026,
-3.96709799821205,-3.91674741523064,-3.84768745525596,-3.7908971955062,
-3.73989574297846,-3.69036920915627,-3.6420754866272,-3.59485063718758,
-3.54856666855955,-3.50306219308785,-3.45726382669626,-3.41022713723343,
-3.36170472120558,-3.31136720382167,-3.25872254140346,-3.20296864924916,
-3.14402747838014,-3.08374061151456,-3.02190201483438,-2.95823974254785,
-2.89187214124508,-2.81634192401728,-2.69420561273742,-2.62299869590647,
-2.55575089646474,-2.48701900619616,-2.42339432505758,-2.36077171035243,
-2.29863973157343,-2.28082333539044),.UNSPECIFIED.);
#220=B_SPLINE_CURVE_WITH_KNOTS('',3,(#3181,#3182,#3183,#3184,#3185,#3186,
#3187,#3188,#3189,#3190,#3191,#3192,#3193,#3194,#3195,#3196,#3197,#3198,
#3199,#3200,#3201,#3202,#3203,#3204,#3205,#3206,#3207,#3208),
 .UNSPECIFIED.,.F.,.F.,(4,3,3,3,3,3,3,3,3,4),(-1.08355218940715,-1.04206198828038,
-0.971808486427163,-0.910054920920145,-0.83359106045465,-0.764422832417818,
-0.639800215646749,-0.607546990548785,-0.52863126099136,-0.461304201085818),
 .UNSPECIFIED.);
#221=B_SPLINE_CURVE_WITH_KNOTS('',3,(#3210,#3211,#3212,#3213,#3214,#3215,
#3216,#3217,#3218,#3219,#3220,#3221,#3222,#3223,#3224,#3225,#3226,#3227,
#3228,#3229,#3230,#3231,#3232,#3233,#3234,#3235,#3236,#3237,#3238,#3239,
#3240,#3241,#3242,#3243,#3244,#3245,#3246,#3247,#3248,#3249,#3250,#3251,
#3252,#3253,#3254,#3255,#3256,#3257,#3258,#3259,#3260,#3261,#3262,#3263,
#3264,#3265,#3266,#3267,#3268,#3269,#3270,#3271,#3272,#3273,#3274,#3275,
#3276,#3277,#3278,#3279,#3280,#3281,#3282,#3283,#3284,#3285,#3286,#3287,
#3288,#3289,#3290,#3291,#3292,#3293,#3294,#3295,#3296,#3297,#3298,#3299,
#3300,#3301,#3302,#3303,#3304,#3305,#3306,#3307,#3308,#3309,#3310,#3311,
#3312,#3313,#3314,#3315,#3316,#3317,#3318,#3319,#3320,#3321,#3322,#3323,
#3324,#3325,#3326,#3327,#3328,#3329,#3330,#3331,#3332,#3333,#3334,#3335,
#3336,#3337,#3338,#3339,#3340,#3341,#3342,#3343,#3344,#3345,#3346,#3347,
#3348,#3349,#3350,#3351,#3352,#3353,#3354,#3355,#3356,#3357,#3358,#3359,
#3360,#3361,#3362,#3363,#3364,#3365,#3366,#3367,#3368,#3369,#3370,#3371,
#3372,#3373,#3374,#3375,#3376,#3377,#3378,#3379,#3380,#3381,#3382,#3383,
#3384,#3385,#3386,#3387,#3388,#3389,#3390,#3391,#3392,#3393,#3394,#3395,
#3396,#3397,#3398,#3399,#3400,#3401,#3402,#3403,#3404,#3405,#3406,#3407,
#3408,#3409,#3410,#3411,#3412,#3413,#3414,#3415,#3416,#3417,#3418,#3419,
#3420,#3421,#3422,#3423,#3424,#3425,#3426,#3427,#3428,#3429,#3430,#3431,
#3432,#3433,#3434,#3435,#3436,#3437,#3438,#3439,#3440,#3441,#3442,#3443,
#3444,#3445,#3446,#3447,#3448,#3449,#3450,#3451,#3452,#3453,#3454,#3455,
#3456,#3457,#3458,#3459,#3460,#3461,#3462,#3463,#3464,#3465,#3466,#3467,
#3468,#3469,#3470,#3471,#3472,#3473,#3474,#3475,#3476,#3477,#3478,#3479,
#3480,#3481,#3482,#3483,#3484,#3485,#3486,#3487,#3488,#3489,#3490,#3491,
#3492,#3493,#3494,#3495,#3496,#3497,#3498,#3499,#3500,#3501,#3502,#3503,
#3504,#3505,#3506,#3507,#3508,#3509,#3510,#3511,#3512,#3513),
 .UNSPECIFIED.,.F.,.F.,(4,3,3,3,3,3,3,3,3,3,3,3,3,3,3,3,3,3,3,3,3,3,3,3,
3,3,3,3,3,3,3,3,3,3,3,3,3,3,3,3,3,3,3,3,3,3,3,3,3,3,3,3,3,3,3,3,3,3,3,3,
3,3,3,3,3,3,3,3,3,3,3,3,3,3,3,3,3,3,3,3,3,3,3,3,3,3,3,3,3,3,3,3,3,3,3,3,
3,3,3,3,3,4),(-168.377911929259,-166.873862910967,-165.35488786335,-163.803639889629,
-162.215578477922,-160.584844691624,-158.839298557854,-156.489003666329,
-154.449575386549,-152.809351912697,-151.261075624805,-149.761722973524,
-148.303185347705,-146.879532227949,-145.504433045188,-144.213558776935,
-142.986173618774,-141.806978150225,-140.666347499811,-139.557159834888,
-138.454330319051,-137.332111194675,-136.186871438907,-135.015511207874,
-133.814081606949,-132.577293831145,-131.218213473407,-129.397489265853,
-128.129096722867,-127.018461162355,-125.990260425603,-125.004167879226,
-124.001757452753,-122.965659994782,-121.887868743001,-120.756088615178,
-119.549385756089,-118.226098575415,-116.801873376771,-115.337379904584,
-113.764793721543,-112.17918066062,-110.501251606021,-108.787161014056,
-107.239377582155,-105.793322685402,-104.369862396411,-103.04394154714,
-101.660838968285,-100.230706882388,-98.7421594071454,-97.1813480249678,
-95.5512971301737,-93.8431179560761,-92.031450081175,-90.0754054842448,
-87.8878535543661,-85.6004788867283,-83.5594659944497,-81.7444998518849,
-80.0801069872036,-78.5133876435714,-77.0176783821205,-75.5636196108455,
-74.1094563546265,-72.6527156144585,-71.1933942521442,-69.7314899489684,
-68.239700608338,-66.653177619152,-64.8412151154179,-62.8574237558224,-60.949250450468,
-59.1881435011066,-57.5431414973914,-55.9848071366917,-54.5044621291379,
-53.0927110042735,-51.7343813584676,-50.4193056117516,-49.1401748001491,
-47.8732356479023,-46.5868799263917,-45.2768329746811,-43.9408637439465,
-42.576506709715,-41.1813062314311,-39.75390445567,-38.290156735049,-36.7592845684833,
-35.17425143024,-33.5227247339901,-31.7855020686848,-29.9275397478295,-27.8508793084789,
-24.9127515877539,-22.5410856725259,-20.5787803018833,-18.8189066641556,
-17.1387804717299,-15.5467689143699,-14.6918641899556),.UNSPECIFIED.);
#222=B_SPLINE_CURVE_WITH_KNOTS('',3,(#3514,#3515,#3516,#3517,#3518,#3519,
#3520,#3521,#3522,#3523,#3524,#3525,#3526,#3527,#3528,#3529,#3530,#3531,
#3532,#3533,#3534,#3535,#3536,#3537,#3538,#3539,#3540,#3541,#3542,#3543,
#3544),.UNSPECIFIED.,.F.,.F.,(4,3,3,3,3,3,3,3,3,3,4),(-1.0928416823967,
-1.01551917370302,-1.00680255137654,-0.926375126370514,-0.856188936990705,
-0.767409280308973,-0.698900151495868,-0.628647340848698,-0.560789459739212,
-0.485778627067021,-0.470567357584551),.UNSPECIFIED.);
#223=B_SPLINE_CURVE_WITH_KNOTS('',3,(#3546,#3547,#3548,#3549),
 .UNSPECIFIED.,.F.,.F.,(4,4),(0.0500000000000003,1.42499918360872),
 .UNSPECIFIED.);
#224=B_SPLINE_CURVE_WITH_KNOTS('',3,(#3550,#3551,#3552,#3553,#3554,#3555,
#3556,#3557,#3558,#3559,#3560,#3561,#3562,#3563,#3564,#3565,#3566,#3567,
#3568,#3569,#3570,#3571,#3572,#3573,#3574),.UNSPECIFIED.,.F.,.F.,(4,3,3,
3,3,3,3,3,4),(1.87459442488548,1.8974019816242,1.96375220108192,2.02646666093853,
2.0510850002377,2.14176374540273,2.21262981200678,2.23550800516691,2.26823186235043),
 .UNSPECIFIED.);
#225=B_SPLINE_CURVE_WITH_KNOTS('',3,(#3576,#3577,#3578,#3579),
 .UNSPECIFIED.,.F.,.F.,(4,4),(3.53490838160325,3.53893923961563),
 .UNSPECIFIED.);
#226=B_SPLINE_CURVE_WITH_KNOTS('',3,(#3581,#3582,#3583,#3584,#3585,#3586,
#3587,#3588,#3589,#3590,#3591,#3592,#3593,#3594,#3595,#3596,#3597,#3598,
#3599,#3600,#3601,#3602,#3603,#3604,#3605),.UNSPECIFIED.,.F.,.F.,(4,3,3,
3,3,3,3,3,4),(0.0248271381298044,0.134517176988349,0.17914186275936,0.401507090674745,
0.561762786946861,1.30504918561096,1.7931233776157,2.07091571355743,3.53490838160325),
 .UNSPECIFIED.);
#227=B_SPLINE_CURVE_WITH_KNOTS('',3,(#3607,#3608,#3609,#3610,#3611,#3612,
#3613,#3614,#3615,#3616,#3617,#3618,#3619,#3620,#3621,#3622,#3623,#3624,
#3625,#3626,#3627,#3628,#3629,#3630,#3631),.UNSPECIFIED.,.F.,.F.,(4,3,3,
3,3,3,3,3,4),(1.86124540854411,1.92751581178347,1.95570847122598,2.05470744794777,
2.11953224903335,2.14704702659521,2.20916487602718,2.21683364087781,2.25500719284307),
 .UNSPECIFIED.);
#228=B_SPLINE_CURVE_WITH_KNOTS('',3,(#3632,#3633,#3634,#3635),
 .UNSPECIFIED.,.F.,.F.,(4,4),(2.82499918360873,5.),.UNSPECIFIED.);
#229=CIRCLE('',#1171,3.);
#230=CIRCLE('',#1172,3.);
#231=CIRCLE('',#1173,3.);
#232=CIRCLE('',#1176,2.48999999999999);
#233=CIRCLE('',#1177,2.49);
#234=CIRCLE('',#1178,0.800000000000001);
#235=CIRCLE('',#1179,0.799999999999992);
#236=CIRCLE('',#1181,3.);
#237=CIRCLE('',#1182,3.);
#238=CIRCLE('',#1183,3.);
#239=CIRCLE('',#1191,0.799999999999992);
#240=CIRCLE('',#1194,0.800000000000001);
#241=CIRCLE('',#1196,1.);
#242=CIRCLE('',#1197,0.999999999999995);
#243=CIRCLE('',#1199,1.5);
#244=CIRCLE('',#1203,3.25);
#245=CIRCLE('',#1204,3.25);
#246=CIRCLE('',#1207,3.25);
#247=CIRCLE('',#1208,3.25);
#248=CIRCLE('',#1211,3.25);
#249=CIRCLE('',#1212,3.25);
#250=CIRCLE('',#1215,3.25);
#251=CIRCLE('',#1216,3.25);
#252=CIRCLE('',#1231,2.5);
#253=CIRCLE('',#1234,4.);
#254=CIRCLE('',#1235,4.);
#255=CIRCLE('',#1236,4.);
#256=CIRCLE('',#1237,1.);
#257=CIRCLE('',#1238,5.);
#258=CIRCLE('',#1240,4.);
#259=CIRCLE('',#1241,4.);
#260=CIRCLE('',#1242,1.);
#261=CIRCLE('',#1243,5.);
#262=CIRCLE('',#1245,4.);
#263=CIRCLE('',#1246,4.);
#264=CIRCLE('',#1247,0.999999999999995);
#265=CIRCLE('',#1248,4.99999999999999);
#266=CIRCLE('',#1250,4.);
#267=CIRCLE('',#1251,0.999999999999995);
#268=CIRCLE('',#1252,5.);
#269=CIRCLE('',#1258,1.5);
#270=CIRCLE('',#1259,1.5);
#271=CIRCLE('',#1260,2.5);
#272=CIRCLE('',#1262,1.5);
#273=LINE('',#1554,#354);
#274=LINE('',#1558,#355);
#275=LINE('',#1580,#356);
#276=LINE('',#1582,#357);
#277=LINE('',#1583,#358);
#278=LINE('',#1586,#359);
#279=LINE('',#1590,#360);
#280=LINE('',#1594,#361);
#281=LINE('',#1596,#362);
#282=LINE('',#1598,#363);
#283=LINE('',#1602,#364);
#284=LINE('',#1618,#365);
#285=LINE('',#1630,#366);
#286=LINE('',#1639,#367);
#287=LINE('',#1640,#368);
#288=LINE('',#1659,#369);
#289=LINE('',#1676,#370);
#290=LINE('',#1685,#371);
#291=LINE('',#1702,#372);
#292=LINE('',#1705,#373);
#293=LINE('',#1706,#374);
#294=LINE('',#1711,#375);
#295=LINE('',#1715,#376);
#296=LINE('',#1718,#377);
#297=LINE('',#1721,#378);
#298=LINE('',#1925,#379);
#299=LINE('',#1933,#380);
#300=LINE('',#1935,#381);
#301=LINE('',#1937,#382);
#302=LINE('',#1938,#383);
#303=LINE('',#1944,#384);
#304=LINE('',#1947,#385);
#305=LINE('',#1949,#386);
#306=LINE('',#1950,#387);
#307=LINE('',#1956,#388);
#308=LINE('',#1959,#389);
#309=LINE('',#1961,#390);
#310=LINE('',#1962,#391);
#311=LINE('',#1968,#392);
#312=LINE('',#1971,#393);
#313=LINE('',#1973,#394);
#314=LINE('',#1974,#395);
#315=LINE('',#1989,#396);
#316=LINE('',#1991,#397);
#317=LINE('',#1993,#398);
#318=LINE('',#2002,#399);
#319=LINE('',#2005,#400);
#320=LINE('',#2007,#401);
#321=LINE('',#2008,#402);
#322=LINE('',#2020,#403);
#323=LINE('',#2029,#404);
#324=LINE('',#2030,#405);
#325=LINE('',#2727,#406);
#326=LINE('',#2730,#407);
#327=LINE('',#2737,#408);
#328=LINE('',#2739,#409);
#329=LINE('',#2740,#410);
#330=LINE('',#2743,#411);
#331=LINE('',#2757,#412);
#332=LINE('',#2766,#413);
#333=LINE('',#2783,#414);
#334=LINE('',#3090,#415);
#335=LINE('',#3637,#416);
#336=LINE('',#3642,#417);
#337=LINE('',#3646,#418);
#338=LINE('',#3647,#419);
#339=LINE('',#3653,#420);
#340=LINE('',#3672,#421);
#341=LINE('',#3673,#422);
#342=LINE('',#3692,#423);
#343=LINE('',#3693,#424);
#344=LINE('',#3712,#425);
#345=LINE('',#3713,#426);
#346=LINE('',#3726,#427);
#347=LINE('',#3727,#428);
#348=LINE('',#3729,#429);
#349=LINE('',#3735,#430);
#350=LINE('',#3759,#431);
#351=LINE('',#3761,#432);
#352=LINE('',#3762,#433);
#353=LINE('',#3765,#434);
#354=VECTOR('',#1273,10.);
#355=VECTOR('',#1276,10.);
#356=VECTOR('',#1283,10.);
#357=VECTOR('',#1284,10.);
#358=VECTOR('',#1285,10.);
#359=VECTOR('',#1288,10.);
#360=VECTOR('',#1291,10.);
#361=VECTOR('',#1294,10.);
#362=VECTOR('',#1295,10.);
#363=VECTOR('',#1296,10.);
#364=VECTOR('',#1299,10.);
#365=VECTOR('',#1304,10.);
#366=VECTOR('',#1313,10.);
#367=VECTOR('',#1316,10.);
#368=VECTOR('',#1317,10.);
#369=VECTOR('',#1320,10.);
#370=VECTOR('',#1323,10.);
#371=VECTOR('',#1326,10.);
#372=VECTOR('',#1333,10.);
#373=VECTOR('',#1336,10.);
#374=VECTOR('',#1337,10.);
#375=VECTOR('',#1344,10.);
#376=VECTOR('',#1347,10.);
#377=VECTOR('',#1350,10.);
#378=VECTOR('',#1353,10.);
#379=VECTOR('',#1358,10.);
#380=VECTOR('',#1361,10.);
#381=VECTOR('',#1362,10.);
#382=VECTOR('',#1363,10.);
#383=VECTOR('',#1364,10.);
#384=VECTOR('',#1371,10.);
#385=VECTOR('',#1374,10.);
#386=VECTOR('',#1375,10.);
#387=VECTOR('',#1376,10.);
#388=VECTOR('',#1383,10.);
#389=VECTOR('',#1386,10.);
#390=VECTOR('',#1387,10.);
#391=VECTOR('',#1388,10.);
#392=VECTOR('',#1395,10.);
#393=VECTOR('',#1398,10.);
#394=VECTOR('',#1399,10.);
#395=VECTOR('',#1400,10.);
#396=VECTOR('',#1409,10.);
#397=VECTOR('',#1410,10.);
#398=VECTOR('',#1411,10.);
#399=VECTOR('',#1412,10.);
#400=VECTOR('',#1415,10.);
#401=VECTOR('',#1416,10.);
#402=VECTOR('',#1417,10.);
#403=VECTOR('',#1420,10.);
#404=VECTOR('',#1421,10.);
#405=VECTOR('',#1422,10.);
#406=VECTOR('',#1425,10.);
#407=VECTOR('',#1428,10.);
#408=VECTOR('',#1431,10.);
#409=VECTOR('',#1432,10.);
#410=VECTOR('',#1433,10.);
#411=VECTOR('',#1436,10.);
#412=VECTOR('',#1437,10.);
#413=VECTOR('',#1440,10.);
#414=VECTOR('',#1443,10.);
#415=VECTOR('',#1446,10.);
#416=VECTOR('',#1449,10.);
#417=VECTOR('',#1456,10.);
#418=VECTOR('',#1461,10.);
#419=VECTOR('',#1462,10.);
#420=VECTOR('',#1469,10.);
#421=VECTOR('',#1480,10.);
#422=VECTOR('',#1481,10.);
#423=VECTOR('',#1492,10.);
#424=VECTOR('',#1493,10.);
#425=VECTOR('',#1504,10.);
#426=VECTOR('',#1505,10.);
#427=VECTOR('',#1512,10.);
#428=VECTOR('',#1513,10.);
#429=VECTOR('',#1516,10.);
#430=VECTOR('',#1525,10.);
#431=VECTOR('',#1536,10.);
#432=VECTOR('',#1539,10.);
#433=VECTOR('',#1540,10.);
#434=VECTOR('',#1545,10.);
#435=VERTEX_POINT('',#1552);
#436=VERTEX_POINT('',#1553);
#437=VERTEX_POINT('',#1555);
#438=VERTEX_POINT('',#1557);
#439=VERTEX_POINT('',#1559);
#440=VERTEX_POINT('',#1570);
#441=VERTEX_POINT('',#1572);
#442=VERTEX_POINT('',#1579);
#443=VERTEX_POINT('',#1581);
#444=VERTEX_POINT('',#1585);
#445=VERTEX_POINT('',#1587);
#446=VERTEX_POINT('',#1589);
#447=VERTEX_POINT('',#1591);
#448=VERTEX_POINT('',#1593);
#449=VERTEX_POINT('',#1595);
#450=VERTEX_POINT('',#1597);
#451=VERTEX_POINT('',#1599);
#452=VERTEX_POINT('',#1601);
#453=VERTEX_POINT('',#1605);
#454=VERTEX_POINT('',#1606);
#455=VERTEX_POINT('',#1617);
#456=VERTEX_POINT('',#1620);
#457=VERTEX_POINT('',#1622);
#458=VERTEX_POINT('',#1629);
#459=VERTEX_POINT('',#1638);
#460=VERTEX_POINT('',#1642);
#461=VERTEX_POINT('',#1661);
#462=VERTEX_POINT('',#1678);
#463=VERTEX_POINT('',#1700);
#464=VERTEX_POINT('',#1704);
#465=VERTEX_POINT('',#1710);
#466=VERTEX_POINT('',#1712);
#467=VERTEX_POINT('',#1714);
#468=VERTEX_POINT('',#1716);
#469=VERTEX_POINT('',#1720);
#470=VERTEX_POINT('',#1724);
#471=VERTEX_POINT('',#1725);
#472=VERTEX_POINT('',#1931);
#473=VERTEX_POINT('',#1932);
#474=VERTEX_POINT('',#1934);
#475=VERTEX_POINT('',#1936);
#476=VERTEX_POINT('',#1940);
#477=VERTEX_POINT('',#1942);
#478=VERTEX_POINT('',#1946);
#479=VERTEX_POINT('',#1948);
#480=VERTEX_POINT('',#1952);
#481=VERTEX_POINT('',#1954);
#482=VERTEX_POINT('',#1958);
#483=VERTEX_POINT('',#1960);
#484=VERTEX_POINT('',#1964);
#485=VERTEX_POINT('',#1966);
#486=VERTEX_POINT('',#1970);
#487=VERTEX_POINT('',#1972);
#488=VERTEX_POINT('',#1979);
#489=VERTEX_POINT('',#1980);
#490=VERTEX_POINT('',#1988);
#491=VERTEX_POINT('',#1990);
#492=VERTEX_POINT('',#1992);
#493=VERTEX_POINT('',#1994);
#494=VERTEX_POINT('',#2004);
#495=VERTEX_POINT('',#2006);
#496=VERTEX_POINT('',#2010);
#497=VERTEX_POINT('',#2011);
#498=VERTEX_POINT('',#2019);
#499=VERTEX_POINT('',#2021);
#500=VERTEX_POINT('',#2121);
#501=VERTEX_POINT('',#2126);
#502=VERTEX_POINT('',#2164);
#503=VERTEX_POINT('',#2205);
#504=VERTEX_POINT('',#2220);
#505=VERTEX_POINT('',#2225);
#506=VERTEX_POINT('',#2238);
#507=VERTEX_POINT('',#2253);
#508=VERTEX_POINT('',#2270);
#509=VERTEX_POINT('',#2275);
#510=VERTEX_POINT('',#2304);
#511=VERTEX_POINT('',#2348);
#512=VERTEX_POINT('',#2363);
#513=VERTEX_POINT('',#2370);
#514=VERTEX_POINT('',#2383);
#515=VERTEX_POINT('',#2688);
#516=VERTEX_POINT('',#2722);
#517=VERTEX_POINT('',#2729);
#518=VERTEX_POINT('',#2736);
#519=VERTEX_POINT('',#2738);
#520=VERTEX_POINT('',#2742);
#521=VERTEX_POINT('',#2744);
#522=VERTEX_POINT('',#2759);
#523=VERTEX_POINT('',#2768);
#524=VERTEX_POINT('',#2785);
#525=VERTEX_POINT('',#3209);
#526=VERTEX_POINT('',#3545);
#527=VERTEX_POINT('',#3575);
#528=VERTEX_POINT('',#3580);
#529=VERTEX_POINT('',#3606);
#530=VERTEX_POINT('',#3641);
#531=VERTEX_POINT('',#3645);
#532=VERTEX_POINT('',#3649);
#533=VERTEX_POINT('',#3651);
#534=VERTEX_POINT('',#3663);
#535=VERTEX_POINT('',#3664);
#536=VERTEX_POINT('',#3669);
#537=VERTEX_POINT('',#3670);
#538=VERTEX_POINT('',#3683);
#539=VERTEX_POINT('',#3684);
#540=VERTEX_POINT('',#3689);
#541=VERTEX_POINT('',#3690);
#542=VERTEX_POINT('',#3703);
#543=VERTEX_POINT('',#3704);
#544=VERTEX_POINT('',#3709);
#545=VERTEX_POINT('',#3710);
#546=VERTEX_POINT('',#3733);
#547=EDGE_CURVE('',#435,#436,#273,.T.);
#548=EDGE_CURVE('',#436,#437,#229,.T.);
#549=EDGE_CURVE('',#438,#437,#274,.T.);
#550=EDGE_CURVE('',#439,#438,#181,.T.);
#551=EDGE_CURVE('',#439,#440,#230,.F.);
#552=EDGE_CURVE('',#440,#441,#182,.T.);
#553=EDGE_CURVE('',#441,#435,#231,.F.);
#554=EDGE_CURVE('',#442,#436,#275,.T.);
#555=EDGE_CURVE('',#443,#442,#276,.T.);
#556=EDGE_CURVE('',#437,#443,#277,.T.);
#557=EDGE_CURVE('',#435,#444,#278,.F.);
#558=EDGE_CURVE('',#444,#445,#232,.F.);
#559=EDGE_CURVE('',#445,#446,#279,.F.);
#560=EDGE_CURVE('',#446,#447,#233,.F.);
#561=EDGE_CURVE('',#447,#448,#280,.F.);
#562=EDGE_CURVE('',#449,#448,#281,.T.);
#563=EDGE_CURVE('',#449,#450,#282,.T.);
#564=EDGE_CURVE('',#450,#451,#234,.T.);
#565=EDGE_CURVE('',#451,#452,#283,.T.);
#566=EDGE_CURVE('',#452,#442,#235,.T.);
#567=EDGE_CURVE('',#453,#454,#183,.F.);
#568=EDGE_CURVE('',#455,#454,#284,.T.);
#569=EDGE_CURVE('',#455,#449,#236,.T.);
#570=EDGE_CURVE('',#448,#456,#237,.F.);
#571=EDGE_CURVE('',#457,#456,#184,.T.);
#572=EDGE_CURVE('',#453,#457,#238,.T.);
#573=EDGE_CURVE('',#458,#447,#285,.T.);
#574=EDGE_CURVE('',#458,#456,#185,.F.);
#575=EDGE_CURVE('',#459,#455,#286,.T.);
#576=EDGE_CURVE('',#459,#450,#287,.T.);
#577=EDGE_CURVE('',#441,#460,#186,.F.);
#578=EDGE_CURVE('',#460,#444,#288,.T.);
#579=EDGE_CURVE('',#460,#461,#187,.F.);
#580=EDGE_CURVE('',#461,#445,#289,.T.);
#581=EDGE_CURVE('',#461,#462,#188,.F.);
#582=EDGE_CURVE('',#462,#446,#290,.T.);
#583=EDGE_CURVE('',#462,#458,#189,.F.);
#584=EDGE_CURVE('',#443,#463,#239,.T.);
#585=EDGE_CURVE('',#463,#452,#291,.T.);
#586=EDGE_CURVE('',#463,#464,#292,.T.);
#587=EDGE_CURVE('',#464,#451,#293,.T.);
#588=EDGE_CURVE('',#464,#459,#240,.T.);
#589=EDGE_CURVE('',#465,#454,#294,.T.);
#590=EDGE_CURVE('',#466,#465,#241,.T.);
#591=EDGE_CURVE('',#467,#466,#295,.T.);
#592=EDGE_CURVE('',#468,#467,#242,.T.);
#593=EDGE_CURVE('',#438,#468,#296,.T.);
#594=EDGE_CURVE('',#453,#469,#297,.T.);
#595=EDGE_CURVE('',#469,#465,#243,.T.);
#596=EDGE_CURVE('',#470,#471,#190,.T.);
#597=EDGE_CURVE('',#471,#469,#298,.T.);
#598=EDGE_CURVE('',#457,#470,#191,.T.);
#599=EDGE_CURVE('',#472,#473,#299,.T.);
#600=EDGE_CURVE('',#474,#472,#300,.T.);
#601=EDGE_CURVE('',#475,#474,#301,.T.);
#602=EDGE_CURVE('',#475,#473,#302,.T.);
#603=EDGE_CURVE('',#473,#476,#244,.T.);
#604=EDGE_CURVE('',#477,#475,#245,.T.);
#605=EDGE_CURVE('',#477,#476,#303,.T.);
#606=EDGE_CURVE('',#476,#478,#304,.T.);
#607=EDGE_CURVE('',#479,#477,#305,.T.);
#608=EDGE_CURVE('',#479,#478,#306,.T.);
#609=EDGE_CURVE('',#478,#480,#246,.T.);
#610=EDGE_CURVE('',#481,#479,#247,.T.);
#611=EDGE_CURVE('',#481,#480,#307,.T.);
#612=EDGE_CURVE('',#480,#482,#308,.T.);
#613=EDGE_CURVE('',#483,#481,#309,.T.);
#614=EDGE_CURVE('',#483,#482,#310,.T.);
#615=EDGE_CURVE('',#482,#484,#248,.T.);
#616=EDGE_CURVE('',#485,#483,#249,.T.);
#617=EDGE_CURVE('',#485,#484,#311,.T.);
#618=EDGE_CURVE('',#484,#486,#312,.T.);
#619=EDGE_CURVE('',#487,#485,#313,.T.);
#620=EDGE_CURVE('',#487,#486,#314,.T.);
#621=EDGE_CURVE('',#486,#472,#250,.T.);
#622=EDGE_CURVE('',#474,#487,#251,.T.);
#623=EDGE_CURVE('',#488,#489,#192,.T.);
#624=EDGE_CURVE('',#490,#488,#315,.T.);
#625=EDGE_CURVE('',#490,#491,#316,.T.);
#626=EDGE_CURVE('',#492,#491,#317,.T.);
#627=EDGE_CURVE('',#493,#492,#193,.T.);
#628=EDGE_CURVE('',#489,#493,#318,.T.);
#629=EDGE_CURVE('',#491,#494,#319,.T.);
#630=EDGE_CURVE('',#495,#490,#320,.T.);
#631=EDGE_CURVE('',#495,#494,#321,.T.);
#632=EDGE_CURVE('',#496,#497,#194,.T.);
#633=EDGE_CURVE('',#498,#496,#322,.T.);
#634=EDGE_CURVE('',#499,#498,#195,.T.);
#635=EDGE_CURVE('',#494,#499,#323,.T.);
#636=EDGE_CURVE('',#497,#495,#324,.T.);
#637=EDGE_CURVE('',#497,#500,#196,.T.);
#638=EDGE_CURVE('',#500,#501,#197,.T.);
#639=EDGE_CURVE('',#501,#502,#198,.T.);
#640=EDGE_CURVE('',#502,#503,#199,.T.);
#641=EDGE_CURVE('',#503,#504,#200,.T.);
#642=EDGE_CURVE('',#504,#505,#201,.T.);
#643=EDGE_CURVE('',#505,#506,#202,.T.);
#644=EDGE_CURVE('',#506,#507,#203,.T.);
#645=EDGE_CURVE('',#507,#488,#204,.T.);
#646=EDGE_CURVE('',#489,#508,#205,.T.);
#647=EDGE_CURVE('',#508,#509,#206,.T.);
#648=EDGE_CURVE('',#509,#510,#207,.T.);
#649=EDGE_CURVE('',#511,#510,#208,.F.);
#650=EDGE_CURVE('',#511,#512,#209,.T.);
#651=EDGE_CURVE('',#513,#512,#210,.F.);
#652=EDGE_CURVE('',#513,#514,#211,.T.);
#653=EDGE_CURVE('',#514,#515,#212,.T.);
#654=EDGE_CURVE('',#515,#496,#213,.T.);
#655=EDGE_CURVE('',#516,#493,#214,.F.);
#656=EDGE_CURVE('',#508,#516,#325,.T.);
#657=EDGE_CURVE('',#515,#517,#326,.T.);
#658=EDGE_CURVE('',#498,#517,#215,.F.);
#659=EDGE_CURVE('',#507,#518,#327,.T.);
#660=EDGE_CURVE('',#519,#518,#328,.T.);
#661=EDGE_CURVE('',#500,#519,#329,.T.);
#662=EDGE_CURVE('',#510,#520,#330,.T.);
#663=EDGE_CURVE('',#521,#520,#216,.F.);
#664=EDGE_CURVE('',#511,#521,#331,.T.);
#665=EDGE_CURVE('',#522,#521,#217,.F.);
#666=EDGE_CURVE('',#512,#522,#332,.T.);
#667=EDGE_CURVE('',#523,#522,#218,.F.);
#668=EDGE_CURVE('',#513,#523,#333,.T.);
#669=EDGE_CURVE('',#524,#523,#219,.F.);
#670=EDGE_CURVE('',#514,#524,#334,.T.);
#671=EDGE_CURVE('',#517,#524,#220,.F.);
#672=EDGE_CURVE('',#520,#525,#221,.F.);
#673=EDGE_CURVE('',#525,#516,#222,.F.);
#674=EDGE_CURVE('',#526,#492,#223,.T.);
#675=EDGE_CURVE('',#471,#526,#224,.T.);
#676=EDGE_CURVE('',#527,#440,#225,.T.);
#677=EDGE_CURVE('',#528,#527,#226,.T.);
#678=EDGE_CURVE('',#529,#528,#227,.T.);
#679=EDGE_CURVE('',#499,#529,#228,.T.);
#680=EDGE_CURVE('',#509,#525,#335,.T.);
#681=EDGE_CURVE('',#526,#530,#336,.T.);
#682=EDGE_CURVE('',#469,#530,#252,.T.);
#683=EDGE_CURVE('',#529,#531,#337,.T.);
#684=EDGE_CURVE('',#530,#531,#338,.T.);
#685=EDGE_CURVE('',#532,#519,#253,.T.);
#686=EDGE_CURVE('',#518,#533,#254,.T.);
#687=EDGE_CURVE('',#533,#532,#339,.T.);
#688=EDGE_CURVE('',#534,#535,#255,.T.);
#689=EDGE_CURVE('',#535,#533,#256,.T.);
#690=EDGE_CURVE('',#518,#534,#257,.T.);
#691=EDGE_CURVE('',#536,#537,#258,.T.);
#692=EDGE_CURVE('',#537,#535,#340,.T.);
#693=EDGE_CURVE('',#534,#536,#341,.T.);
#694=EDGE_CURVE('',#538,#539,#259,.T.);
#695=EDGE_CURVE('',#539,#537,#260,.T.);
#696=EDGE_CURVE('',#536,#538,#261,.T.);
#697=EDGE_CURVE('',#540,#541,#262,.T.);
#698=EDGE_CURVE('',#541,#539,#342,.T.);
#699=EDGE_CURVE('',#538,#540,#343,.T.);
#700=EDGE_CURVE('',#542,#543,#263,.T.);
#701=EDGE_CURVE('',#543,#541,#264,.T.);
#702=EDGE_CURVE('',#540,#542,#265,.T.);
#703=EDGE_CURVE('',#544,#545,#266,.T.);
#704=EDGE_CURVE('',#545,#543,#344,.T.);
#705=EDGE_CURVE('',#542,#544,#345,.T.);
#706=EDGE_CURVE('',#532,#545,#267,.T.);
#707=EDGE_CURVE('',#544,#519,#268,.T.);
#708=EDGE_CURVE('',#505,#536,#346,.T.);
#709=EDGE_CURVE('',#504,#538,#347,.T.);
#710=EDGE_CURVE('',#506,#534,#348,.T.);
#711=EDGE_CURVE('',#468,#546,#269,.T.);
#712=EDGE_CURVE('',#546,#439,#349,.T.);
#713=EDGE_CURVE('',#467,#531,#270,.T.);
#714=EDGE_CURVE('',#531,#546,#271,.T.);
#715=EDGE_CURVE('',#466,#530,#272,.T.);
#716=EDGE_CURVE('',#528,#546,#350,.T.);
#717=EDGE_CURVE('',#502,#542,#351,.T.);
#718=EDGE_CURVE('',#501,#544,#352,.T.);
#719=EDGE_CURVE('',#503,#540,#353,.T.);
#720=ORIENTED_EDGE('',*,*,#547,.T.);
#721=ORIENTED_EDGE('',*,*,#548,.T.);
#722=ORIENTED_EDGE('',*,*,#549,.F.);
#723=ORIENTED_EDGE('',*,*,#550,.F.);
#724=ORIENTED_EDGE('',*,*,#551,.T.);
#725=ORIENTED_EDGE('',*,*,#552,.T.);
#726=ORIENTED_EDGE('',*,*,#553,.T.);
#727=ORIENTED_EDGE('',*,*,#548,.F.);
#728=ORIENTED_EDGE('',*,*,#554,.F.);
#729=ORIENTED_EDGE('',*,*,#555,.F.);
#730=ORIENTED_EDGE('',*,*,#556,.F.);
#731=ORIENTED_EDGE('',*,*,#547,.F.);
#732=ORIENTED_EDGE('',*,*,#557,.T.);
#733=ORIENTED_EDGE('',*,*,#558,.T.);
#734=ORIENTED_EDGE('',*,*,#559,.T.);
#735=ORIENTED_EDGE('',*,*,#560,.T.);
#736=ORIENTED_EDGE('',*,*,#561,.T.);
#737=ORIENTED_EDGE('',*,*,#562,.F.);
#738=ORIENTED_EDGE('',*,*,#563,.T.);
#739=ORIENTED_EDGE('',*,*,#564,.T.);
#740=ORIENTED_EDGE('',*,*,#565,.T.);
#741=ORIENTED_EDGE('',*,*,#566,.T.);
#742=ORIENTED_EDGE('',*,*,#554,.T.);
#743=ORIENTED_EDGE('',*,*,#567,.T.);
#744=ORIENTED_EDGE('',*,*,#568,.F.);
#745=ORIENTED_EDGE('',*,*,#569,.T.);
#746=ORIENTED_EDGE('',*,*,#562,.T.);
#747=ORIENTED_EDGE('',*,*,#570,.T.);
#748=ORIENTED_EDGE('',*,*,#571,.F.);
#749=ORIENTED_EDGE('',*,*,#572,.F.);
#750=ORIENTED_EDGE('',*,*,#561,.F.);
#751=ORIENTED_EDGE('',*,*,#573,.F.);
#752=ORIENTED_EDGE('',*,*,#574,.T.);
#753=ORIENTED_EDGE('',*,*,#570,.F.);
#754=ORIENTED_EDGE('',*,*,#569,.F.);
#755=ORIENTED_EDGE('',*,*,#575,.F.);
#756=ORIENTED_EDGE('',*,*,#576,.T.);
#757=ORIENTED_EDGE('',*,*,#563,.F.);
#758=ORIENTED_EDGE('',*,*,#553,.F.);
#759=ORIENTED_EDGE('',*,*,#577,.T.);
#760=ORIENTED_EDGE('',*,*,#578,.T.);
#761=ORIENTED_EDGE('',*,*,#557,.F.);
#762=ORIENTED_EDGE('',*,*,#579,.T.);
#763=ORIENTED_EDGE('',*,*,#580,.T.);
#764=ORIENTED_EDGE('',*,*,#558,.F.);
#765=ORIENTED_EDGE('',*,*,#578,.F.);
#766=ORIENTED_EDGE('',*,*,#581,.T.);
#767=ORIENTED_EDGE('',*,*,#582,.T.);
#768=ORIENTED_EDGE('',*,*,#559,.F.);
#769=ORIENTED_EDGE('',*,*,#580,.F.);
#770=ORIENTED_EDGE('',*,*,#583,.T.);
#771=ORIENTED_EDGE('',*,*,#573,.T.);
#772=ORIENTED_EDGE('',*,*,#560,.F.);
#773=ORIENTED_EDGE('',*,*,#582,.F.);
#774=ORIENTED_EDGE('',*,*,#584,.F.);
#775=ORIENTED_EDGE('',*,*,#555,.T.);
#776=ORIENTED_EDGE('',*,*,#566,.F.);
#777=ORIENTED_EDGE('',*,*,#585,.F.);
#778=ORIENTED_EDGE('',*,*,#586,.F.);
#779=ORIENTED_EDGE('',*,*,#585,.T.);
#780=ORIENTED_EDGE('',*,*,#565,.F.);
#781=ORIENTED_EDGE('',*,*,#587,.F.);
#782=ORIENTED_EDGE('',*,*,#588,.F.);
#783=ORIENTED_EDGE('',*,*,#587,.T.);
#784=ORIENTED_EDGE('',*,*,#564,.F.);
#785=ORIENTED_EDGE('',*,*,#576,.F.);
#786=ORIENTED_EDGE('',*,*,#549,.T.);
#787=ORIENTED_EDGE('',*,*,#556,.T.);
#788=ORIENTED_EDGE('',*,*,#584,.T.);
#789=ORIENTED_EDGE('',*,*,#586,.T.);
#790=ORIENTED_EDGE('',*,*,#588,.T.);
#791=ORIENTED_EDGE('',*,*,#575,.T.);
#792=ORIENTED_EDGE('',*,*,#568,.T.);
#793=ORIENTED_EDGE('',*,*,#589,.F.);
#794=ORIENTED_EDGE('',*,*,#590,.F.);
#795=ORIENTED_EDGE('',*,*,#591,.F.);
#796=ORIENTED_EDGE('',*,*,#592,.F.);
#797=ORIENTED_EDGE('',*,*,#593,.F.);
#798=ORIENTED_EDGE('',*,*,#594,.T.);
#799=ORIENTED_EDGE('',*,*,#595,.T.);
#800=ORIENTED_EDGE('',*,*,#589,.T.);
#801=ORIENTED_EDGE('',*,*,#567,.F.);
#802=ORIENTED_EDGE('',*,*,#596,.T.);
#803=ORIENTED_EDGE('',*,*,#597,.T.);
#804=ORIENTED_EDGE('',*,*,#594,.F.);
#805=ORIENTED_EDGE('',*,*,#572,.T.);
#806=ORIENTED_EDGE('',*,*,#598,.T.);
#807=ORIENTED_EDGE('',*,*,#599,.F.);
#808=ORIENTED_EDGE('',*,*,#600,.F.);
#809=ORIENTED_EDGE('',*,*,#601,.F.);
#810=ORIENTED_EDGE('',*,*,#602,.T.);
#811=ORIENTED_EDGE('',*,*,#603,.F.);
#812=ORIENTED_EDGE('',*,*,#602,.F.);
#813=ORIENTED_EDGE('',*,*,#604,.F.);
#814=ORIENTED_EDGE('',*,*,#605,.T.);
#815=ORIENTED_EDGE('',*,*,#606,.F.);
#816=ORIENTED_EDGE('',*,*,#605,.F.);
#817=ORIENTED_EDGE('',*,*,#607,.F.);
#818=ORIENTED_EDGE('',*,*,#608,.T.);
#819=ORIENTED_EDGE('',*,*,#609,.F.);
#820=ORIENTED_EDGE('',*,*,#608,.F.);
#821=ORIENTED_EDGE('',*,*,#610,.F.);
#822=ORIENTED_EDGE('',*,*,#611,.T.);
#823=ORIENTED_EDGE('',*,*,#612,.F.);
#824=ORIENTED_EDGE('',*,*,#611,.F.);
#825=ORIENTED_EDGE('',*,*,#613,.F.);
#826=ORIENTED_EDGE('',*,*,#614,.T.);
#827=ORIENTED_EDGE('',*,*,#615,.F.);
#828=ORIENTED_EDGE('',*,*,#614,.F.);
#829=ORIENTED_EDGE('',*,*,#616,.F.);
#830=ORIENTED_EDGE('',*,*,#617,.T.);
#831=ORIENTED_EDGE('',*,*,#618,.F.);
#832=ORIENTED_EDGE('',*,*,#617,.F.);
#833=ORIENTED_EDGE('',*,*,#619,.F.);
#834=ORIENTED_EDGE('',*,*,#620,.T.);
#835=ORIENTED_EDGE('',*,*,#621,.F.);
#836=ORIENTED_EDGE('',*,*,#620,.F.);
#837=ORIENTED_EDGE('',*,*,#622,.F.);
#838=ORIENTED_EDGE('',*,*,#600,.T.);
#839=ORIENTED_EDGE('',*,*,#623,.F.);
#840=ORIENTED_EDGE('',*,*,#624,.F.);
#841=ORIENTED_EDGE('',*,*,#625,.T.);
#842=ORIENTED_EDGE('',*,*,#626,.F.);
#843=ORIENTED_EDGE('',*,*,#627,.F.);
#844=ORIENTED_EDGE('',*,*,#628,.F.);
#845=ORIENTED_EDGE('',*,*,#629,.F.);
#846=ORIENTED_EDGE('',*,*,#625,.F.);
#847=ORIENTED_EDGE('',*,*,#630,.F.);
#848=ORIENTED_EDGE('',*,*,#631,.T.);
#849=ORIENTED_EDGE('',*,*,#632,.F.);
#850=ORIENTED_EDGE('',*,*,#633,.F.);
#851=ORIENTED_EDGE('',*,*,#634,.F.);
#852=ORIENTED_EDGE('',*,*,#635,.F.);
#853=ORIENTED_EDGE('',*,*,#631,.F.);
#854=ORIENTED_EDGE('',*,*,#636,.F.);
#855=ORIENTED_EDGE('',*,*,#632,.T.);
#856=ORIENTED_EDGE('',*,*,#637,.T.);
#857=ORIENTED_EDGE('',*,*,#638,.T.);
#858=ORIENTED_EDGE('',*,*,#639,.T.);
#859=ORIENTED_EDGE('',*,*,#640,.T.);
#860=ORIENTED_EDGE('',*,*,#641,.T.);
#861=ORIENTED_EDGE('',*,*,#642,.T.);
#862=ORIENTED_EDGE('',*,*,#643,.T.);
#863=ORIENTED_EDGE('',*,*,#644,.T.);
#864=ORIENTED_EDGE('',*,*,#645,.T.);
#865=ORIENTED_EDGE('',*,*,#623,.T.);
#866=ORIENTED_EDGE('',*,*,#646,.T.);
#867=ORIENTED_EDGE('',*,*,#647,.T.);
#868=ORIENTED_EDGE('',*,*,#648,.T.);
#869=ORIENTED_EDGE('',*,*,#649,.F.);
#870=ORIENTED_EDGE('',*,*,#650,.T.);
#871=ORIENTED_EDGE('',*,*,#651,.F.);
#872=ORIENTED_EDGE('',*,*,#652,.T.);
#873=ORIENTED_EDGE('',*,*,#653,.T.);
#874=ORIENTED_EDGE('',*,*,#654,.T.);
#875=ORIENTED_EDGE('',*,*,#628,.T.);
#876=ORIENTED_EDGE('',*,*,#655,.F.);
#877=ORIENTED_EDGE('',*,*,#656,.F.);
#878=ORIENTED_EDGE('',*,*,#646,.F.);
#879=ORIENTED_EDGE('',*,*,#633,.T.);
#880=ORIENTED_EDGE('',*,*,#654,.F.);
#881=ORIENTED_EDGE('',*,*,#657,.T.);
#882=ORIENTED_EDGE('',*,*,#658,.F.);
#883=ORIENTED_EDGE('',*,*,#636,.T.);
#884=ORIENTED_EDGE('',*,*,#630,.T.);
#885=ORIENTED_EDGE('',*,*,#624,.T.);
#886=ORIENTED_EDGE('',*,*,#645,.F.);
#887=ORIENTED_EDGE('',*,*,#659,.T.);
#888=ORIENTED_EDGE('',*,*,#660,.F.);
#889=ORIENTED_EDGE('',*,*,#661,.F.);
#890=ORIENTED_EDGE('',*,*,#637,.F.);
#891=ORIENTED_EDGE('',*,*,#613,.T.);
#892=ORIENTED_EDGE('',*,*,#610,.T.);
#893=ORIENTED_EDGE('',*,*,#607,.T.);
#894=ORIENTED_EDGE('',*,*,#604,.T.);
#895=ORIENTED_EDGE('',*,*,#601,.T.);
#896=ORIENTED_EDGE('',*,*,#622,.T.);
#897=ORIENTED_EDGE('',*,*,#619,.T.);
#898=ORIENTED_EDGE('',*,*,#616,.T.);
#899=ORIENTED_EDGE('',*,*,#649,.T.);
#900=ORIENTED_EDGE('',*,*,#662,.T.);
#901=ORIENTED_EDGE('',*,*,#663,.F.);
#902=ORIENTED_EDGE('',*,*,#664,.F.);
#903=ORIENTED_EDGE('',*,*,#650,.F.);
#904=ORIENTED_EDGE('',*,*,#664,.T.);
#905=ORIENTED_EDGE('',*,*,#665,.F.);
#906=ORIENTED_EDGE('',*,*,#666,.F.);
#907=ORIENTED_EDGE('',*,*,#651,.T.);
#908=ORIENTED_EDGE('',*,*,#666,.T.);
#909=ORIENTED_EDGE('',*,*,#667,.F.);
#910=ORIENTED_EDGE('',*,*,#668,.F.);
#911=ORIENTED_EDGE('',*,*,#652,.F.);
#912=ORIENTED_EDGE('',*,*,#668,.T.);
#913=ORIENTED_EDGE('',*,*,#669,.F.);
#914=ORIENTED_EDGE('',*,*,#670,.F.);
#915=ORIENTED_EDGE('',*,*,#634,.T.);
#916=ORIENTED_EDGE('',*,*,#658,.T.);
#917=ORIENTED_EDGE('',*,*,#671,.T.);
#918=ORIENTED_EDGE('',*,*,#669,.T.);
#919=ORIENTED_EDGE('',*,*,#667,.T.);
#920=ORIENTED_EDGE('',*,*,#665,.T.);
#921=ORIENTED_EDGE('',*,*,#663,.T.);
#922=ORIENTED_EDGE('',*,*,#672,.T.);
#923=ORIENTED_EDGE('',*,*,#673,.T.);
#924=ORIENTED_EDGE('',*,*,#655,.T.);
#925=ORIENTED_EDGE('',*,*,#627,.T.);
#926=ORIENTED_EDGE('',*,*,#674,.F.);
#927=ORIENTED_EDGE('',*,*,#675,.F.);
#928=ORIENTED_EDGE('',*,*,#596,.F.);
#929=ORIENTED_EDGE('',*,*,#598,.F.);
#930=ORIENTED_EDGE('',*,*,#571,.T.);
#931=ORIENTED_EDGE('',*,*,#574,.F.);
#932=ORIENTED_EDGE('',*,*,#583,.F.);
#933=ORIENTED_EDGE('',*,*,#581,.F.);
#934=ORIENTED_EDGE('',*,*,#579,.F.);
#935=ORIENTED_EDGE('',*,*,#577,.F.);
#936=ORIENTED_EDGE('',*,*,#552,.F.);
#937=ORIENTED_EDGE('',*,*,#676,.F.);
#938=ORIENTED_EDGE('',*,*,#677,.F.);
#939=ORIENTED_EDGE('',*,*,#678,.F.);
#940=ORIENTED_EDGE('',*,*,#679,.F.);
#941=ORIENTED_EDGE('',*,*,#648,.F.);
#942=ORIENTED_EDGE('',*,*,#680,.T.);
#943=ORIENTED_EDGE('',*,*,#672,.F.);
#944=ORIENTED_EDGE('',*,*,#662,.F.);
#945=ORIENTED_EDGE('',*,*,#647,.F.);
#946=ORIENTED_EDGE('',*,*,#656,.T.);
#947=ORIENTED_EDGE('',*,*,#673,.F.);
#948=ORIENTED_EDGE('',*,*,#680,.F.);
#949=ORIENTED_EDGE('',*,*,#653,.F.);
#950=ORIENTED_EDGE('',*,*,#670,.T.);
#951=ORIENTED_EDGE('',*,*,#671,.F.);
#952=ORIENTED_EDGE('',*,*,#657,.F.);
#953=ORIENTED_EDGE('',*,*,#675,.T.);
#954=ORIENTED_EDGE('',*,*,#681,.T.);
#955=ORIENTED_EDGE('',*,*,#682,.F.);
#956=ORIENTED_EDGE('',*,*,#597,.F.);
#957=ORIENTED_EDGE('',*,*,#635,.T.);
#958=ORIENTED_EDGE('',*,*,#679,.T.);
#959=ORIENTED_EDGE('',*,*,#683,.T.);
#960=ORIENTED_EDGE('',*,*,#684,.F.);
#961=ORIENTED_EDGE('',*,*,#681,.F.);
#962=ORIENTED_EDGE('',*,*,#674,.T.);
#963=ORIENTED_EDGE('',*,*,#626,.T.);
#964=ORIENTED_EDGE('',*,*,#629,.T.);
#965=ORIENTED_EDGE('',*,*,#612,.T.);
#966=ORIENTED_EDGE('',*,*,#615,.T.);
#967=ORIENTED_EDGE('',*,*,#618,.T.);
#968=ORIENTED_EDGE('',*,*,#621,.T.);
#969=ORIENTED_EDGE('',*,*,#599,.T.);
#970=ORIENTED_EDGE('',*,*,#603,.T.);
#971=ORIENTED_EDGE('',*,*,#606,.T.);
#972=ORIENTED_EDGE('',*,*,#609,.T.);
#973=ORIENTED_EDGE('',*,*,#685,.T.);
#974=ORIENTED_EDGE('',*,*,#660,.T.);
#975=ORIENTED_EDGE('',*,*,#686,.T.);
#976=ORIENTED_EDGE('',*,*,#687,.T.);
#977=ORIENTED_EDGE('',*,*,#688,.T.);
#978=ORIENTED_EDGE('',*,*,#689,.T.);
#979=ORIENTED_EDGE('',*,*,#686,.F.);
#980=ORIENTED_EDGE('',*,*,#690,.T.);
#981=ORIENTED_EDGE('',*,*,#691,.T.);
#982=ORIENTED_EDGE('',*,*,#692,.T.);
#983=ORIENTED_EDGE('',*,*,#688,.F.);
#984=ORIENTED_EDGE('',*,*,#693,.T.);
#985=ORIENTED_EDGE('',*,*,#694,.T.);
#986=ORIENTED_EDGE('',*,*,#695,.T.);
#987=ORIENTED_EDGE('',*,*,#691,.F.);
#988=ORIENTED_EDGE('',*,*,#696,.T.);
#989=ORIENTED_EDGE('',*,*,#697,.T.);
#990=ORIENTED_EDGE('',*,*,#698,.T.);
#991=ORIENTED_EDGE('',*,*,#694,.F.);
#992=ORIENTED_EDGE('',*,*,#699,.T.);
#993=ORIENTED_EDGE('',*,*,#700,.T.);
#994=ORIENTED_EDGE('',*,*,#701,.T.);
#995=ORIENTED_EDGE('',*,*,#697,.F.);
#996=ORIENTED_EDGE('',*,*,#702,.T.);
#997=ORIENTED_EDGE('',*,*,#703,.T.);
#998=ORIENTED_EDGE('',*,*,#704,.T.);
#999=ORIENTED_EDGE('',*,*,#700,.F.);
#1000=ORIENTED_EDGE('',*,*,#705,.T.);
#1001=ORIENTED_EDGE('',*,*,#685,.F.);
#1002=ORIENTED_EDGE('',*,*,#706,.T.);
#1003=ORIENTED_EDGE('',*,*,#703,.F.);
#1004=ORIENTED_EDGE('',*,*,#707,.T.);
#1005=ORIENTED_EDGE('',*,*,#696,.F.);
#1006=ORIENTED_EDGE('',*,*,#708,.F.);
#1007=ORIENTED_EDGE('',*,*,#642,.F.);
#1008=ORIENTED_EDGE('',*,*,#709,.T.);
#1009=ORIENTED_EDGE('',*,*,#693,.F.);
#1010=ORIENTED_EDGE('',*,*,#710,.F.);
#1011=ORIENTED_EDGE('',*,*,#643,.F.);
#1012=ORIENTED_EDGE('',*,*,#708,.T.);
#1013=ORIENTED_EDGE('',*,*,#690,.F.);
#1014=ORIENTED_EDGE('',*,*,#659,.F.);
#1015=ORIENTED_EDGE('',*,*,#644,.F.);
#1016=ORIENTED_EDGE('',*,*,#710,.T.);
#1017=ORIENTED_EDGE('',*,*,#687,.F.);
#1018=ORIENTED_EDGE('',*,*,#689,.F.);
#1019=ORIENTED_EDGE('',*,*,#692,.F.);
#1020=ORIENTED_EDGE('',*,*,#695,.F.);
#1021=ORIENTED_EDGE('',*,*,#698,.F.);
#1022=ORIENTED_EDGE('',*,*,#701,.F.);
#1023=ORIENTED_EDGE('',*,*,#704,.F.);
#1024=ORIENTED_EDGE('',*,*,#706,.F.);
#1025=ORIENTED_EDGE('',*,*,#593,.T.);
#1026=ORIENTED_EDGE('',*,*,#711,.T.);
#1027=ORIENTED_EDGE('',*,*,#712,.T.);
#1028=ORIENTED_EDGE('',*,*,#550,.T.);
#1029=ORIENTED_EDGE('',*,*,#713,.T.);
#1030=ORIENTED_EDGE('',*,*,#714,.T.);
#1031=ORIENTED_EDGE('',*,*,#711,.F.);
#1032=ORIENTED_EDGE('',*,*,#592,.T.);
#1033=ORIENTED_EDGE('',*,*,#715,.T.);
#1034=ORIENTED_EDGE('',*,*,#684,.T.);
#1035=ORIENTED_EDGE('',*,*,#713,.F.);
#1036=ORIENTED_EDGE('',*,*,#591,.T.);
#1037=ORIENTED_EDGE('',*,*,#595,.F.);
#1038=ORIENTED_EDGE('',*,*,#682,.T.);
#1039=ORIENTED_EDGE('',*,*,#715,.F.);
#1040=ORIENTED_EDGE('',*,*,#590,.T.);
#1041=ORIENTED_EDGE('',*,*,#678,.T.);
#1042=ORIENTED_EDGE('',*,*,#716,.T.);
#1043=ORIENTED_EDGE('',*,*,#714,.F.);
#1044=ORIENTED_EDGE('',*,*,#683,.F.);
#1045=ORIENTED_EDGE('',*,*,#705,.F.);
#1046=ORIENTED_EDGE('',*,*,#717,.F.);
#1047=ORIENTED_EDGE('',*,*,#639,.F.);
#1048=ORIENTED_EDGE('',*,*,#718,.T.);
#1049=ORIENTED_EDGE('',*,*,#707,.F.);
#1050=ORIENTED_EDGE('',*,*,#718,.F.);
#1051=ORIENTED_EDGE('',*,*,#638,.F.);
#1052=ORIENTED_EDGE('',*,*,#661,.T.);
#1053=ORIENTED_EDGE('',*,*,#702,.F.);
#1054=ORIENTED_EDGE('',*,*,#719,.F.);
#1055=ORIENTED_EDGE('',*,*,#640,.F.);
#1056=ORIENTED_EDGE('',*,*,#717,.T.);
#1057=ORIENTED_EDGE('',*,*,#699,.F.);
#1058=ORIENTED_EDGE('',*,*,#709,.F.);
#1059=ORIENTED_EDGE('',*,*,#641,.F.);
#1060=ORIENTED_EDGE('',*,*,#719,.T.);
#1061=ORIENTED_EDGE('',*,*,#712,.F.);
#1062=ORIENTED_EDGE('',*,*,#716,.F.);
#1063=ORIENTED_EDGE('',*,*,#677,.T.);
#1064=ORIENTED_EDGE('',*,*,#676,.T.);
#1065=ORIENTED_EDGE('',*,*,#551,.F.);
#1066=CYLINDRICAL_SURFACE('',#1170,3.);
#1067=CYLINDRICAL_SURFACE('',#1180,3.);
#1068=CYLINDRICAL_SURFACE('',#1187,2.48999999999999);
#1069=CYLINDRICAL_SURFACE('',#1189,2.49);
#1070=CYLINDRICAL_SURFACE('',#1190,0.799999999999992);
#1071=CYLINDRICAL_SURFACE('',#1193,0.800000000000001);
#1072=CYLINDRICAL_SURFACE('',#1198,1.5);
#1073=CYLINDRICAL_SURFACE('',#1202,3.25);
#1074=CYLINDRICAL_SURFACE('',#1206,3.25);
#1075=CYLINDRICAL_SURFACE('',#1210,3.25);
#1076=CYLINDRICAL_SURFACE('',#1214,3.25);
#1077=CYLINDRICAL_SURFACE('',#1223,3.95);
#1078=CYLINDRICAL_SURFACE('',#1225,3.95);
#1079=CYLINDRICAL_SURFACE('',#1228,3.95);
#1080=CYLINDRICAL_SURFACE('',#1229,3.95);
#1081=CYLINDRICAL_SURFACE('',#1230,2.5);
#1082=CYLINDRICAL_SURFACE('',#1233,4.);
#1083=CYLINDRICAL_SURFACE('',#1239,4.);
#1084=CYLINDRICAL_SURFACE('',#1244,4.);
#1085=CYLINDRICAL_SURFACE('',#1249,4.);
#1086=CYLINDRICAL_SURFACE('',#1253,5.);
#1087=CYLINDRICAL_SURFACE('',#1255,5.);
#1088=CYLINDRICAL_SURFACE('',#1257,1.5);
#1089=CYLINDRICAL_SURFACE('',#1261,1.5);
#1090=CYLINDRICAL_SURFACE('',#1263,2.5);
#1091=CYLINDRICAL_SURFACE('',#1265,5.);
#1092=CYLINDRICAL_SURFACE('',#1266,5.);
#1093=ADVANCED_FACE('',(#53),#1066,.T.);
#1094=ADVANCED_FACE('',(#54),#25,.T.);
#1095=ADVANCED_FACE('',(#55),#26,.T.);
#1096=ADVANCED_FACE('',(#56),#1067,.T.);
#1097=ADVANCED_FACE('',(#57),#27,.T.);
#1098=ADVANCED_FACE('',(#58),#28,.T.);
#1099=ADVANCED_FACE('',(#59),#29,.T.);
#1100=ADVANCED_FACE('',(#60),#1068,.T.);
#1101=ADVANCED_FACE('',(#61),#30,.T.);
#1102=ADVANCED_FACE('',(#62),#1069,.T.);
#1103=ADVANCED_FACE('',(#63),#1070,.F.);
#1104=ADVANCED_FACE('',(#64),#31,.T.);
#1105=ADVANCED_FACE('',(#65),#1071,.F.);
#1106=ADVANCED_FACE('',(#66),#32,.F.);
#1107=ADVANCED_FACE('',(#67),#1072,.F.);
#1108=ADVANCED_FACE('',(#68),#33,.T.);
#1109=ADVANCED_FACE('',(#69),#34,.F.);
#1110=ADVANCED_FACE('',(#70),#1073,.F.);
#1111=ADVANCED_FACE('',(#71),#35,.F.);
#1112=ADVANCED_FACE('',(#72),#1074,.F.);
#1113=ADVANCED_FACE('',(#73),#36,.F.);
#1114=ADVANCED_FACE('',(#74),#1075,.F.);
#1115=ADVANCED_FACE('',(#75),#37,.F.);
#1116=ADVANCED_FACE('',(#76),#1076,.F.);
#1117=ADVANCED_FACE('',(#77),#38,.F.);
#1118=ADVANCED_FACE('',(#78),#39,.F.);
#1119=ADVANCED_FACE('',(#79),#40,.F.);
#1120=ADVANCED_FACE('',(#80),#17,.T.);
#1121=ADVANCED_FACE('',(#81),#41,.F.);
#1122=ADVANCED_FACE('',(#82),#42,.F.);
#1123=ADVANCED_FACE('',(#83,#15),#43,.T.);
#1124=ADVANCED_FACE('',(#84),#1077,.F.);
#1125=ADVANCED_FACE('',(#85),#44,.F.);
#1126=ADVANCED_FACE('',(#86),#1078,.F.);
#1127=ADVANCED_FACE('',(#87),#45,.F.);
#1128=ADVANCED_FACE('',(#88),#18,.T.);
#1129=ADVANCED_FACE('',(#89),#46,.F.);
#1130=ADVANCED_FACE('',(#90),#1079,.F.);
#1131=ADVANCED_FACE('',(#91),#1080,.F.);
#1132=ADVANCED_FACE('',(#92),#1081,.F.);
#1133=ADVANCED_FACE('',(#93,#16),#47,.T.);
#1134=ADVANCED_FACE('',(#94),#1082,.T.);
#1135=ADVANCED_FACE('',(#95),#19,.F.);
#1136=ADVANCED_FACE('',(#96),#1083,.T.);
#1137=ADVANCED_FACE('',(#97),#20,.F.);
#1138=ADVANCED_FACE('',(#98),#1084,.T.);
#1139=ADVANCED_FACE('',(#99),#21,.F.);
#1140=ADVANCED_FACE('',(#100),#1085,.T.);
#1141=ADVANCED_FACE('',(#101),#22,.F.);
#1142=ADVANCED_FACE('',(#102),#1086,.T.);
#1143=ADVANCED_FACE('',(#103),#48,.T.);
#1144=ADVANCED_FACE('',(#104),#1087,.T.);
#1145=ADVANCED_FACE('',(#105),#49,.T.);
#1146=ADVANCED_FACE('',(#106),#1088,.F.);
#1147=ADVANCED_FACE('',(#107),#23,.T.);
#1148=ADVANCED_FACE('',(#108),#1089,.F.);
#1149=ADVANCED_FACE('',(#109),#24,.T.);
#1150=ADVANCED_FACE('',(#110),#1090,.F.);
#1151=ADVANCED_FACE('',(#111),#50,.T.);
#1152=ADVANCED_FACE('',(#112),#1091,.T.);
#1153=ADVANCED_FACE('',(#113),#1092,.T.);
#1154=ADVANCED_FACE('',(#114),#51,.T.);
#1155=ADVANCED_FACE('',(#115),#52,.T.);
#1156=CLOSED_SHELL('',(#1093,#1094,#1095,#1096,#1097,#1098,#1099,#1100,
#1101,#1102,#1103,#1104,#1105,#1106,#1107,#1108,#1109,#1110,#1111,#1112,
#1113,#1114,#1115,#1116,#1117,#1118,#1119,#1120,#1121,#1122,#1123,#1124,
#1125,#1126,#1127,#1128,#1129,#1130,#1131,#1132,#1133,#1134,#1135,#1136,
#1137,#1138,#1139,#1140,#1141,#1142,#1143,#1144,#1145,#1146,#1147,#1148,
#1149,#1150,#1151,#1152,#1153,#1154,#1155));
#1157=DERIVED_UNIT_ELEMENT(#1159,1.);
#1158=DERIVED_UNIT_ELEMENT(#3773,-3.);
#1159=(
MASS_UNIT()
NAMED_UNIT(*)
SI_UNIT(.KILO.,.GRAM.)
);
#1160=DERIVED_UNIT((#1157,#1158));
#1161=MEASURE_REPRESENTATION_ITEM('density measure',
POSITIVE_RATIO_MEASURE(7850.),#1160);
#1162=PROPERTY_DEFINITION_REPRESENTATION(#1167,#1164);
#1163=PROPERTY_DEFINITION_REPRESENTATION(#1168,#1165);
#1164=REPRESENTATION('material name',(#1166),#3770);
#1165=REPRESENTATION('density',(#1161),#3770);
#1166=DESCRIPTIVE_REPRESENTATION_ITEM('Steel','Steel');
#1167=PROPERTY_DEFINITION('material property','material name',#3780);
#1168=PROPERTY_DEFINITION('material property','density of part',#3780);
#1169=AXIS2_PLACEMENT_3D('',#1550,#1269,#1270);
#1170=AXIS2_PLACEMENT_3D('',#1551,#1271,#1272);
#1171=AXIS2_PLACEMENT_3D('',#1556,#1274,#1275);
#1172=AXIS2_PLACEMENT_3D('',#1571,#1277,#1278);
#1173=AXIS2_PLACEMENT_3D('',#1577,#1279,#1280);
#1174=AXIS2_PLACEMENT_3D('',#1578,#1281,#1282);
#1175=AXIS2_PLACEMENT_3D('',#1584,#1286,#1287);
#1176=AXIS2_PLACEMENT_3D('',#1588,#1289,#1290);
#1177=AXIS2_PLACEMENT_3D('',#1592,#1292,#1293);
#1178=AXIS2_PLACEMENT_3D('',#1600,#1297,#1298);
#1179=AXIS2_PLACEMENT_3D('',#1603,#1300,#1301);
#1180=AXIS2_PLACEMENT_3D('',#1604,#1302,#1303);
#1181=AXIS2_PLACEMENT_3D('',#1619,#1305,#1306);
#1182=AXIS2_PLACEMENT_3D('',#1621,#1307,#1308);
#1183=AXIS2_PLACEMENT_3D('',#1627,#1309,#1310);
#1184=AXIS2_PLACEMENT_3D('',#1628,#1311,#1312);
#1185=AXIS2_PLACEMENT_3D('',#1637,#1314,#1315);
#1186=AXIS2_PLACEMENT_3D('',#1641,#1318,#1319);
#1187=AXIS2_PLACEMENT_3D('',#1660,#1321,#1322);
#1188=AXIS2_PLACEMENT_3D('',#1677,#1324,#1325);
#1189=AXIS2_PLACEMENT_3D('',#1686,#1327,#1328);
#1190=AXIS2_PLACEMENT_3D('',#1699,#1329,#1330);
#1191=AXIS2_PLACEMENT_3D('',#1701,#1331,#1332);
#1192=AXIS2_PLACEMENT_3D('',#1703,#1334,#1335);
#1193=AXIS2_PLACEMENT_3D('',#1707,#1338,#1339);
#1194=AXIS2_PLACEMENT_3D('',#1708,#1340,#1341);
#1195=AXIS2_PLACEMENT_3D('',#1709,#1342,#1343);
#1196=AXIS2_PLACEMENT_3D('',#1713,#1345,#1346);
#1197=AXIS2_PLACEMENT_3D('',#1717,#1348,#1349);
#1198=AXIS2_PLACEMENT_3D('',#1719,#1351,#1352);
#1199=AXIS2_PLACEMENT_3D('',#1722,#1354,#1355);
#1200=AXIS2_PLACEMENT_3D('',#1723,#1356,#1357);
#1201=AXIS2_PLACEMENT_3D('',#1930,#1359,#1360);
#1202=AXIS2_PLACEMENT_3D('',#1939,#1365,#1366);
#1203=AXIS2_PLACEMENT_3D('',#1941,#1367,#1368);
#1204=AXIS2_PLACEMENT_3D('',#1943,#1369,#1370);
#1205=AXIS2_PLACEMENT_3D('',#1945,#1372,#1373);
#1206=AXIS2_PLACEMENT_3D('',#1951,#1377,#1378);
#1207=AXIS2_PLACEMENT_3D('',#1953,#1379,#1380);
#1208=AXIS2_PLACEMENT_3D('',#1955,#1381,#1382);
#1209=AXIS2_PLACEMENT_3D('',#1957,#1384,#1385);
#1210=AXIS2_PLACEMENT_3D('',#1963,#1389,#1390);
#1211=AXIS2_PLACEMENT_3D('',#1965,#1391,#1392);
#1212=AXIS2_PLACEMENT_3D('',#1967,#1393,#1394);
#1213=AXIS2_PLACEMENT_3D('',#1969,#1396,#1397);
#1214=AXIS2_PLACEMENT_3D('',#1975,#1401,#1402);
#1215=AXIS2_PLACEMENT_3D('',#1976,#1403,#1404);
#1216=AXIS2_PLACEMENT_3D('',#1977,#1405,#1406);
#1217=AXIS2_PLACEMENT_3D('',#1978,#1407,#1408);
#1218=AXIS2_PLACEMENT_3D('',#2003,#1413,#1414);
#1219=AXIS2_PLACEMENT_3D('',#2009,#1418,#1419);
#1220=AXIS2_PLACEMENT_3D('',#2721,#1423,#1424);
#1221=AXIS2_PLACEMENT_3D('',#2728,#1426,#1427);
#1222=AXIS2_PLACEMENT_3D('',#2735,#1429,#1430);
#1223=AXIS2_PLACEMENT_3D('',#2741,#1434,#1435);
#1224=AXIS2_PLACEMENT_3D('',#2758,#1438,#1439);
#1225=AXIS2_PLACEMENT_3D('',#2767,#1441,#1442);
#1226=AXIS2_PLACEMENT_3D('',#2784,#1444,#1445);
#1227=AXIS2_PLACEMENT_3D('',#3636,#1447,#1448);
#1228=AXIS2_PLACEMENT_3D('',#3638,#1450,#1451);
#1229=AXIS2_PLACEMENT_3D('',#3639,#1452,#1453);
#1230=AXIS2_PLACEMENT_3D('',#3640,#1454,#1455);
#1231=AXIS2_PLACEMENT_3D('',#3643,#1457,#1458);
#1232=AXIS2_PLACEMENT_3D('',#3644,#1459,#1460);
#1233=AXIS2_PLACEMENT_3D('',#3648,#1463,#1464);
#1234=AXIS2_PLACEMENT_3D('',#3650,#1465,#1466);
#1235=AXIS2_PLACEMENT_3D('',#3652,#1467,#1468);
#1236=AXIS2_PLACEMENT_3D('',#3665,#1470,#1471);
#1237=AXIS2_PLACEMENT_3D('',#3666,#1472,#1473);
#1238=AXIS2_PLACEMENT_3D('',#3667,#1474,#1475);
#1239=AXIS2_PLACEMENT_3D('',#3668,#1476,#1477);
#1240=AXIS2_PLACEMENT_3D('',#3671,#1478,#1479);
#1241=AXIS2_PLACEMENT_3D('',#3685,#1482,#1483);
#1242=AXIS2_PLACEMENT_3D('',#3686,#1484,#1485);
#1243=AXIS2_PLACEMENT_3D('',#3687,#1486,#1487);
#1244=AXIS2_PLACEMENT_3D('',#3688,#1488,#1489);
#1245=AXIS2_PLACEMENT_3D('',#3691,#1490,#1491);
#1246=AXIS2_PLACEMENT_3D('',#3705,#1494,#1495);
#1247=AXIS2_PLACEMENT_3D('',#3706,#1496,#1497);
#1248=AXIS2_PLACEMENT_3D('',#3707,#1498,#1499);
#1249=AXIS2_PLACEMENT_3D('',#3708,#1500,#1501);
#1250=AXIS2_PLACEMENT_3D('',#3711,#1502,#1503);
#1251=AXIS2_PLACEMENT_3D('',#3723,#1506,#1507);
#1252=AXIS2_PLACEMENT_3D('',#3724,#1508,#1509);
#1253=AXIS2_PLACEMENT_3D('',#3725,#1510,#1511);
#1254=AXIS2_PLACEMENT_3D('',#3728,#1514,#1515);
#1255=AXIS2_PLACEMENT_3D('',#3730,#1517,#1518);
#1256=AXIS2_PLACEMENT_3D('',#3731,#1519,#1520);
#1257=AXIS2_PLACEMENT_3D('',#3732,#1521,#1522);
#1258=AXIS2_PLACEMENT_3D('',#3734,#1523,#1524);
#1259=AXIS2_PLACEMENT_3D('',#3745,#1526,#1527);
#1260=AXIS2_PLACEMENT_3D('',#3746,#1528,#1529);
#1261=AXIS2_PLACEMENT_3D('',#3747,#1530,#1531);
#1262=AXIS2_PLACEMENT_3D('',#3748,#1532,#1533);
#1263=AXIS2_PLACEMENT_3D('',#3758,#1534,#1535);
#1264=AXIS2_PLACEMENT_3D('',#3760,#1537,#1538);
#1265=AXIS2_PLACEMENT_3D('',#3763,#1541,#1542);
#1266=AXIS2_PLACEMENT_3D('',#3764,#1543,#1544);
#1267=AXIS2_PLACEMENT_3D('',#3766,#1546,#1547);
#1268=AXIS2_PLACEMENT_3D('',#3767,#1548,#1549);
#1269=DIRECTION('axis',(0.,0.,1.));
#1270=DIRECTION('refdir',(1.,0.,0.));
#1271=DIRECTION('center_axis',(-4.34135682054674E-30,-1.,1.12931133960766E-15));
#1272=DIRECTION('ref_axis',(0.707106781186548,-1.04672830578918E-15,-0.707106781186547));
#1273=DIRECTION('',(4.34135682054674E-30,1.,-1.12931133960766E-15));
#1274=DIRECTION('center_axis',(-4.67348638098496E-30,-1.,1.48029736616688E-15));
#1275=DIRECTION('ref_axis',(0.707106781186548,-1.04672830578918E-15,-0.707106781186547));
#1276=DIRECTION('',(3.08756936934403E-30,1.,2.13120492167923E-60));
#1277=DIRECTION('center_axis',(3.19141412338861E-31,-1.,2.20288410502253E-61));
#1278=DIRECTION('ref_axis',(0.707106781186548,-1.04672830578918E-15,-0.707106781186547));
#1279=DIRECTION('center_axis',(-4.67348638098496E-30,-1.,1.48029736616688E-15));
#1280=DIRECTION('ref_axis',(0.707106781186548,-1.04672830578918E-15,-0.707106781186547));
#1281=DIRECTION('center_axis',(4.67348638098496E-30,1.,-1.48029736616688E-15));
#1282=DIRECTION('ref_axis',(1.,-3.27271690203272E-30,9.46275735516194E-16));
#1283=DIRECTION('',(1.,-3.27271690203272E-30,9.46275735516194E-16));
#1284=DIRECTION('',(1.11022302462516E-15,-1.48029736616688E-15,-1.));
#1285=DIRECTION('',(-1.,4.67348638098496E-30,-6.90253292068385E-31));
#1286=DIRECTION('center_axis',(9.46275735516194E-16,-1.12931133960766E-15,
-1.));
#1287=DIRECTION('ref_axis',(1.,-3.27271690203272E-30,9.46275735516194E-16));
#1288=DIRECTION('',(1.,-3.27271690203272E-30,9.46275735516194E-16));
#1289=DIRECTION('center_axis',(-9.46275735516194E-16,1.12931133960766E-15,
1.));
#1290=DIRECTION('ref_axis',(-4.73102958855447E-30,-1.,1.48029736616688E-15));
#1291=DIRECTION('',(-7.17719935111217E-16,-1.,1.12931133960766E-15));
#1292=DIRECTION('center_axis',(-9.46275735516194E-16,1.12931133960766E-15,
1.));
#1293=DIRECTION('ref_axis',(-1.,-1.77635683940025E-15,-1.11022302462515E-15));
#1294=DIRECTION('',(-1.,3.27271690203272E-30,-9.46275735516194E-16));
#1295=DIRECTION('',(4.34135682054674E-30,1.,-1.12931133960766E-15));
#1296=DIRECTION('',(-1.,3.27271690203272E-30,-9.46275735516194E-16));
#1297=DIRECTION('center_axis',(-9.46275735516194E-16,1.12931133960766E-15,
1.));
#1298=DIRECTION('ref_axis',(-1.,3.27271690203272E-30,-9.46275735516194E-16));
#1299=DIRECTION('',(-7.17719935111217E-16,-1.,1.12931133960766E-15));
#1300=DIRECTION('center_axis',(-9.46275735516194E-16,1.12931133960766E-15,
1.));
#1301=DIRECTION('ref_axis',(-4.34135682054674E-30,-1.,1.12931133960766E-15));
#1302=DIRECTION('center_axis',(-4.34135682054674E-30,-1.,1.12931133960766E-15));
#1303=DIRECTION('ref_axis',(0.707106781186548,-1.04672830578918E-15,-0.707106781186547));
#1304=DIRECTION('',(3.08756936934403E-30,1.,2.13120492167923E-60));
#1305=DIRECTION('center_axis',(4.67348638098496E-30,1.,-1.48029736616688E-15));
#1306=DIRECTION('ref_axis',(0.707106781186548,-1.04672830578918E-15,-0.707106781186547));
#1307=DIRECTION('center_axis',(4.67348638098496E-30,1.,-1.48029736616688E-15));
#1308=DIRECTION('ref_axis',(0.707106781186548,-1.04672830578918E-15,-0.707106781186547));
#1309=DIRECTION('center_axis',(-3.19141412338861E-31,1.,-2.20288410502253E-61));
#1310=DIRECTION('ref_axis',(0.707106781186548,-1.04672830578918E-15,-0.707106781186547));
#1311=DIRECTION('center_axis',(4.67348638098496E-30,1.,-1.48029736616688E-15));
#1312=DIRECTION('ref_axis',(1.,-3.27271690203272E-30,9.46275735516194E-16));
#1313=DIRECTION('',(1.11022302462516E-15,-1.48029736616688E-15,-1.));
#1314=DIRECTION('center_axis',(-4.67348638098496E-30,-1.,1.48029736616688E-15));
#1315=DIRECTION('ref_axis',(-1.,3.27271690203272E-30,-9.46275735516194E-16));
#1316=DIRECTION('',(1.,-4.67348638098496E-30,6.90253292068385E-31));
#1317=DIRECTION('',(1.11022302462516E-15,-1.48029736616688E-15,-1.));
#1318=DIRECTION('center_axis',(-4.67348638098496E-30,-1.,1.48029736616688E-15));
#1319=DIRECTION('ref_axis',(-1.,3.27271690203272E-30,-9.46275735516194E-16));
#1320=DIRECTION('',(1.11022302462516E-15,-1.48029736616688E-15,-1.));
#1321=DIRECTION('center_axis',(1.11022302462516E-15,-1.48029736616688E-15,
-1.));
#1322=DIRECTION('ref_axis',(-4.73102958855447E-30,-1.,1.48029736616688E-15));
#1323=DIRECTION('',(1.11022302462516E-15,-1.48029736616688E-15,-1.));
#1324=DIRECTION('center_axis',(-1.,7.17719935111215E-16,-1.11022302462516E-15));
#1325=DIRECTION('ref_axis',(7.17719935111217E-16,1.,-1.12931133960766E-15));
#1326=DIRECTION('',(1.11022302462516E-15,-1.48029736616688E-15,-1.));
#1327=DIRECTION('center_axis',(1.11022302462516E-15,-1.48029736616688E-15,
-1.));
#1328=DIRECTION('ref_axis',(-1.,-1.77635683940025E-15,-1.11022302462515E-15));
#1329=DIRECTION('center_axis',(1.11022302462516E-15,-1.48029736616688E-15,
-1.));
#1330=DIRECTION('ref_axis',(-4.73102958855447E-30,-1.,1.48029736616688E-15));
#1331=DIRECTION('center_axis',(6.90253292068385E-31,-6.90893484407556E-77,
-1.));
#1332=DIRECTION('ref_axis',(-4.73102958855447E-30,-1.,1.48029736616688E-15));
#1333=DIRECTION('',(1.11022302462516E-15,-1.48029736616688E-15,-1.));
#1334=DIRECTION('center_axis',(1.,-7.17719935111215E-16,1.11022302462516E-15));
#1335=DIRECTION('ref_axis',(-7.17719935111217E-16,-1.,1.12931133960766E-15));
#1336=DIRECTION('',(7.17719935111215E-16,1.,4.95408547993624E-46));
#1337=DIRECTION('',(1.11022302462516E-15,-1.48029736616688E-15,-1.));
#1338=DIRECTION('center_axis',(1.11022302462516E-15,-1.48029736616688E-15,
-1.));
#1339=DIRECTION('ref_axis',(-1.,3.03002616177452E-30,-1.11022302462516E-15));
#1340=DIRECTION('center_axis',(6.90253292068385E-31,-6.90893484407556E-77,
-1.));
#1341=DIRECTION('ref_axis',(-1.,3.03002616177452E-30,-1.11022302462516E-15));
#1342=DIRECTION('center_axis',(-6.90253292068385E-31,6.90893484407556E-77,
1.));
#1343=DIRECTION('ref_axis',(-1.,-3.19141412338861E-31,-6.90253292068385E-31));
#1344=DIRECTION('',(-1.,-3.19141412338861E-31,-6.90253292068385E-31));
#1345=DIRECTION('center_axis',(-6.90253292068385E-31,6.90893484407556E-77,
1.));
#1346=DIRECTION('ref_axis',(0.707106781186547,0.707106781186548,4.88082783557893E-31));
#1347=DIRECTION('',(8.97149918889012E-17,1.,6.19260684992026E-47));
#1348=DIRECTION('center_axis',(-6.90253292068385E-31,6.90893484407556E-77,
1.));
#1349=DIRECTION('ref_axis',(0.707106781186548,-0.707106781186548,4.88082783557894E-31));
#1350=DIRECTION('',(1.,3.19141412338861E-31,6.90253292068385E-31));
#1351=DIRECTION('center_axis',(-1.,-3.19141412338861E-31,-6.90253292068385E-31));
#1352=DIRECTION('ref_axis',(-7.13749840380155E-31,0.707106781186546,0.707106781186549));
#1353=DIRECTION('',(1.,3.19141412338861E-31,6.90253292068385E-31));
#1354=DIRECTION('center_axis',(1.,-2.96059473233375E-15,6.90253292068385E-31));
#1355=DIRECTION('ref_axis',(2.96059473233375E-15,1.,2.04356026047369E-45));
#1356=DIRECTION('center_axis',(3.19141412338861E-31,-1.,2.20288410502253E-61));
#1357=DIRECTION('ref_axis',(1.,3.19141412338861E-31,6.90253292068385E-31));
#1358=DIRECTION('',(-6.90253292068385E-31,6.90893484407556E-77,1.));
#1359=DIRECTION('center_axis',(-3.19141412338861E-31,1.,-2.20288410502253E-61));
#1360=DIRECTION('ref_axis',(6.90253292068385E-31,-6.90893484407556E-77,
-1.));
#1361=DIRECTION('',(-6.90253292068385E-31,6.90893484407556E-77,1.));
#1362=DIRECTION('',(-1.,-3.19141412338861E-31,-6.90253292068385E-31));
#1363=DIRECTION('',(6.90253292068385E-31,-6.90893484407556E-77,-1.));
#1364=DIRECTION('',(-1.,-3.19141412338861E-31,-6.90253292068385E-31));
#1365=DIRECTION('center_axis',(-1.,-3.19141412338861E-31,-6.90253292068385E-31));
#1366=DIRECTION('ref_axis',(-3.19141412338861E-31,1.,-2.20288410502253E-61));
#1367=DIRECTION('center_axis',(1.,-8.97149918889012E-17,6.90253292068385E-31));
#1368=DIRECTION('ref_axis',(-3.19141412338861E-31,1.,-2.20288410502253E-61));
#1369=DIRECTION('center_axis',(-1.,8.97149918889012E-17,-6.90253292068385E-31));
#1370=DIRECTION('ref_axis',(-3.19141412338861E-31,1.,-2.20288410502253E-61));
#1371=DIRECTION('',(-1.,-3.19141412338861E-31,-6.90253292068385E-31));
#1372=DIRECTION('center_axis',(-6.90253292068385E-31,6.90893484407556E-77,
1.));
#1373=DIRECTION('ref_axis',(-3.19141412338861E-31,1.,-2.20288410502253E-61));
#1374=DIRECTION('',(-8.97149918889012E-17,-1.,-6.19260684992026E-47));
#1375=DIRECTION('',(8.97149918889012E-17,1.,6.19260684992026E-47));
#1376=DIRECTION('',(-1.,-3.19141412338861E-31,-6.90253292068385E-31));
#1377=DIRECTION('center_axis',(-1.,-3.19141412338861E-31,-6.90253292068385E-31));
#1378=DIRECTION('ref_axis',(-6.90253292068386E-31,6.83214169000097E-16,
1.));
#1379=DIRECTION('center_axis',(1.,-8.97149918889012E-17,6.90253292068385E-31));
#1380=DIRECTION('ref_axis',(-6.90253292068386E-31,6.83214169000097E-16,
1.));
#1381=DIRECTION('center_axis',(-1.,8.97149918889012E-17,-6.90253292068385E-31));
#1382=DIRECTION('ref_axis',(-6.90253292068386E-31,6.83214169000097E-16,
1.));
#1383=DIRECTION('',(-1.,-3.19141412338861E-31,-6.90253292068385E-31));
#1384=DIRECTION('center_axis',(3.19141412338861E-31,-1.,2.20288410502253E-61));
#1385=DIRECTION('ref_axis',(-6.90253292068385E-31,6.90893484407556E-77,
1.));
#1386=DIRECTION('',(6.90253292068385E-31,-6.90893484407556E-77,-1.));
#1387=DIRECTION('',(-6.90253292068385E-31,6.90893484407556E-77,1.));
#1388=DIRECTION('',(-1.,-3.19141412338861E-31,-6.90253292068385E-31));
#1389=DIRECTION('center_axis',(-1.,-3.19141412338861E-31,-6.90253292068385E-31));
#1390=DIRECTION('ref_axis',(3.19141412338861E-31,-1.,1.70803542250024E-16));
#1391=DIRECTION('center_axis',(1.,-8.97149918889012E-17,6.90253292068385E-31));
#1392=DIRECTION('ref_axis',(3.19141412338861E-31,-1.,1.70803542250024E-16));
#1393=DIRECTION('center_axis',(-1.,8.97149918889012E-17,-6.90253292068385E-31));
#1394=DIRECTION('ref_axis',(3.19141412338861E-31,-1.,1.70803542250024E-16));
#1395=DIRECTION('',(-1.,-3.19141412338861E-31,-6.90253292068385E-31));
#1396=DIRECTION('center_axis',(6.90253292068385E-31,-7.93016446160826E-17,
-1.));
#1397=DIRECTION('ref_axis',(3.19141412338861E-31,-1.,7.93016446160826E-17));
#1398=DIRECTION('',(8.97149918889012E-17,1.,-7.93016446160826E-17));
#1399=DIRECTION('',(-8.97149918889012E-17,-1.,7.93016446160826E-17));
#1400=DIRECTION('',(-1.,-3.19141412338861E-31,-6.90253292068385E-31));
#1401=DIRECTION('center_axis',(-1.,-3.19141412338861E-31,-6.90253292068385E-31));
#1402=DIRECTION('ref_axis',(6.90253292068386E-31,-3.41607084500048E-16,
-1.));
#1403=DIRECTION('center_axis',(1.,-8.97149918889012E-17,6.90253292068385E-31));
#1404=DIRECTION('ref_axis',(6.90253292068386E-31,-3.41607084500048E-16,
-1.));
#1405=DIRECTION('center_axis',(-1.,8.97149918889012E-17,-6.90253292068385E-31));
#1406=DIRECTION('ref_axis',(6.90253292068386E-31,-3.41607084500048E-16,
-1.));
#1407=DIRECTION('center_axis',(-3.19141412338861E-31,1.,-2.20288410502253E-61));
#1408=DIRECTION('ref_axis',(6.90253292068385E-31,-6.90893484407556E-77,
-1.));
#1409=DIRECTION('',(6.90253292068385E-31,-6.90893484407556E-77,-1.));
#1410=DIRECTION('',(-1.,-3.19141412338861E-31,-6.90253292068385E-31));
#1411=DIRECTION('',(-6.90253292068385E-31,6.90893484407556E-77,1.));
#1412=DIRECTION('',(-6.90253292068385E-31,6.90893484407556E-77,1.));
#1413=DIRECTION('center_axis',(-6.90253292068385E-31,6.90893484407556E-77,
1.));
#1414=DIRECTION('ref_axis',(-3.19141412338861E-31,1.,-2.20288410502253E-61));
#1415=DIRECTION('',(-8.97149918889012E-17,-1.,-6.19260684992026E-47));
#1416=DIRECTION('',(8.97149918889012E-17,1.,6.19260684992026E-47));
#1417=DIRECTION('',(-1.,-3.19141412338861E-31,-6.90253292068385E-31));
#1418=DIRECTION('center_axis',(3.19141412338861E-31,-1.,2.20288410502253E-61));
#1419=DIRECTION('ref_axis',(-6.90253292068385E-31,6.90893484407556E-77,
1.));
#1420=DIRECTION('',(6.90253292068385E-31,-6.90893484407556E-77,-1.));
#1421=DIRECTION('',(6.90253292068385E-31,-6.90893484407556E-77,-1.));
#1422=DIRECTION('',(-6.90253292068385E-31,6.90893484407556E-77,1.));
#1423=DIRECTION('center_axis',(1.,-8.97149918889012E-17,6.90253292068385E-31));
#1424=DIRECTION('ref_axis',(8.97149918889012E-17,1.,6.19260684992026E-47));
#1425=DIRECTION('',(-6.90253292068385E-31,6.90893484407556E-77,1.));
#1426=DIRECTION('center_axis',(1.,-8.97149918889012E-17,6.90253292068385E-31));
#1427=DIRECTION('ref_axis',(8.97149918889012E-17,1.,6.19260684992026E-47));
#1428=DIRECTION('',(-6.90253292068385E-31,6.90893484407556E-77,1.));
#1429=DIRECTION('center_axis',(1.,-8.97149918889012E-17,6.90253292068385E-31));
#1430=DIRECTION('ref_axis',(8.97149918889012E-17,1.,6.19260684992026E-47));
#1431=DIRECTION('',(-6.90253292068385E-31,6.90893484407556E-77,1.));
#1432=DIRECTION('',(8.97149918889012E-17,1.,6.19260684992026E-47));
#1433=DIRECTION('',(-6.90253292068385E-31,6.90893484407556E-77,1.));
#1434=DIRECTION('center_axis',(-6.90253292068385E-31,6.90893484407556E-77,
1.));
#1435=DIRECTION('ref_axis',(1.1842378929335E-15,1.,8.17424104189476E-46));
#1436=DIRECTION('',(-6.90253292068385E-31,6.90893484407556E-77,1.));
#1437=DIRECTION('',(-6.90253292068385E-31,6.90893484407556E-77,1.));
#1438=DIRECTION('center_axis',(-1.,-8.97149918889019E-17,-6.90253292068385E-31));
#1439=DIRECTION('ref_axis',(8.97149918889019E-17,-1.,6.1926068499203E-47));
#1440=DIRECTION('',(-6.90253292068385E-31,6.90893484407556E-77,1.));
#1441=DIRECTION('center_axis',(-6.90253292068385E-31,6.90893484407556E-77,
1.));
#1442=DIRECTION('ref_axis',(-1.,-3.19141412338861E-31,-6.90253292068385E-31));
#1443=DIRECTION('',(-6.90253292068385E-31,6.90893484407556E-77,1.));
#1444=DIRECTION('center_axis',(3.19141412338861E-31,-1.,2.20288410502253E-61));
#1445=DIRECTION('ref_axis',(1.,3.19141412338861E-31,6.90253292068385E-31));
#1446=DIRECTION('',(-6.90253292068385E-31,6.90893484407556E-77,1.));
#1447=DIRECTION('center_axis',(-3.19141412338861E-31,1.,-2.20288410502253E-61));
#1448=DIRECTION('ref_axis',(-1.,-3.19141412338861E-31,-6.90253292068385E-31));
#1449=DIRECTION('',(-6.90253292068385E-31,6.90893484407556E-77,1.));
#1450=DIRECTION('center_axis',(-6.90253292068385E-31,6.90893484407556E-77,
1.));
#1451=DIRECTION('ref_axis',(1.,3.19141412338861E-31,6.90253292068385E-31));
#1452=DIRECTION('center_axis',(-6.90253292068385E-31,6.90893484407556E-77,
1.));
#1453=DIRECTION('ref_axis',(-1.1842378929335E-15,-1.,-8.17424104189477E-46));
#1454=DIRECTION('center_axis',(-6.90253292068385E-31,6.90893484407556E-77,
1.));
#1455=DIRECTION('ref_axis',(1.,3.19141412338861E-31,6.90253292068385E-31));
#1456=DIRECTION('',(-6.90253292068385E-31,6.90893484407556E-77,1.));
#1457=DIRECTION('center_axis',(6.90253292068385E-31,-6.90893484407556E-77,
-1.));
#1458=DIRECTION('ref_axis',(0.707106781186547,0.707106781186548,4.88082783557893E-31));
#1459=DIRECTION('center_axis',(-1.,8.97149918889012E-17,-6.90253292068385E-31));
#1460=DIRECTION('ref_axis',(-8.97149918889012E-17,-1.,-6.19260684992026E-47));
#1461=DIRECTION('',(-6.90253292068385E-31,6.90893484407556E-77,1.));
#1462=DIRECTION('',(-8.97149918889012E-17,-1.,-6.19260684992026E-47));
#1463=DIRECTION('center_axis',(8.97149918889012E-17,1.,6.19260684992026E-47));
#1464=DIRECTION('ref_axis',(0.707106781186548,2.25667056822261E-31,0.707106781186547));
#1465=DIRECTION('center_axis',(-3.19141412338861E-31,1.,-2.20288410502253E-61));
#1466=DIRECTION('ref_axis',(-6.90253292068385E-31,6.90893484407556E-77,
1.));
#1467=DIRECTION('center_axis',(3.19141412338861E-31,-1.,2.20288410502253E-61));
#1468=DIRECTION('ref_axis',(1.,3.19141412338861E-31,6.90253292068385E-31));
#1469=DIRECTION('',(-8.97149918889012E-17,-1.,-6.19260684992026E-47));
#1470=DIRECTION('center_axis',(1.,1.11022302462516E-15,6.90253292068385E-31));
#1471=DIRECTION('ref_axis',(-1.11022302462516E-15,1.,-7.66335097677634E-46));
#1472=DIRECTION('center_axis',(6.90253292068385E-31,-6.90893484407556E-77,
-1.));
#1473=DIRECTION('ref_axis',(0.707106781186547,0.707106781186548,4.88082783557893E-31));
#1474=DIRECTION('center_axis',(-6.90253292068385E-31,6.90893484407556E-77,
1.));
#1475=DIRECTION('ref_axis',(0.707106781186547,0.707106781186548,4.88082783557894E-31));
#1476=DIRECTION('center_axis',(-1.,-3.19141412338861E-31,-6.90253292068385E-31));
#1477=DIRECTION('ref_axis',(-7.13749840380155E-31,0.707106781186547,0.707106781186548));
#1478=DIRECTION('center_axis',(1.,-1.11022302462516E-15,6.90253292068385E-31));
#1479=DIRECTION('ref_axis',(1.11022302462516E-15,1.,7.66335097677634E-46));
#1480=DIRECTION('',(1.,3.19141412338861E-31,6.90253292068385E-31));
#1481=DIRECTION('',(-1.,-3.19141412338861E-31,-6.90253292068385E-31));
#1482=DIRECTION('center_axis',(-3.19141412338861E-31,1.,-2.20288410502253E-61));
#1483=DIRECTION('ref_axis',(-1.,-3.19141412338861E-31,-6.90253292068385E-31));
#1484=DIRECTION('center_axis',(6.90253292068385E-31,-6.90893484407556E-77,
-1.));
#1485=DIRECTION('ref_axis',(-0.707106781186547,0.707106781186548,-4.88082783557893E-31));
#1486=DIRECTION('center_axis',(-6.90253292068385E-31,6.90893484407556E-77,
1.));
#1487=DIRECTION('ref_axis',(-0.707106781186547,0.707106781186548,-4.88082783557894E-31));
#1488=DIRECTION('center_axis',(8.97149918889019E-17,-1.,6.1926068499203E-47));
#1489=DIRECTION('ref_axis',(-0.707106781186547,-2.25667056822261E-31,0.707106781186548));
#1490=DIRECTION('center_axis',(-3.19141412338861E-31,1.,-2.20288410502253E-61));
#1491=DIRECTION('ref_axis',(-1.,-3.19141412338861E-31,-6.90253292068385E-31));
#1492=DIRECTION('',(-8.97149918889019E-17,1.,-6.1926068499203E-47));
#1493=DIRECTION('',(8.97149918889019E-17,-1.,6.1926068499203E-47));
#1494=DIRECTION('center_axis',(-1.,-2.22044604925031E-15,-6.90253292068385E-31));
#1495=DIRECTION('ref_axis',(2.22044604925031E-15,-1.,1.53267019535527E-45));
#1496=DIRECTION('center_axis',(6.90253292068385E-31,-6.90893484407556E-77,
-1.));
#1497=DIRECTION('ref_axis',(-0.707106781186547,-0.707106781186548,-4.88082783557893E-31));
#1498=DIRECTION('center_axis',(-6.90253292068385E-31,6.90893484407556E-77,
1.));
#1499=DIRECTION('ref_axis',(-0.707106781186547,-0.707106781186548,-4.88082783557893E-31));
#1500=DIRECTION('center_axis',(1.,3.19141412338861E-31,6.90253292068385E-31));
#1501=DIRECTION('ref_axis',(-2.62415726735633E-31,-0.707106781186548,0.707106781186547));
#1502=DIRECTION('center_axis',(-1.,1.11022302462516E-15,-6.90253292068385E-31));
#1503=DIRECTION('ref_axis',(-1.11022302462516E-15,-1.,-7.66335097677634E-46));
#1504=DIRECTION('',(-1.,-3.19141412338861E-31,-6.90253292068385E-31));
#1505=DIRECTION('',(1.,3.19141412338861E-31,6.90253292068385E-31));
#1506=DIRECTION('center_axis',(6.90253292068385E-31,-6.90893484407556E-77,
-1.));
#1507=DIRECTION('ref_axis',(0.707106781186548,-0.707106781186548,4.88082783557894E-31));
#1508=DIRECTION('center_axis',(-6.90253292068385E-31,6.90893484407556E-77,
1.));
#1509=DIRECTION('ref_axis',(0.707106781186548,-0.707106781186548,4.88082783557894E-31));
#1510=DIRECTION('center_axis',(-6.90253292068385E-31,6.90893484407556E-77,
1.));
#1511=DIRECTION('ref_axis',(1.77635683940025E-15,1.,1.22613615628421E-45));
#1512=DIRECTION('',(-6.90253292068385E-31,6.90893484407556E-77,1.));
#1513=DIRECTION('',(-6.90253292068385E-31,6.90893484407556E-77,1.));
#1514=DIRECTION('center_axis',(-3.19141412338861E-31,1.,-2.20288410502253E-61));
#1515=DIRECTION('ref_axis',(-1.,-3.19141412338861E-31,-6.90253292068385E-31));
#1516=DIRECTION('',(-6.90253292068385E-31,6.90893484407556E-77,1.));
#1517=DIRECTION('center_axis',(-6.90253292068385E-31,6.90893484407556E-77,
1.));
#1518=DIRECTION('ref_axis',(1.,3.19141412338861E-31,6.90253292068385E-31));
#1519=DIRECTION('center_axis',(-6.90253292068385E-31,6.90893484407556E-77,
1.));
#1520=DIRECTION('ref_axis',(-1.,-3.19141412338861E-31,-6.90253292068385E-31));
#1521=DIRECTION('center_axis',(1.,3.19141412338861E-31,6.90253292068385E-31));
#1522=DIRECTION('ref_axis',(-2.62415726735632E-31,-0.707106781186548,0.707106781186547));
#1523=DIRECTION('center_axis',(1.,3.19141412338861E-31,6.90253292068385E-31));
#1524=DIRECTION('ref_axis',(-6.90253292068385E-31,6.90893484407556E-77,
1.));
#1525=DIRECTION('',(-1.,-3.19141412338861E-31,-6.90253292068385E-31));
#1526=DIRECTION('center_axis',(-2.96059473233374E-15,1.,-2.04356026047369E-45));
#1527=DIRECTION('ref_axis',(-6.90253292068385E-31,6.90893484407556E-77,
1.));
#1528=DIRECTION('center_axis',(6.90253292068385E-31,-6.90893484407556E-77,
-1.));
#1529=DIRECTION('ref_axis',(0.707106781186548,-0.707106781186548,4.88082783557894E-31));
#1530=DIRECTION('center_axis',(8.97149918889012E-17,1.,6.19260684992026E-47));
#1531=DIRECTION('ref_axis',(0.707106781186548,2.25667056822261E-31,0.707106781186547));
#1532=DIRECTION('center_axis',(-3.19141412338861E-31,1.,-2.20288410502253E-61));
#1533=DIRECTION('ref_axis',(-6.90253292068385E-31,6.90893484407556E-77,
1.));
#1534=DIRECTION('center_axis',(-6.90253292068385E-31,6.90893484407556E-77,
1.));
#1535=DIRECTION('ref_axis',(-1.77635683940025E-15,-1.,-1.22613615628422E-45));
#1536=DIRECTION('',(-6.90253292068385E-31,6.90893484407556E-77,1.));
#1537=DIRECTION('center_axis',(3.19141412338861E-31,-1.,2.20288410502253E-61));
#1538=DIRECTION('ref_axis',(1.,3.19141412338861E-31,6.90253292068385E-31));
#1539=DIRECTION('',(-6.90253292068385E-31,6.90893484407556E-77,1.));
#1540=DIRECTION('',(-6.90253292068385E-31,6.90893484407556E-77,1.));
#1541=DIRECTION('center_axis',(-6.90253292068385E-31,6.90893484407556E-77,
1.));
#1542=DIRECTION('ref_axis',(-1.77635683940025E-15,-1.,-1.22613615628422E-45));
#1543=DIRECTION('center_axis',(-6.90253292068385E-31,6.90893484407556E-77,
1.));
#1544=DIRECTION('ref_axis',(-1.,-3.19141412338861E-31,-6.90253292068385E-31));
#1545=DIRECTION('',(-6.90253292068385E-31,6.90893484407556E-77,1.));
#1546=DIRECTION('center_axis',(-1.,-8.97149918889019E-17,-6.90253292068385E-31));
#1547=DIRECTION('ref_axis',(8.97149918889019E-17,-1.,6.1926068499203E-47));
#1548=DIRECTION('center_axis',(-3.19141412338861E-31,1.,-2.20288410502253E-61));
#1549=DIRECTION('ref_axis',(-1.,-3.19141412338861E-31,-6.90253292068385E-31));
#1550=CARTESIAN_POINT('',(0.,0.,0.));
#1551=CARTESIAN_POINT('Origin',(-8.00000007655236,-12.6030024584803,11.2356498933793));
#1552=CARTESIAN_POINT('',(-8.00000007655236,-27.0680024584803,8.23564989337929));
#1553=CARTESIAN_POINT('',(-8.00000007655236,-25.3780024584803,8.23564989337929));
#1554=CARTESIAN_POINT('',(-8.00000007655236,-12.6030024584803,8.23564989337927));
#1555=CARTESIAN_POINT('',(-5.00000007655236,-25.3780024584803,11.2356498933793));
#1556=CARTESIAN_POINT('Origin',(-8.00000007655236,-25.3780024584803,11.2356498933793));
#1557=CARTESIAN_POINT('',(-5.00000007655236,-25.5780024584803,11.2356498933793));
#1558=CARTESIAN_POINT('',(-5.00000007655236,-12.6030024584803,11.2356498933793));
#1559=CARTESIAN_POINT('',(-5.40192386519906,-27.0780024584803,9.73564989337927));
#1560=CARTESIAN_POINT('Ctrl Pts',(-5.40192386519906,-27.0780024584803,9.73564989337927));
#1561=CARTESIAN_POINT('Ctrl Pts',(-5.30206381691226,-27.0780024584803,9.90861257065828));
#1562=CARTESIAN_POINT('Ctrl Pts',(-5.21440042251134,-27.0457804221699,10.1046219013288));
#1563=CARTESIAN_POINT('Ctrl Pts',(-5.09044180690118,-26.8965892097555,10.4785104605951));
#1564=CARTESIAN_POINT('Ctrl Pts',(-5.05313783040422,-26.7791185808639,10.6558541145553));
#1565=CARTESIAN_POINT('Ctrl Pts',(-5.01270205813605,-26.5059827451201,10.9289899502991));
#1566=CARTESIAN_POINT('Ctrl Pts',(-5.00511076663545,-26.3375106032005,11.0445380717866));
#1567=CARTESIAN_POINT('Ctrl Pts',(-4.99925720436151,-25.9678415468646,11.197862748452));
#1568=CARTESIAN_POINT('Ctrl Pts',(-5.00000007655236,-25.76666544755,11.2356498933793));
#1569=CARTESIAN_POINT('Ctrl Pts',(-5.00000007655236,-25.5780024584803,11.2356498933793));
#1570=CARTESIAN_POINT('',(-7.82269756662145,-27.0780024584802,8.24089383987974));
#1571=CARTESIAN_POINT('Origin',(-8.00000007655236,-27.0780024584802,11.2356498933793));
#1572=CARTESIAN_POINT('',(-7.82269756662145,-27.0680024584803,8.24089383987974));
#1573=CARTESIAN_POINT('Ctrl Pts',(-7.82269756662148,-27.0780024584802,8.24089383987975));
#1574=CARTESIAN_POINT('Ctrl Pts',(-7.82269756662148,-27.0746691251469,8.24089383987975));
#1575=CARTESIAN_POINT('Ctrl Pts',(-7.82269756662148,-27.0713357918136,8.24089383987975));
#1576=CARTESIAN_POINT('Ctrl Pts',(-7.82269756662148,-27.0680024584803,8.24089383987975));
#1577=CARTESIAN_POINT('Origin',(-8.00000007655236,-27.0680024584803,11.2356498933793));
#1578=CARTESIAN_POINT('Origin',(-26.849463194247,-25.3780024584803,11.2356498933793));
#1579=CARTESIAN_POINT('',(-26.849463194247,-25.3780024584803,8.23564989337927));
#1580=CARTESIAN_POINT('',(28.650536805753,-25.3780024584803,8.23564989337932));
#1581=CARTESIAN_POINT('',(-26.849463194247,-25.3780024584803,11.2356498933793));
#1582=CARTESIAN_POINT('',(-26.849463194247,-25.3780024584803,11.2356498933793));
#1583=CARTESIAN_POINT('',(-12.974463194247,-25.3780024584803,11.2356498933793));
#1584=CARTESIAN_POINT('Origin',(-17.1747316353997,0.171997541519731,8.23564989337925));
#1585=CARTESIAN_POINT('',(-26.849463194247,-27.0680024584803,8.23564989337927));
#1586=CARTESIAN_POINT('',(-11.087365855976,-27.0680024584803,8.23564989337929));
#1587=CARTESIAN_POINT('',(-29.339463194247,-24.5780024584803,8.23564989337927));
#1588=CARTESIAN_POINT('Origin',(-26.849463194247,-24.5780024584803,8.23564989337928));
#1589=CARTESIAN_POINT('',(-29.3394631942469,24.9219975415197,8.23564989337921));
#1590=CARTESIAN_POINT('',(-29.3394631942469,-12.2030024584803,8.23564989337925));
#1591=CARTESIAN_POINT('',(-26.8494631942469,27.4119975415197,8.23564989337921));
#1592=CARTESIAN_POINT('Origin',(-26.8494631942469,24.9219975415197,8.2356498933792));
#1593=CARTESIAN_POINT('',(-8.00000007655236,27.4119975415197,8.23564989337923));
#1594=CARTESIAN_POINT('',(-22.0120974148233,27.4119975415197,8.23564989337921));
#1595=CARTESIAN_POINT('',(-8.00000007655236,25.7219975415197,8.23564989337923));
#1596=CARTESIAN_POINT('',(-8.00000007655236,13.7969975415197,8.23564989337924));
#1597=CARTESIAN_POINT('',(-26.8494631942469,25.7219975415197,8.23564989337921));
#1598=CARTESIAN_POINT('',(-26.8494631942469,25.7219975415197,8.23564989337921));
#1599=CARTESIAN_POINT('',(-27.6494631942469,24.9219975415197,8.23564989337921));
#1600=CARTESIAN_POINT('Origin',(-26.8494631942469,24.9219975415197,8.23564989337921));
#1601=CARTESIAN_POINT('',(-27.649463194247,-24.5780024584803,8.23564989337927));
#1602=CARTESIAN_POINT('',(-27.649463194247,-24.5780024584803,8.23564989337927));
#1603=CARTESIAN_POINT('Origin',(-26.849463194247,-24.5780024584803,8.23564989337927));
#1604=CARTESIAN_POINT('Origin',(-8.00000007655236,13.7969975415197,11.2356498933792));
#1605=CARTESIAN_POINT('',(-5.40192386519903,27.4219975415197,9.73564989337926));
#1606=CARTESIAN_POINT('',(-5.00000007655236,25.9219975415197,11.2356498933792));
#1607=CARTESIAN_POINT('Ctrl Pts',(-5.00000007655236,25.9219975415197,11.2356498933793));
#1608=CARTESIAN_POINT('Ctrl Pts',(-5.00000007655236,26.1106605305895,11.2356498933793));
#1609=CARTESIAN_POINT('Ctrl Pts',(-4.99925720436151,26.3118366299041,11.197862748452));
#1610=CARTESIAN_POINT('Ctrl Pts',(-5.00511076663545,26.68150568624,11.0445380717866));
#1611=CARTESIAN_POINT('Ctrl Pts',(-5.01270205813604,26.8499778281595,10.9289899502991));
#1612=CARTESIAN_POINT('Ctrl Pts',(-5.05313783040421,27.1231136639033,10.6558541145553));
#1613=CARTESIAN_POINT('Ctrl Pts',(-5.09044180690117,27.240584292795,10.4785104605951));
#1614=CARTESIAN_POINT('Ctrl Pts',(-5.21440042251131,27.3897755052094,10.1046219013288));
#1615=CARTESIAN_POINT('Ctrl Pts',(-5.30206381691223,27.4219975415197,9.90861257065829));
#1616=CARTESIAN_POINT('Ctrl Pts',(-5.40192386519902,27.4219975415197,9.73564989337927));
#1617=CARTESIAN_POINT('',(-5.00000007655236,25.7219975415197,11.2356498933792));
#1618=CARTESIAN_POINT('',(-5.00000007655236,13.7969975415197,11.2356498933793));
#1619=CARTESIAN_POINT('Origin',(-8.00000007655236,25.7219975415197,11.2356498933792));
#1620=CARTESIAN_POINT('',(-7.82269756662127,27.4119975415197,8.24089383987969));
#1621=CARTESIAN_POINT('Origin',(-8.00000007655236,27.4119975415197,11.2356498933792));
#1622=CARTESIAN_POINT('',(-7.82269756662127,27.4219975415198,8.24089383987969));
#1623=CARTESIAN_POINT('Ctrl Pts',(-7.82269756662129,27.4219975415197,8.2408938398797));
#1624=CARTESIAN_POINT('Ctrl Pts',(-7.82269756662129,27.4186642081864,8.2408938398797));
#1625=CARTESIAN_POINT('Ctrl Pts',(-7.82269756662129,27.4153308748531,8.24089383987969));
#1626=CARTESIAN_POINT('Ctrl Pts',(-7.82269756662129,27.4119975415197,8.24089383987969));
#1627=CARTESIAN_POINT('Origin',(-8.00000007655236,27.4219975415198,11.2356498933792));
#1628=CARTESIAN_POINT('Origin',(-26.8494631942469,27.4119975415197,11.2356498933792));
#1629=CARTESIAN_POINT('',(-26.8494631942469,27.4119975415197,9.04558196746467));
#1630=CARTESIAN_POINT('',(-26.8494631942469,27.4119975415197,11.2356498933792));
#1631=CARTESIAN_POINT('Ctrl Pts',(-7.82269756662086,27.4119975415197,8.24089383987958));
#1632=CARTESIAN_POINT('Ctrl Pts',(-11.3298653161898,27.4119975415197,9.17586307271543));
#1633=CARTESIAN_POINT('Ctrl Pts',(-14.5241561876014,27.4119975415197,9.06582211754609));
#1634=CARTESIAN_POINT('Ctrl Pts',(-21.0405610671522,27.4119975415197,9.02806434350349));
#1635=CARTESIAN_POINT('Ctrl Pts',(-22.8524461950495,27.4119975415197,9.03678643896044));
#1636=CARTESIAN_POINT('Ctrl Pts',(-26.8494631942469,27.4119975415197,9.04558196746467));
#1637=CARTESIAN_POINT('Origin',(-5.00000007655236,25.7219975415197,11.2356498933792));
#1638=CARTESIAN_POINT('',(-26.8494631942469,25.7219975415197,11.2356498933792));
#1639=CARTESIAN_POINT('',(-2.04973163539965,25.7219975415197,11.2356498933793));
#1640=CARTESIAN_POINT('',(-26.8494631942469,25.7219975415197,11.2356498933792));
#1641=CARTESIAN_POINT('Origin',(-5.00000007655236,-27.0680024584803,11.2356498933793));
#1642=CARTESIAN_POINT('',(-26.849463194247,-27.0680024584803,9.04558196746467));
#1643=CARTESIAN_POINT('Ctrl Pts',(-26.849463194247,-27.0680024584803,9.04558196746467));
#1644=CARTESIAN_POINT('Ctrl Pts',(-24.4883968185073,-27.0680024584803,9.04038638620685));
#1645=CARTESIAN_POINT('Ctrl Pts',(-22.827987972507,-27.0680024584803,9.03558715711456));
#1646=CARTESIAN_POINT('Ctrl Pts',(-21.2215064543557,-27.0680024584803,9.03524034848367));
#1647=CARTESIAN_POINT('Ctrl Pts',(-20.2454133360616,-27.0680024584803,9.0350296286502));
#1648=CARTESIAN_POINT('Ctrl Pts',(-19.3709250113364,-27.0680024584803,9.03729192084385));
#1649=CARTESIAN_POINT('Ctrl Pts',(-18.6413285843865,-27.0680024584803,9.0420395571598));
#1650=CARTESIAN_POINT('Ctrl Pts',(-15.269661661121,-27.0680024584803,9.06397969795392));
#1651=CARTESIAN_POINT('Ctrl Pts',(-14.4598476639576,-27.0680024584803,9.09641643004126));
#1652=CARTESIAN_POINT('Ctrl Pts',(-12.6388891837706,-27.0680024584803,8.98492603648772));
#1653=CARTESIAN_POINT('Ctrl Pts',(-12.1082486232705,-27.0680024584803,8.95243692398497));
#1654=CARTESIAN_POINT('Ctrl Pts',(-11.5833838186119,-27.0680024584803,8.90700716155736));
#1655=CARTESIAN_POINT('Ctrl Pts',(-11.0890489050374,-27.0680024584803,8.85034114237073));
#1656=CARTESIAN_POINT('Ctrl Pts',(-9.88701264020484,-27.0680024584803,8.71255073312474));
#1657=CARTESIAN_POINT('Ctrl Pts',(-8.81247277092071,-27.0680024584803,8.50475614403022));
#1658=CARTESIAN_POINT('Ctrl Pts',(-7.82269756662145,-27.0680024584803,8.24089383987974));
#1659=CARTESIAN_POINT('',(-26.849463194247,-27.0680024584803,11.2356498933793));
#1660=CARTESIAN_POINT('Origin',(-26.849463194247,-24.5780024584803,11.2356498933793));
#1661=CARTESIAN_POINT('',(-29.3394631942471,-24.5780024584803,9.05068534474742));
#1662=CARTESIAN_POINT('Ctrl Pts',(-29.3394631942469,-24.5780024584803,9.05068534474742));
#1663=CARTESIAN_POINT('Ctrl Pts',(-29.3394631942469,-24.675759851076,9.05068534474742));
#1664=CARTESIAN_POINT('Ctrl Pts',(-29.3337064200112,-24.7736267502402,9.05067457730391));
#1665=CARTESIAN_POINT('Ctrl Pts',(-29.285678877405,-25.1788154381414,9.05058455020071));
#1666=CARTESIAN_POINT('Ctrl Pts',(-29.192079555764,-25.4770417256211,9.05040941746842));
#1667=CARTESIAN_POINT('Ctrl Pts',(-28.9051871137635,-26.0145812776335,9.0498593216808));
#1668=CARTESIAN_POINT('Ctrl Pts',(-28.7176989443951,-26.2511595325783,9.04949531065847));
#1669=CARTESIAN_POINT('Ctrl Pts',(-28.282657240671,-26.6332973637632,9.04862514753798));
#1670=CARTESIAN_POINT('Ctrl Pts',(-28.0429929337277,-26.7811295469391,9.04813582309753));
#1671=CARTESIAN_POINT('Ctrl Pts',(-27.5840719270877,-26.9669112694344,9.04717344650944));
#1672=CARTESIAN_POINT('Ctrl Pts',(-27.374675533331,-27.0215014368013,9.04672650422029));
#1673=CARTESIAN_POINT('Ctrl Pts',(-27.0574799290567,-27.061485960678,9.04603822500443));
#1674=CARTESIAN_POINT('Ctrl Pts',(-26.9534698782342,-27.0680024584803,9.04581083658227));
#1675=CARTESIAN_POINT('Ctrl Pts',(-26.849463194247,-27.0680024584803,9.04558196746467));
#1676=CARTESIAN_POINT('',(-29.339463194247,-24.5780024584803,11.2356498933793));
#1677=CARTESIAN_POINT('Origin',(-29.339463194247,-24.5780024584803,11.2356498933793));
#1678=CARTESIAN_POINT('',(-29.3394631942471,24.9219975415197,9.05068534474742));
#1679=CARTESIAN_POINT('Ctrl Pts',(-29.3394631942469,24.9219975415197,9.05068534474742));
#1680=CARTESIAN_POINT('Ctrl Pts',(-29.3394631942469,16.2969975415197,9.05068534474742));
#1681=CARTESIAN_POINT('Ctrl Pts',(-29.3394631942469,7.67199754151972,9.05068534474742));
#1682=CARTESIAN_POINT('Ctrl Pts',(-29.3394631942469,-8.82800245848027,9.05068534474742));
#1683=CARTESIAN_POINT('Ctrl Pts',(-29.3394631942469,-16.7030024584803,9.05068534474742));
#1684=CARTESIAN_POINT('Ctrl Pts',(-29.3394631942469,-24.5780024584803,9.05068534474742));
#1685=CARTESIAN_POINT('',(-29.3394631942469,24.9219975415197,11.2356498933792));
#1686=CARTESIAN_POINT('Origin',(-26.8494631942469,24.9219975415197,11.2356498933792));
#1687=CARTESIAN_POINT('Ctrl Pts',(-26.8494631942469,27.4119975415197,9.04558196746467));
#1688=CARTESIAN_POINT('Ctrl Pts',(-27.0161519478635,27.4119975415197,9.04594876992862));
#1689=CARTESIAN_POINT('Ctrl Pts',(-27.1825253363091,27.3952592681322,9.04631101288719));
#1690=CARTESIAN_POINT('Ctrl Pts',(-27.5685490536426,27.3166925050045,9.04714084911023));
#1691=CARTESIAN_POINT('Ctrl Pts',(-27.7837957234404,27.2411937857692,9.04759495334222));
#1692=CARTESIAN_POINT('Ctrl Pts',(-28.2586138801187,26.9976634611408,9.04857817200195));
#1693=CARTESIAN_POINT('Ctrl Pts',(-28.5032389417307,26.8085607115698,9.04906941445036));
#1694=CARTESIAN_POINT('Ctrl Pts',(-28.9260914594077,26.334671791683,9.04990188338917));
#1695=CARTESIAN_POINT('Ctrl Pts',(-29.0941621635469,26.048656391648,9.05022239170631));
#1696=CARTESIAN_POINT('Ctrl Pts',(-29.2930658535109,25.4754459803354,9.05059898017278));
#1697=CARTESIAN_POINT('Ctrl Pts',(-29.3394631942469,25.1995095958208,9.05068534474742));
#1698=CARTESIAN_POINT('Ctrl Pts',(-29.3394631942469,24.9219975415197,9.05068534474742));
#1699=CARTESIAN_POINT('Origin',(-26.849463194247,-24.5780024584803,11.2356498933793));
#1700=CARTESIAN_POINT('',(-27.649463194247,-24.5780024584803,11.2356498933793));
#1701=CARTESIAN_POINT('Origin',(-26.849463194247,-24.5780024584803,11.2356498933793));
#1702=CARTESIAN_POINT('',(-27.649463194247,-24.5780024584803,11.2356498933793));
#1703=CARTESIAN_POINT('Origin',(-27.6494631942469,24.9219975415197,11.2356498933792));
#1704=CARTESIAN_POINT('',(-27.6494631942469,24.9219975415197,11.2356498933792));
#1705=CARTESIAN_POINT('',(-27.6494631942469,12.5469975415197,11.2356498933793));
#1706=CARTESIAN_POINT('',(-27.6494631942469,24.9219975415197,11.2356498933792));
#1707=CARTESIAN_POINT('Origin',(-26.8494631942469,24.9219975415197,11.2356498933792));
#1708=CARTESIAN_POINT('Origin',(-26.8494631942469,24.9219975415197,11.2356498933792));
#1709=CARTESIAN_POINT('Origin',(0.900536805753065,0.171997541519733,11.2356498933793));
#1710=CARTESIAN_POINT('',(28.6505368057531,25.9219975415197,11.2356498933793));
#1711=CARTESIAN_POINT('',(-12.9744631942469,25.9219975415197,11.2356498933793));
#1712=CARTESIAN_POINT('',(29.6505368057531,24.9219975415197,11.2356498933793));
#1713=CARTESIAN_POINT('Origin',(28.6505368057531,24.9219975415197,11.2356498933793));
#1714=CARTESIAN_POINT('',(29.6505368057531,-24.5780024584803,11.2356498933793));
#1715=CARTESIAN_POINT('',(29.6505368057531,12.5469975415197,11.2356498933793));
#1716=CARTESIAN_POINT('',(28.6505368057531,-25.5780024584803,11.2356498933793));
#1717=CARTESIAN_POINT('Origin',(28.6505368057531,-24.5780024584803,11.2356498933793));
#1718=CARTESIAN_POINT('',(14.7755368057531,-25.5780024584803,11.2356498933793));
#1719=CARTESIAN_POINT('Origin',(-12.9744631942469,25.9219975415197,9.73564989337927));
#1720=CARTESIAN_POINT('',(28.6505368057531,27.4219975415197,9.73564989337927));
#1721=CARTESIAN_POINT('',(-12.9744631942469,27.4219975415197,9.73564989337927));
#1722=CARTESIAN_POINT('Origin',(28.6505368057531,25.9219975415197,9.73564989337927));
#1723=CARTESIAN_POINT('Origin',(-26.8494631942469,27.4219975415197,-7.76435010662073));
#1724=CARTESIAN_POINT('',(-7.80306529219888,27.4219975415197,8.23564989337923));
#1725=CARTESIAN_POINT('',(28.6505368057531,27.4219975415197,1.05678305899648));
#1726=CARTESIAN_POINT('Ctrl Pts',(-7.80306529217933,27.4219975415197,8.23564989337399));
#1727=CARTESIAN_POINT('Ctrl Pts',(-7.61938264268592,27.4219975415197,8.18649109897102));
#1728=CARTESIAN_POINT('Ctrl Pts',(-7.43569922880351,27.4219975415197,8.13464331204344));
#1729=CARTESIAN_POINT('Ctrl Pts',(-7.25217539559455,27.4219975415197,8.08011121419393));
#1730=CARTESIAN_POINT('Ctrl Pts',(-7.07151912227948,27.4219975415197,8.02643118037332));
#1731=CARTESIAN_POINT('Ctrl Pts',(-6.89101741169733,27.4219975415197,7.97015017538432));
#1732=CARTESIAN_POINT('Ctrl Pts',(-6.71077976553464,27.4219975415197,7.9113123302272));
#1733=CARTESIAN_POINT('Ctrl Pts',(-6.53335833259323,27.4219975415197,7.85339382640066));
#1734=CARTESIAN_POINT('Ctrl Pts',(-6.35619270848927,27.4219975415197,7.79299786280021));
#1735=CARTESIAN_POINT('Ctrl Pts',(-6.1793459271657,27.4219975415197,7.73020370220495));
#1736=CARTESIAN_POINT('Ctrl Pts',(-6.00307743764598,27.4219975415197,7.66761487951932));
#1737=CARTESIAN_POINT('Ctrl Pts',(-5.82712572104274,27.4219975415197,7.60264354654597));
#1738=CARTESIAN_POINT('Ctrl Pts',(-5.65151198919021,27.4219975415197,7.53540456238622));
#1739=CARTESIAN_POINT('Ctrl Pts',(-5.46919803854118,27.4219975415197,7.46560019851058));
#1740=CARTESIAN_POINT('Ctrl Pts',(-5.28724820042452,27.4219975415197,7.39335189027433));
#1741=CARTESIAN_POINT('Ctrl Pts',(-5.10564171023875,27.4219975415197,7.31882763378726));
#1742=CARTESIAN_POINT('Ctrl Pts',(-4.91483999927755,27.4219975415197,7.24053001550668));
#1743=CARTESIAN_POINT('Ctrl Pts',(-4.72441700370707,27.4219975415197,7.15972022506399));
#1744=CARTESIAN_POINT('Ctrl Pts',(-4.53430401097023,27.4219975415197,7.07663480585676));
#1745=CARTESIAN_POINT('Ctrl Pts',(-4.33154166798779,27.4219975415197,6.98802121862311));
#1746=CARTESIAN_POINT('Ctrl Pts',(-4.12913154877305,27.4219975415197,6.89681920570702));
#1747=CARTESIAN_POINT('Ctrl Pts',(-3.92694599244502,27.4219975415197,6.8033607652));
#1748=CARTESIAN_POINT('Ctrl Pts',(-3.7059152576939,27.4219975415197,6.70119131180716));
#1749=CARTESIAN_POINT('Ctrl Pts',(-3.48515220445702,27.4219975415197,6.59632533272692));
#1750=CARTESIAN_POINT('Ctrl Pts',(-3.26444720469849,27.4219975415197,6.48924720759003));
#1751=CARTESIAN_POINT('Ctrl Pts',(-3.0180965179834,27.4219975415197,6.36972671784809));
#1752=CARTESIAN_POINT('Ctrl Pts',(-2.77181688568385,27.4219975415197,6.24745028293937));
#1753=CARTESIAN_POINT('Ctrl Pts',(-2.52528228021208,27.4219975415197,6.12314909292208));
#1754=CARTESIAN_POINT('Ctrl Pts',(-2.24998600835301,27.4219975415197,5.98434645248173));
#1755=CARTESIAN_POINT('Ctrl Pts',(-1.97436894609348,27.4219975415197,5.84301979701937));
#1756=CARTESIAN_POINT('Ctrl Pts',(-1.69796936348237,27.4219975415197,5.70024885224651));
#1757=CARTESIAN_POINT('Ctrl Pts',(-1.44409497624936,27.4219975415197,5.56911303150294));
#1758=CARTESIAN_POINT('Ctrl Pts',(-1.18955825608041,27.4219975415197,5.43676069532068));
#1759=CARTESIAN_POINT('Ctrl Pts',(-0.934032292294171,27.4219975415197,5.30405455680323));
#1760=CARTESIAN_POINT('Ctrl Pts',(-0.706223613162668,27.4219975415197,5.18574325222836));
#1761=CARTESIAN_POINT('Ctrl Pts',(-0.477628061516234,27.4219975415197,5.06715176485137));
#1762=CARTESIAN_POINT('Ctrl Pts',(-0.248056421033647,27.4219975415197,4.94889413693414));
#1763=CARTESIAN_POINT('Ctrl Pts',(-0.035183746058334,27.4219975415197,4.83923852991726));
#1764=CARTESIAN_POINT('Ctrl Pts',(0.178528445914979,27.4219975415197,4.72987055047934));
#1765=CARTESIAN_POINT('Ctrl Pts',(0.39318697635886,27.4219975415197,4.62127170696029));
#1766=CARTESIAN_POINT('Ctrl Pts',(0.596004660764077,27.4219975415197,4.51866331806433));
#1767=CARTESIAN_POINT('Ctrl Pts',(0.799667346615086,27.4219975415197,4.41674191263802));
#1768=CARTESIAN_POINT('Ctrl Pts',(1.00422110705188,27.4219975415197,4.31589981111178));
#1769=CARTESIAN_POINT('Ctrl Pts',(1.19974670766555,27.4219975415197,4.21950846427973));
#1770=CARTESIAN_POINT('Ctrl Pts',(1.39608660657975,27.4219975415197,4.12410350641258));
#1771=CARTESIAN_POINT('Ctrl Pts',(1.59323725328358,27.4219975415197,4.03001026186348));
#1772=CARTESIAN_POINT('Ctrl Pts',(1.78097262624205,27.4219975415197,3.94041060467932));
#1773=CARTESIAN_POINT('Ctrl Pts',(1.96944329434244,27.4219975415197,3.85200051646111));
#1774=CARTESIAN_POINT('Ctrl Pts',(2.15860400189802,27.4219975415197,3.76504205683783));
#1775=CARTESIAN_POINT('Ctrl Pts',(2.3392297754824,27.4219975415197,3.6820071642212));
#1776=CARTESIAN_POINT('Ctrl Pts',(2.5204849469988,27.4219975415197,3.60029595531714));
#1777=CARTESIAN_POINT('Ctrl Pts',(2.70228761604512,27.4219975415197,3.52011725685237));
#1778=CARTESIAN_POINT('Ctrl Pts',(2.87742745719589,27.4219975415197,3.4428770018745));
#1779=CARTESIAN_POINT('Ctrl Pts',(3.0530755829959,27.4219975415197,3.36705906462024));
#1780=CARTESIAN_POINT('Ctrl Pts',(3.22911546791462,27.4219975415197,3.2928305205547));
#1781=CARTESIAN_POINT('Ctrl Pts',(3.39972038427215,27.4219975415197,3.22089367193946));
#1782=CARTESIAN_POINT('Ctrl Pts',(3.57069339682004,27.4219975415197,3.15044965728325));
#1783=CARTESIAN_POINT('Ctrl Pts',(3.74188454917866,27.4219975415197,3.08163071772717));
#1784=CARTESIAN_POINT('Ctrl Pts',(3.90902600016831,27.4219975415197,3.01443976039968));
#1785=CARTESIAN_POINT('Ctrl Pts',(4.07637555054369,27.4219975415197,2.94879797067371));
#1786=CARTESIAN_POINT('Ctrl Pts',(4.24374880088849,27.4219975415197,2.88480821084302));
#1787=CARTESIAN_POINT('Ctrl Pts',(4.4162096203711,27.4219975415197,2.81887338316798));
#1788=CARTESIAN_POINT('Ctrl Pts',(4.58869567317252,27.4219975415197,2.75469272053681));
#1789=CARTESIAN_POINT('Ctrl Pts',(4.76095288378032,27.4219975415197,2.69235456573699));
#1790=CARTESIAN_POINT('Ctrl Pts',(4.94604375307043,27.4219975415197,2.62537203872911));
#1791=CARTESIAN_POINT('Ctrl Pts',(5.13086976870335,27.4219975415197,2.56051703423888));
#1792=CARTESIAN_POINT('Ctrl Pts',(5.31506182796971,27.4219975415197,2.49786837303549));
#1793=CARTESIAN_POINT('Ctrl Pts',(5.51727358922991,27.4219975415197,2.42909072771792));
#1794=CARTESIAN_POINT('Ctrl Pts',(5.71872004116496,27.4219975415197,2.3629726844987));
#1795=CARTESIAN_POINT('Ctrl Pts',(5.91886484572191,27.4219975415197,2.29957691292637));
#1796=CARTESIAN_POINT('Ctrl Pts',(6.13410285412706,27.4219975415197,2.23140037621965));
#1797=CARTESIAN_POINT('Ctrl Pts',(6.34783284744506,27.4219975415197,2.16637252775874));
#1798=CARTESIAN_POINT('Ctrl Pts',(6.55936622974903,27.4219975415197,2.10451893091364));
#1799=CARTESIAN_POINT('Ctrl Pts',(6.75800517027993,27.4219975415197,2.04643574417728));
#1800=CARTESIAN_POINT('Ctrl Pts',(6.9547048119806,27.4219975415197,1.99115094945817));
#1801=CARTESIAN_POINT('Ctrl Pts',(7.14891416905489,27.4219975415197,1.93864546021962));
#1802=CARTESIAN_POINT('Ctrl Pts',(7.33571230759632,27.4219975415197,1.88814363167375));
#1803=CARTESIAN_POINT('Ctrl Pts',(7.52020602547182,27.4219975415197,1.84021259293206));
#1804=CARTESIAN_POINT('Ctrl Pts',(7.70194331603811,27.4219975415197,1.79480448945684));
#1805=CARTESIAN_POINT('Ctrl Pts',(7.87788689159463,27.4219975415197,1.75084397887711));
#1806=CARTESIAN_POINT('Ctrl Pts',(8.05124661275094,27.4219975415197,1.70924777230191));
#1807=CARTESIAN_POINT('Ctrl Pts',(8.22165531784308,27.4219975415197,1.66994846094952));
#1808=CARTESIAN_POINT('Ctrl Pts',(8.38685283049638,27.4219975415197,1.63185094427106));
#1809=CARTESIAN_POINT('Ctrl Pts',(8.54927677471763,27.4219975415197,1.59591171886063));
#1810=CARTESIAN_POINT('Ctrl Pts',(8.7086383977455,27.4219975415197,1.56205080955635));
#1811=CARTESIAN_POINT('Ctrl Pts',(8.86349339747442,27.4219975415197,1.52914746054729));
#1812=CARTESIAN_POINT('Ctrl Pts',(9.01545660808852,27.4219975415197,1.49820632415815));
#1813=CARTESIAN_POINT('Ctrl Pts',(9.16431057009985,27.4219975415197,1.46913973987869));
#1814=CARTESIAN_POINT('Ctrl Pts',(9.30267837825419,27.4219975415197,1.44212077778364));
#1815=CARTESIAN_POINT('Ctrl Pts',(9.438359354643,27.4219975415197,1.41672134085477));
#1816=CARTESIAN_POINT('Ctrl Pts',(9.57122165084145,27.4219975415197,1.39286173044633));
#1817=CARTESIAN_POINT('Ctrl Pts',(9.69142877613892,27.4219975415197,1.37127475460758));
#1818=CARTESIAN_POINT('Ctrl Pts',(9.8093281208603,27.4219975415197,1.35094809100374));
#1819=CARTESIAN_POINT('Ctrl Pts',(9.92486533731181,27.4219975415197,1.33181723795068));
#1820=CARTESIAN_POINT('Ctrl Pts',(10.0330349804351,27.4219975415197,1.31390632049093));
#1821=CARTESIAN_POINT('Ctrl Pts',(10.1391338121463,27.4219975415197,1.29704349187349));
#1822=CARTESIAN_POINT('Ctrl Pts',(10.2431628304244,27.4219975415197,1.28117220974879));
#1823=CARTESIAN_POINT('Ctrl Pts',(10.3421983251565,27.4219975415197,1.26606276910164));
#1824=CARTESIAN_POINT('Ctrl Pts',(10.4393576898755,27.4219975415197,1.25185192096969));
#1825=CARTESIAN_POINT('Ctrl Pts',(10.5346887074242,27.4219975415197,1.23848833747934));
#1826=CARTESIAN_POINT('Ctrl Pts',(10.6263453191526,27.4219975415197,1.22563983533627));
#1827=CARTESIAN_POINT('Ctrl Pts',(10.7163116039633,27.4219975415197,1.21357450960564));
#1828=CARTESIAN_POINT('Ctrl Pts',(10.804677826682,27.4219975415197,1.20224489957198));
#1829=CARTESIAN_POINT('Ctrl Pts',(10.890196626606,27.4219975415197,1.19128036330602));
#1830=CARTESIAN_POINT('Ctrl Pts',(10.9742166478454,27.4219975415197,1.18100486741618));
#1831=CARTESIAN_POINT('Ctrl Pts',(11.0568681314996,27.4219975415197,1.171374051193));
#1832=CARTESIAN_POINT('Ctrl Pts',(11.1388433726071,27.4219975415197,1.1618220329224));
#1833=CARTESIAN_POINT('Ctrl Pts',(11.2194721125018,27.4219975415197,1.15290416908738));
#1834=CARTESIAN_POINT('Ctrl Pts',(11.2989336314005,27.4219975415197,1.14457615024677));
#1835=CARTESIAN_POINT('Ctrl Pts',(11.3825437330262,27.4219975415197,1.13581333635579));
#1836=CARTESIAN_POINT('Ctrl Pts',(11.4648618483772,27.4219975415197,1.12770353253175));
#1837=CARTESIAN_POINT('Ctrl Pts',(11.5461557869368,27.4219975415197,1.12019435750507));
#1838=CARTESIAN_POINT('Ctrl Pts',(11.6337174325359,27.4219975415197,1.11210623022181));
#1839=CARTESIAN_POINT('Ctrl Pts',(11.7200913389491,27.4219975415197,1.10471486419552));
#1840=CARTESIAN_POINT('Ctrl Pts',(11.8056730844501,27.4219975415197,1.09795463122323));
#1841=CARTESIAN_POINT('Ctrl Pts',(11.9026532670159,27.4219975415197,1.09029401827356));
#1842=CARTESIAN_POINT('Ctrl Pts',(11.9986169637301,27.4219975415197,1.08344373132478));
#1843=CARTESIAN_POINT('Ctrl Pts',(12.0942066790911,27.4219975415197,1.07730947623977));
#1844=CARTESIAN_POINT('Ctrl Pts',(12.2688986899638,27.4219975415197,1.06609900917267));
#1845=CARTESIAN_POINT('Ctrl Pts',(12.4423477135349,27.4219975415197,1.05727664262026));
#1846=CARTESIAN_POINT('Ctrl Pts',(12.6187025945925,27.4219975415197,1.0502962322527));
#1847=CARTESIAN_POINT('Ctrl Pts',(12.7141978895522,27.4219975415197,1.04651637459867));
#1848=CARTESIAN_POINT('Ctrl Pts',(12.810547539531,27.4219975415197,1.04327739834926));
#1849=CARTESIAN_POINT('Ctrl Pts',(12.9083796050472,27.4219975415197,1.04050040202991));
#1850=CARTESIAN_POINT('Ctrl Pts',(13.0027139581669,27.4219975415197,1.03782268946174));
#1851=CARTESIAN_POINT('Ctrl Pts',(13.0984269011795,27.4219975415197,1.03557455279524));
#1852=CARTESIAN_POINT('Ctrl Pts',(13.196034945933,27.4219975415197,1.03369118798733));
#1853=CARTESIAN_POINT('Ctrl Pts',(13.291112571484,27.4219975415197,1.0318566480738));
#1854=CARTESIAN_POINT('Ctrl Pts',(13.3879884683014,27.4219975415197,1.03036824566351));
#1855=CARTESIAN_POINT('Ctrl Pts',(13.4870923598421,27.4219975415197,1.02917127524623));
#1856=CARTESIAN_POINT('Ctrl Pts',(13.5839222467619,27.4219975415197,1.02800177011025));
#1857=CARTESIAN_POINT('Ctrl Pts',(13.6828791910798,27.4219975415197,1.02711050334457));
#1858=CARTESIAN_POINT('Ctrl Pts',(13.7843157861473,27.4219975415197,1.02645103201983));
#1859=CARTESIAN_POINT('Ctrl Pts',(13.883664819681,27.4219975415197,1.0258051325916));
#1860=CARTESIAN_POINT('Ctrl Pts',(13.9853926123758,27.4219975415197,1.02538160867199));
#1861=CARTESIAN_POINT('Ctrl Pts',(14.0897817461248,27.4219975415197,1.0251409137311));
#1862=CARTESIAN_POINT('Ctrl Pts',(14.1922300489011,27.4219975415197,1.02490469385557));
#1863=CARTESIAN_POINT('Ctrl Pts',(14.2972417610393,27.4219975415197,1.02484458685129));
#1864=CARTESIAN_POINT('Ctrl Pts',(14.4050349104678,27.4219975415197,1.02492688676618));
#1865=CARTESIAN_POINT('Ctrl Pts',(14.5124298128948,27.4219975415197,1.02500888262005));
#1866=CARTESIAN_POINT('Ctrl Pts',(14.6225858431755,27.4219975415197,1.02523224458638));
#1867=CARTESIAN_POINT('Ctrl Pts',(14.7356668605972,27.4219975415197,1.02556712415741));
#1868=CARTESIAN_POINT('Ctrl Pts',(14.851422799779,27.4219975415197,1.02590992527595));
#1869=CARTESIAN_POINT('Ctrl Pts',(14.9702436339944,27.4219975415197,1.02636958180679));
#1870=CARTESIAN_POINT('Ctrl Pts',(15.0922492340008,27.4219975415197,1.02691769369265));
#1871=CARTESIAN_POINT('Ctrl Pts',(15.217925846652,27.4219975415197,1.0274822976548));
#1872=CARTESIAN_POINT('Ctrl Pts',(15.3469815895104,27.4219975415197,1.02814075765588));
#1873=CARTESIAN_POINT('Ctrl Pts',(15.4794911829345,27.4219975415197,1.02886585179298));
#1874=CARTESIAN_POINT('Ctrl Pts',(15.6166822207559,27.4219975415197,1.02961656285183));
#1875=CARTESIAN_POINT('Ctrl Pts',(15.7575752594693,27.4219975415197,1.03043869526449));
#1876=CARTESIAN_POINT('Ctrl Pts',(15.9021965906339,27.4219975415197,1.03130613010845));
#1877=CARTESIAN_POINT('Ctrl Pts',(16.0530018691248,27.4219975415197,1.0322106561017));
#1878=CARTESIAN_POINT('Ctrl Pts',(16.207860846277,27.4219975415197,1.03316443429244));
#1879=CARTESIAN_POINT('Ctrl Pts',(16.3667462476966,27.4219975415197,1.034142320534));
#1880=CARTESIAN_POINT('Ctrl Pts',(16.5342281887404,27.4219975415197,1.03517311558749));
#1881=CARTESIAN_POINT('Ctrl Pts',(16.7061837153721,27.4219975415197,1.03623068467863));
#1882=CARTESIAN_POINT('Ctrl Pts',(16.8825231334175,27.4219975415197,1.0372906195447));
#1883=CARTESIAN_POINT('Ctrl Pts',(17.0721847322779,27.4219975415197,1.03843063091376));
#1884=CARTESIAN_POINT('Ctrl Pts',(17.2669173433698,27.4219975415197,1.03957334774846));
#1885=CARTESIAN_POINT('Ctrl Pts',(17.4665495628175,27.4219975415197,1.04069446210887));
#1886=CARTESIAN_POINT('Ctrl Pts',(17.6698428978875,27.4219975415197,1.04183613692445));
#1887=CARTESIAN_POINT('Ctrl Pts',(17.878217024629,27.4219975415197,1.04295542774569));
#1888=CARTESIAN_POINT('Ctrl Pts',(18.0914348752371,27.4219975415197,1.04403275853225));
#1889=CARTESIAN_POINT('Ctrl Pts',(18.3099326047228,27.4219975415197,1.04513676708546));
#1890=CARTESIAN_POINT('Ctrl Pts',(18.5335167680517,27.4219975415197,1.04619672785618));
#1891=CARTESIAN_POINT('Ctrl Pts',(18.761876274502,27.4219975415197,1.04719766308394));
#1892=CARTESIAN_POINT('Ctrl Pts',(18.9966795948924,27.4219975415197,1.04822684255024));
#1893=CARTESIAN_POINT('Ctrl Pts',(19.2365313888215,27.4219975415197,1.04919363687134));
#1894=CARTESIAN_POINT('Ctrl Pts',(19.4810374495261,27.4219975415197,1.05008786151859));
#1895=CARTESIAN_POINT('Ctrl Pts',(19.7339510509342,27.4219975415197,1.05101283481108));
#1896=CARTESIAN_POINT('Ctrl Pts',(19.991844313893,27.4219975415197,1.05186018236783));
#1897=CARTESIAN_POINT('Ctrl Pts',(20.2542245457457,27.4219975415197,1.05262477317375));
#1898=CARTESIAN_POINT('Ctrl Pts',(20.5407524506979,27.4219975415197,1.05345973166213));
#1899=CARTESIAN_POINT('Ctrl Pts',(20.8326307226896,27.4219975415197,1.05419599001761));
#1900=CARTESIAN_POINT('Ctrl Pts',(21.1291539585067,27.4219975415197,1.05483411210018));
#1901=CARTESIAN_POINT('Ctrl Pts',(21.5398027222518,27.4219975415197,1.05571783388881));
#1902=CARTESIAN_POINT('Ctrl Pts',(21.959357891386,27.4219975415197,1.05641288189706));
#1903=CARTESIAN_POINT('Ctrl Pts',(22.3858397266106,27.4219975415197,1.05693883699159));
#1904=CARTESIAN_POINT('Ctrl Pts',(22.7282737626257,27.4219975415197,1.05736114085288));
#1905=CARTESIAN_POINT('Ctrl Pts',(23.0751685162485,27.4219975415197,1.05767496702192));
#1906=CARTESIAN_POINT('Ctrl Pts',(23.4255078434359,27.4219975415197,1.05789669413386));
#1907=CARTESIAN_POINT('Ctrl Pts',(23.7294599029899,27.4219975415197,1.05808906309476));
#1908=CARTESIAN_POINT('Ctrl Pts',(24.0360035661228,27.4219975415197,1.05821226474984));
#1909=CARTESIAN_POINT('Ctrl Pts',(24.3445145294442,27.4219975415197,1.05827852419526));
#1910=CARTESIAN_POINT('Ctrl Pts',(24.6433322101321,27.4219975415197,1.05834270179722));
#1911=CARTESIAN_POINT('Ctrl Pts',(24.9439952939966,27.4219975415197,1.05835349994782));
#1912=CARTESIAN_POINT('Ctrl Pts',(25.2459857086469,27.4219975415197,1.05832230655203));
#1913=CARTESIAN_POINT('Ctrl Pts',(25.5378163932784,27.4219975415197,1.05829216258187));
#1914=CARTESIAN_POINT('Ctrl Pts',(25.8308865440807,27.4219975415197,1.05822283393134));
#1915=CARTESIAN_POINT('Ctrl Pts',(26.1247769103314,27.4219975415197,1.05812437721102));
#1916=CARTESIAN_POINT('Ctrl Pts',(26.4137902496436,27.4219975415197,1.05802755435195));
#1917=CARTESIAN_POINT('Ctrl Pts',(26.7035966442801,27.4219975415197,1.05790258752754));
#1918=CARTESIAN_POINT('Ctrl Pts',(26.9938466781367,27.4219975415197,1.05775842807159));
#1919=CARTESIAN_POINT('Ctrl Pts',(27.2789600800473,27.4219975415197,1.05761681984384));
#1920=CARTESIAN_POINT('Ctrl Pts',(27.5645014312628,27.4219975415197,1.05745671428781));
#1921=CARTESIAN_POINT('Ctrl Pts',(27.8501896259955,27.4219975415197,1.0572856525335));
#1922=CARTESIAN_POINT('Ctrl Pts',(28.1169060371013,27.4219975415197,1.0571259505296));
#1923=CARTESIAN_POINT('Ctrl Pts',(28.3837509315445,27.4219975415197,1.05695669348211));
#1924=CARTESIAN_POINT('Ctrl Pts',(28.6505368057535,27.4219975415197,1.05678305899648));
#1925=CARTESIAN_POINT('',(28.6505368057531,27.4219975415197,-7.76435010662073));
#1926=CARTESIAN_POINT('Ctrl Pts',(-7.82269756660852,27.4219975415197,8.2408938398763));
#1927=CARTESIAN_POINT('Ctrl Pts',(-7.81615348644959,27.4219975415197,8.23914926589446));
#1928=CARTESIAN_POINT('Ctrl Pts',(-7.8096093922016,27.4219975415197,8.23740128398402));
#1929=CARTESIAN_POINT('Ctrl Pts',(-7.80306529217873,27.4219975415197,8.23564989337384));
#1930=CARTESIAN_POINT('Origin',(33.6505368057531,-4.10847442061301,5.78864967946645));
#1931=CARTESIAN_POINT('',(31.1505368057531,-4.10847442061301,5.28864967946645));
#1932=CARTESIAN_POINT('',(31.1505368057531,-4.10847442061301,5.78864967946645));
#1933=CARTESIAN_POINT('',(31.1505368057531,-4.10847442061301,-0.987850213577143));
#1934=CARTESIAN_POINT('',(33.6505368057531,-4.10847442061301,5.28864967946645));
#1935=CARTESIAN_POINT('',(33.6505368057531,-4.10847442061301,5.28864967946645));
#1936=CARTESIAN_POINT('',(33.6505368057531,-4.10847442061301,5.78864967946645));
#1937=CARTESIAN_POINT('',(33.6505368057531,-4.10847442061301,-1.83785021357714));
#1938=CARTESIAN_POINT('',(33.6505368057531,-4.10847442061301,5.78864967946645));
#1939=CARTESIAN_POINT('Origin',(33.6505368057531,-7.35847442061301,5.78864967946645));
#1940=CARTESIAN_POINT('',(31.1505368057531,-7.35847442061301,9.03864967946645));
#1941=CARTESIAN_POINT('Origin',(31.1505368057531,-7.35847442061301,5.78864967946645));
#1942=CARTESIAN_POINT('',(33.6505368057531,-7.35847442061301,9.03864967946645));
#1943=CARTESIAN_POINT('Origin',(33.6505368057531,-7.35847442061301,5.78864967946645));
#1944=CARTESIAN_POINT('',(33.6505368057531,-7.35847442061301,9.03864967946645));
#1945=CARTESIAN_POINT('Origin',(33.6505368057531,-14.358474420613,9.03864967946645));
#1946=CARTESIAN_POINT('',(31.1505368057531,-14.358474420613,9.03864967946645));
#1947=CARTESIAN_POINT('',(31.1505368057531,5.28176156045336,9.03864967946645));
#1948=CARTESIAN_POINT('',(33.6505368057531,-14.358474420613,9.03864967946645));
#1949=CARTESIAN_POINT('',(33.6505368057531,-19.4682384395466,9.03864967946645));
#1950=CARTESIAN_POINT('',(33.6505368057531,-14.358474420613,9.03864967946645));
#1951=CARTESIAN_POINT('Origin',(33.6505368057531,-14.358474420613,5.78864967946645));
#1952=CARTESIAN_POINT('',(31.1505368057531,-17.608474420613,5.78864967946645));
#1953=CARTESIAN_POINT('Origin',(31.1505368057531,-14.358474420613,5.78864967946645));
#1954=CARTESIAN_POINT('',(33.6505368057531,-17.608474420613,5.78864967946645));
#1955=CARTESIAN_POINT('Origin',(33.6505368057531,-14.358474420613,5.78864967946645));
#1956=CARTESIAN_POINT('',(33.6505368057531,-17.608474420613,5.78864967946645));
#1957=CARTESIAN_POINT('Origin',(33.6505368057531,-17.608474420613,5.28864967946644));
#1958=CARTESIAN_POINT('',(31.1505368057531,-17.608474420613,5.28864967946644));
#1959=CARTESIAN_POINT('',(31.1505368057531,-17.608474420613,-1.23785021357714));
#1960=CARTESIAN_POINT('',(33.6505368057531,-17.608474420613,5.28864967946644));
#1961=CARTESIAN_POINT('',(33.6505368057531,-17.608474420613,-2.08785021357714));
#1962=CARTESIAN_POINT('',(33.6505368057531,-17.608474420613,5.28864967946644));
#1963=CARTESIAN_POINT('Origin',(33.6505368057531,-14.358474420613,5.28864967946644));
#1964=CARTESIAN_POINT('',(31.1505368057531,-14.358474420613,2.03864967946645));
#1965=CARTESIAN_POINT('Origin',(31.1505368057531,-14.358474420613,5.28864967946644));
#1966=CARTESIAN_POINT('',(33.6505368057531,-14.358474420613,2.03864967946645));
#1967=CARTESIAN_POINT('Origin',(33.6505368057531,-14.358474420613,5.28864967946644));
#1968=CARTESIAN_POINT('',(33.6505368057531,-14.358474420613,2.03864967946645));
#1969=CARTESIAN_POINT('Origin',(33.6505368057531,-7.35847442061301,2.03864967946645));
#1970=CARTESIAN_POINT('',(31.1505368057531,-7.35847442061301,2.03864967946645));
#1971=CARTESIAN_POINT('',(31.1505368057531,8.78176156045336,2.03864967946644));
#1972=CARTESIAN_POINT('',(33.6505368057531,-7.35847442061301,2.03864967946645));
#1973=CARTESIAN_POINT('',(33.6505368057531,-15.9682384395466,2.03864967946645));
#1974=CARTESIAN_POINT('',(33.6505368057531,-7.35847442061301,2.03864967946645));
#1975=CARTESIAN_POINT('Origin',(33.6505368057531,-7.35847442061301,5.28864967946644));
#1976=CARTESIAN_POINT('Origin',(31.1505368057531,-7.35847442061301,5.28864967946644));
#1977=CARTESIAN_POINT('Origin',(33.6505368057531,-7.35847442061301,5.28864967946644));
#1978=CARTESIAN_POINT('Origin',(33.6505368057531,11.1720057054325,3.22564990828043));
#1979=CARTESIAN_POINT('',(33.6505368057531,11.1720057054325,-0.446137234179552));
#1980=CARTESIAN_POINT('',(32.6005368057574,11.1720057054325,-0.445669117998279));
#1981=CARTESIAN_POINT('Ctrl Pts',(33.6505368057531,11.1720057054325,-0.446137234179553));
#1982=CARTESIAN_POINT('Ctrl Pts',(33.3279110512456,11.1720057054325,-0.446012074720789));
#1983=CARTESIAN_POINT('Ctrl Pts',(33.0045318221605,11.1720057054325,-0.445868432244308));
#1984=CARTESIAN_POINT('Ctrl Pts',(32.6804033513865,11.1720057054325,-0.445708772153543));
#1985=CARTESIAN_POINT('Ctrl Pts',(32.6537861867596,11.1720057054325,-0.445695660997617));
#1986=CARTESIAN_POINT('Ctrl Pts',(32.6271639988119,11.1720057054325,-0.445682442389532));
#1987=CARTESIAN_POINT('Ctrl Pts',(32.6005368057574,11.1720057054325,-0.44566911799825));
#1988=CARTESIAN_POINT('',(33.6505368057531,11.1720057054325,3.22564990828043));
#1989=CARTESIAN_POINT('',(33.6505368057531,11.1720057054325,-3.11935009917015));
#1990=CARTESIAN_POINT('',(31.1505368057531,11.1720057054325,3.22564990828043));
#1991=CARTESIAN_POINT('',(33.6505368057531,11.1720057054325,3.22564990828043));
#1992=CARTESIAN_POINT('',(31.1505368057531,11.1720057054325,1.05514669795131));
#1993=CARTESIAN_POINT('',(31.1505368057531,11.1720057054325,-2.26935009917015));
#1994=CARTESIAN_POINT('',(32.6005368057362,11.1720057054325,1.05433088200138));
#1995=CARTESIAN_POINT('Ctrl Pts',(32.6005368057362,11.1720057054325,1.05433088200176));
#1996=CARTESIAN_POINT('Ctrl Pts',(32.2854497849906,11.1720057054325,1.05448855324949));
#1997=CARTESIAN_POINT('Ctrl Pts',(31.9696577540031,11.1720057054325,1.05466111339878));
#1998=CARTESIAN_POINT('Ctrl Pts',(31.6532178949501,11.1720057054325,1.05484529783282));
#1999=CARTESIAN_POINT('Ctrl Pts',(31.485833157357,11.1720057054325,1.05494272444416));
#2000=CARTESIAN_POINT('Ctrl Pts',(31.3182679910373,11.1720057054325,1.05504338856218));
#2001=CARTESIAN_POINT('Ctrl Pts',(31.1505368057517,11.1720057054325,1.05514669795131));
#2002=CARTESIAN_POINT('',(32.6005368057531,11.1720057054325,1.22564990082985));
#2003=CARTESIAN_POINT('Origin',(33.6505368057531,-2.8279942945675,3.22564990828043));
#2004=CARTESIAN_POINT('',(31.1505368057531,-2.8279942945675,3.22564990828043));
#2005=CARTESIAN_POINT('',(31.1505368057531,11.0470016234761,3.22564990828043));
#2006=CARTESIAN_POINT('',(33.6505368057531,-2.8279942945675,3.22564990828043));
#2007=CARTESIAN_POINT('',(33.6505368057531,-13.7029983765239,3.22564990828043));
#2008=CARTESIAN_POINT('',(33.6505368057531,-2.8279942945675,3.22564990828043));
#2009=CARTESIAN_POINT('Origin',(33.6505368057531,-2.8279942945675,-0.774350091719572));
#2010=CARTESIAN_POINT('',(32.6005368057574,-2.8279942945675,-0.44566911799828));
#2011=CARTESIAN_POINT('',(33.6505368057531,-2.8279942945675,-0.446137234179552));
#2012=CARTESIAN_POINT('Ctrl Pts',(32.6005368057572,-2.82799429456752,-0.44566911799825));
#2013=CARTESIAN_POINT('Ctrl Pts',(32.924787396935,-2.82799429456752,-0.445831374746133));
#2014=CARTESIAN_POINT('Ctrl Pts',(33.2482914158296,-2.82799429456752,-0.445977861163345));
#2015=CARTESIAN_POINT('Ctrl Pts',(33.5710403496112,-2.82799429456752,-0.446106029070386));
#2016=CARTESIAN_POINT('Ctrl Pts',(33.5975442277904,-2.82799429456752,-0.44611655411397));
#2017=CARTESIAN_POINT('Ctrl Pts',(33.624043042955,-2.82799429456752,-0.446126956187278));
#2018=CARTESIAN_POINT('Ctrl Pts',(33.6505368057531,-2.82799429456752,-0.446137234179553));
#2019=CARTESIAN_POINT('',(32.6005368057362,-2.8279942945675,1.05433088200138));
#2020=CARTESIAN_POINT('',(32.6005368057531,-2.8279942945675,-0.774350099170152));
#2021=CARTESIAN_POINT('',(31.1505368057531,-2.8279942945675,1.05514669795131));
#2022=CARTESIAN_POINT('Ctrl Pts',(31.1505368057515,-2.8279942945675,1.05514669795131));
#2023=CARTESIAN_POINT('Ctrl Pts',(31.4676316221237,-2.8279942945675,1.05495139216056));
#2024=CARTESIAN_POINT('Ctrl Pts',(31.7841298701696,-2.8279942945675,1.05476559998042));
#2025=CARTESIAN_POINT('Ctrl Pts',(32.0999468567207,-2.8279942945675,1.05459308864227));
#2026=CARTESIAN_POINT('Ctrl Pts',(32.2670021182781,-2.8279942945675,1.05450183665791));
#2027=CARTESIAN_POINT('Ctrl Pts',(32.4338676685285,-2.8279942945675,1.0544142841386));
#2028=CARTESIAN_POINT('Ctrl Pts',(32.6005368057362,-2.8279942945675,1.05433088200176));
#2029=CARTESIAN_POINT('',(31.1505368057531,-2.8279942945675,-4.26935009917015));
#2030=CARTESIAN_POINT('',(33.6505368057531,-2.8279942945675,-5.11935009917015));
#2031=CARTESIAN_POINT('Ctrl Pts',(-75.3296560629518,72.5599470278028,7.56204469887672));
#2032=CARTESIAN_POINT('Ctrl Pts',(-75.3296560629518,-73.2159519447634,7.56204469887672));
#2033=CARTESIAN_POINT('Ctrl Pts',(-68.8020661656952,72.5599470278028,7.56204469887672));
#2034=CARTESIAN_POINT('Ctrl Pts',(-68.8020661656952,-73.2159519447634,7.56204469887672));
#2035=CARTESIAN_POINT('Ctrl Pts',(-62.2744762684385,72.5599470278028,7.56204469887672));
#2036=CARTESIAN_POINT('Ctrl Pts',(-62.2744762684385,-73.2159519447634,7.56204469887672));
#2037=CARTESIAN_POINT('Ctrl Pts',(-55.7468863711819,72.5599470278028,7.56204469887672));
#2038=CARTESIAN_POINT('Ctrl Pts',(-55.7468863711819,-73.2159519447634,7.56204469887672));
#2039=CARTESIAN_POINT('Ctrl Pts',(-49.2192964739253,72.5599470278028,7.56204469887672));
#2040=CARTESIAN_POINT('Ctrl Pts',(-49.2192964739253,-73.2159519447634,7.56204469887672));
#2041=CARTESIAN_POINT('Ctrl Pts',(-42.6917065766687,72.5599470278028,7.56204469887672));
#2042=CARTESIAN_POINT('Ctrl Pts',(-42.6917065766687,-73.2159519447634,7.56204469887672));
#2043=CARTESIAN_POINT('Ctrl Pts',(-40.7042472361357,72.5599470278028,7.56204469887672));
#2044=CARTESIAN_POINT('Ctrl Pts',(-40.7042472361357,-73.2159519447634,7.56204469887672));
#2045=CARTESIAN_POINT('Ctrl Pts',(-36.9796332697342,72.5599470278028,7.56110222563534));
#2046=CARTESIAN_POINT('Ctrl Pts',(-36.9796332697342,-73.2159519447634,7.56110222563534));
#2047=CARTESIAN_POINT('Ctrl Pts',(-32.1436235949927,72.5599470278028,7.55685786830056));
#2048=CARTESIAN_POINT('Ctrl Pts',(-32.1436235949927,-73.2159519447634,7.55685786830056));
#2049=CARTESIAN_POINT('Ctrl Pts',(-27.1349194848558,72.5599470278028,7.54710091433861));
#2050=CARTESIAN_POINT('Ctrl Pts',(-27.1349194848558,-73.2159519447634,7.54710091433861));
#2051=CARTESIAN_POINT('Ctrl Pts',(-22.8899049166173,72.5599470278028,7.53562913898387));
#2052=CARTESIAN_POINT('Ctrl Pts',(-22.8899049166173,-73.2159519447634,7.53562913898387));
#2053=CARTESIAN_POINT('Ctrl Pts',(-20.1356127475106,72.5599470278028,7.53274150460673));
#2054=CARTESIAN_POINT('Ctrl Pts',(-20.1356127475106,-73.2159519447634,7.53274150460673));
#2055=CARTESIAN_POINT('Ctrl Pts',(-18.2877505408069,72.5599470278028,7.54173957782918));
#2056=CARTESIAN_POINT('Ctrl Pts',(-18.2877505408069,-73.2159519447634,7.54173957782918));
#2057=CARTESIAN_POINT('Ctrl Pts',(-16.7862908278814,72.5599470278028,7.55985373997661));
#2058=CARTESIAN_POINT('Ctrl Pts',(-16.7862908278814,-73.2159519447634,7.55985373997661));
#2059=CARTESIAN_POINT('Ctrl Pts',(-15.1767192025558,72.5599470278028,7.56885727991785));
#2060=CARTESIAN_POINT('Ctrl Pts',(-15.1767192025558,-73.2159519447634,7.56885727991785));
#2061=CARTESIAN_POINT('Ctrl Pts',(-13.1963254573937,72.5599470278028,7.54533450218017));
#2062=CARTESIAN_POINT('Ctrl Pts',(-13.1963254573937,-73.2159519447634,7.54533450218017));
#2063=CARTESIAN_POINT('Ctrl Pts',(-10.8654066097888,72.5599470278028,7.38315967660109));
#2064=CARTESIAN_POINT('Ctrl Pts',(-10.8654066097888,-73.2159519447634,7.38315967660109));
#2065=CARTESIAN_POINT('Ctrl Pts',(-8.3399689304962,72.5599470278028,6.95799735733535));
#2066=CARTESIAN_POINT('Ctrl Pts',(-8.3399689304962,-73.2159519447634,6.95799735733535));
#2067=CARTESIAN_POINT('Ctrl Pts',(-5.80848869109403,72.5599470278028,6.18183498828999));
#2068=CARTESIAN_POINT('Ctrl Pts',(-5.80848869109403,-73.2159519447634,6.18183498828999));
#2069=CARTESIAN_POINT('Ctrl Pts',(-3.34259793304056,72.5599470278028,5.07714204247879));
#2070=CARTESIAN_POINT('Ctrl Pts',(-3.34259793304056,-73.2159519447634,5.07714204247879));
#2071=CARTESIAN_POINT('Ctrl Pts',(-0.888534705630888,72.5599470278028,3.77583256433312));
#2072=CARTESIAN_POINT('Ctrl Pts',(-0.888534705630888,-73.2159519447634,
3.77583256433312));
#2073=CARTESIAN_POINT('Ctrl Pts',(1.63718325471115,72.5599470278028,2.45644170646356));
#2074=CARTESIAN_POINT('Ctrl Pts',(1.63718325471115,-73.2159519447634,2.45644170646356));
#2075=CARTESIAN_POINT('Ctrl Pts',(4.27253737493186,72.5599470278028,1.29879068792061));
#2076=CARTESIAN_POINT('Ctrl Pts',(4.27253737493186,-73.2159519447634,1.29879068792061));
#2077=CARTESIAN_POINT('Ctrl Pts',(6.94649068388479,72.5599470278028,0.432834796065289));
#2078=CARTESIAN_POINT('Ctrl Pts',(6.94649068388479,-73.2159519447634,0.432834796065289));
#2079=CARTESIAN_POINT('Ctrl Pts',(9.36085692534287,72.5599470278028,-0.113697022549871));
#2080=CARTESIAN_POINT('Ctrl Pts',(9.36085692534287,-73.2159519447634,-0.113697022549871));
#2081=CARTESIAN_POINT('Ctrl Pts',(11.2956078844931,72.5599470278028,-0.388177329895709));
#2082=CARTESIAN_POINT('Ctrl Pts',(11.2956078844931,-73.2159519447634,-0.388177329895709));
#2083=CARTESIAN_POINT('Ctrl Pts',(12.7162575143449,72.5599470278028,-0.477250862214745));
#2084=CARTESIAN_POINT('Ctrl Pts',(12.7162575143449,-73.2159519447634,-0.477250862214745));
#2085=CARTESIAN_POINT('Ctrl Pts',(14.4090222473259,72.5599470278028,-0.481104854729695));
#2086=CARTESIAN_POINT('Ctrl Pts',(14.4090222473259,-73.2159519447634,-0.481104854729695));
#2087=CARTESIAN_POINT('Ctrl Pts',(16.8726610063793,72.5599470278028,-0.460779039398307));
#2088=CARTESIAN_POINT('Ctrl Pts',(16.8726610063793,-73.2159519447634,-0.460779039398307));
#2089=CARTESIAN_POINT('Ctrl Pts',(20.09011874164,72.5599470278028,-0.444651035202317));
#2090=CARTESIAN_POINT('Ctrl Pts',(20.09011874164,-73.2159519447634,-0.444651035202317));
#2091=CARTESIAN_POINT('Ctrl Pts',(23.8518749386927,72.5599470278028,-0.440169700153915));
#2092=CARTESIAN_POINT('Ctrl Pts',(23.8518749386927,-73.2159519447634,-0.440169700153915));
#2093=CARTESIAN_POINT('Ctrl Pts',(27.8353131006941,72.5599470278028,-0.442465073696988));
#2094=CARTESIAN_POINT('Ctrl Pts',(27.8353131006941,-73.2159519447634,-0.442465073696988));
#2095=CARTESIAN_POINT('Ctrl Pts',(31.8141132315949,72.5599470278028,-0.445603236564387));
#2096=CARTESIAN_POINT('Ctrl Pts',(31.8141132315949,-73.2159519447634,-0.445603236564387));
#2097=CARTESIAN_POINT('Ctrl Pts',(35.7098772391014,72.5599470278028,-0.447216965888524));
#2098=CARTESIAN_POINT('Ctrl Pts',(35.7098772391014,-73.2159519447634,-0.447216965888524));
#2099=CARTESIAN_POINT('Ctrl Pts',(39.5366798201297,72.5599470278028,-0.446599637630892));
#2100=CARTESIAN_POINT('Ctrl Pts',(39.5366798201297,-73.2159519447634,-0.446599637630892));
#2101=CARTESIAN_POINT('Ctrl Pts',(43.3716460954316,72.5599470278028,-0.44451272694587));
#2102=CARTESIAN_POINT('Ctrl Pts',(43.3716460954316,-73.2159519447634,-0.44451272694587));
#2103=CARTESIAN_POINT('Ctrl Pts',(46.5268414154992,72.5599470278028,-0.442748390464714));
#2104=CARTESIAN_POINT('Ctrl Pts',(46.5268414154992,-73.2159519447634,-0.442748390464714));
#2105=CARTESIAN_POINT('Ctrl Pts',(48.9827269725667,72.5599470278028,-0.441986293381377));
#2106=CARTESIAN_POINT('Ctrl Pts',(48.9827269725667,-73.2159519447634,-0.441986293381377));
#2107=CARTESIAN_POINT('Ctrl Pts',(50.6653525170134,72.5599470278028,-0.441816872345107));
#2108=CARTESIAN_POINT('Ctrl Pts',(50.6653525170134,-73.2159519447634,-0.441816872345107));
#2109=CARTESIAN_POINT('Ctrl Pts',(51.5180082057012,72.5599470278028,-0.441816872345107));
#2110=CARTESIAN_POINT('Ctrl Pts',(51.5180082057012,-73.2159519447634,-0.441816872345107));
#2111=CARTESIAN_POINT('Ctrl Pts',(58.0455981029578,72.5599470278028,-0.441816872345107));
#2112=CARTESIAN_POINT('Ctrl Pts',(58.0455981029578,-73.2159519447634,-0.441816872345107));
#2113=CARTESIAN_POINT('Ctrl Pts',(64.5731880002144,72.5599470278028,-0.441816872345107));
#2114=CARTESIAN_POINT('Ctrl Pts',(64.5731880002144,-73.2159519447634,-0.441816872345107));
#2115=CARTESIAN_POINT('Ctrl Pts',(71.100777897471,72.5599470278028,-0.441816872345107));
#2116=CARTESIAN_POINT('Ctrl Pts',(71.100777897471,-73.2159519447634,-0.441816872345107));
#2117=CARTESIAN_POINT('Ctrl Pts',(77.6283677947277,72.5599470278028,-0.441816872345107));
#2118=CARTESIAN_POINT('Ctrl Pts',(77.6283677947277,-73.2159519447634,-0.441816872345107));
#2119=CARTESIAN_POINT('Ctrl Pts',(84.1559576919843,72.5599470278028,-0.441816872345107));
#2120=CARTESIAN_POINT('Ctrl Pts',(84.1559576919843,-73.2159519447634,-0.441816872345107));
#2121=CARTESIAN_POINT('',(33.6505368057531,-24.5780024584803,-0.446137234179552));
#2122=CARTESIAN_POINT('Ctrl Pts',(33.6505368057531,-2.8279942945675,-0.446137234179552));
#2123=CARTESIAN_POINT('Ctrl Pts',(33.6505368057531,-10.0779970158718,-0.446137234179552));
#2124=CARTESIAN_POINT('Ctrl Pts',(33.6505368057531,-17.327999737176,-0.446137234179552));
#2125=CARTESIAN_POINT('Ctrl Pts',(33.6505368057531,-24.5780024584803,-0.446137234179552));
#2126=CARTESIAN_POINT('',(28.6505368057531,-29.5780024584803,-0.44321694100352));
#2127=CARTESIAN_POINT('Ctrl Pts',(33.6505368057531,-24.5780024584803,-0.446137234179553));
#2128=CARTESIAN_POINT('Ctrl Pts',(33.6505325471213,-24.8671037364774,-0.446137232527459));
#2129=CARTESIAN_POINT('Ctrl Pts',(33.6254417733704,-25.1550869581504,-0.446127603788028));
#2130=CARTESIAN_POINT('Ctrl Pts',(33.5758668987371,-25.4387565706451,-0.446107944420054));
#2131=CARTESIAN_POINT('Ctrl Pts',(33.5252300822591,-25.7285026610699,-0.446087863929371));
#2132=CARTESIAN_POINT('Ctrl Pts',(33.4490488896418,-26.0137483596072,-0.446057306894223));
#2133=CARTESIAN_POINT('Ctrl Pts',(33.3479111228115,-26.2910883275648,-0.44601459272548));
#2134=CARTESIAN_POINT('Ctrl Pts',(33.3335275838808,-26.3305308657105,-0.446008518032234));
#2135=CARTESIAN_POINT('Ctrl Pts',(33.3186391933751,-26.3698135044701,-0.446002195631677));
#2136=CARTESIAN_POINT('Ctrl Pts',(33.3032475579498,-26.4089264485494,-0.445995618967457));
#2137=CARTESIAN_POINT('Ctrl Pts',(33.170762471119,-26.7455951422509,-0.445939009652979));
#2138=CARTESIAN_POINT('Ctrl Pts',(33.002444752978,-27.0660649159213,-0.445864234968396));
#2139=CARTESIAN_POINT('Ctrl Pts',(32.8017494206271,-27.3650022889857,-0.445767811766667));
#2140=CARTESIAN_POINT('Ctrl Pts',(32.6351731892952,-27.6131189762352,-0.445687780938999));
#2141=CARTESIAN_POINT('Ctrl Pts',(32.4462894545261,-27.8464021520205,-0.445592773290762));
#2142=CARTESIAN_POINT('Ctrl Pts',(32.2370586595399,-28.0618022506133,-0.445480990662068));
#2143=CARTESIAN_POINT('Ctrl Pts',(32.0251832835425,-28.2799249073773,-0.445367795152362));
#2144=CARTESIAN_POINT('Ctrl Pts',(31.7943105562331,-28.4778094939929,-0.445238318940434));
#2145=CARTESIAN_POINT('Ctrl Pts',(31.5474807465045,-28.6532702291726,-0.445092747162396));
#2146=CARTESIAN_POINT('Ctrl Pts',(31.3334686166634,-28.8054022819445,-0.444966530129304));
#2147=CARTESIAN_POINT('Ctrl Pts',(31.107460058627,-28.9406768890409,-0.444828216021683));
#2148=CARTESIAN_POINT('Ctrl Pts',(30.8714802851821,-29.0576693320209,-0.444679195505518));
#2149=CARTESIAN_POINT('Ctrl Pts',(30.8352939780294,-29.075609532634,-0.444656343961544));
#2150=CARTESIAN_POINT('Ctrl Pts',(30.7988733012044,-29.0931198341094,-0.444633243332671));
#2151=CARTESIAN_POINT('Ctrl Pts',(30.7622256720782,-29.1101950991167,-0.444609901637375));
#2152=CARTESIAN_POINT('Ctrl Pts',(30.5366907576059,-29.2152787982491,-0.444466253402069));
#2153=CARTESIAN_POINT('Ctrl Pts',(30.3040659005945,-29.3031854310768,-0.444314342330293));
#2154=CARTESIAN_POINT('Ctrl Pts',(30.0663129508738,-29.3733788073456,-0.444156994615857));
#2155=CARTESIAN_POINT('Ctrl Pts',(29.8286238919119,-29.4435533207231,-0.443999689185081));
#2156=CARTESIAN_POINT('Ctrl Pts',(29.5858094194079,-29.4960240963414,-0.443836955184519));
#2157=CARTESIAN_POINT('Ctrl Pts',(29.3398827605723,-29.5302553760974,-0.443672756299794));
#2158=CARTESIAN_POINT('Ctrl Pts',(29.2578612502149,-29.5416721996348,-0.443617992653641));
#2159=CARTESIAN_POINT('Ctrl Pts',(29.1754939901226,-29.5510601395532,-0.443563075003782));
#2160=CARTESIAN_POINT('Ctrl Pts',(29.0928569455469,-29.5583993195681,-0.443508175795765));
#2161=CARTESIAN_POINT('Ctrl Pts',(28.9457162839122,-29.5714672095051,-0.443410424165944));
#2162=CARTESIAN_POINT('Ctrl Pts',(28.7981318509837,-29.5780024525011,-0.44331300152335));
#2163=CARTESIAN_POINT('Ctrl Pts',(28.6505368057531,-29.5780024584803,-0.443216941003519));
#2164=CARTESIAN_POINT('',(-26.8494631942469,-29.5780024584803,7.54558196746467));
#2165=CARTESIAN_POINT('Ctrl Pts',(28.6505368057531,-29.5780024584803,-0.443216941003519));
#2166=CARTESIAN_POINT('Ctrl Pts',(27.6510093749027,-29.5780024584803,-0.442566410191715));
#2167=CARTESIAN_POINT('Ctrl Pts',(25.4522035763066,-29.5780024584803,-0.440741430649064));
#2168=CARTESIAN_POINT('Ctrl Pts',(23.3510283156606,-29.5780024584803,-0.442151867917201));
#2169=CARTESIAN_POINT('Ctrl Pts',(22.295656072961,-29.5780024584803,-0.442860298275554));
#2170=CARTESIAN_POINT('Ctrl Pts',(21.2649149434365,-29.5780024584803,-0.444573027845835));
#2171=CARTESIAN_POINT('Ctrl Pts',(20.4231428793155,-29.5780024584803,-0.446896071210288));
#2172=CARTESIAN_POINT('Ctrl Pts',(19.5318448302606,-29.5780024584803,-0.449355791729488));
#2173=CARTESIAN_POINT('Ctrl Pts',(18.7634364531895,-29.5780024584803,-0.452554970347476));
#2174=CARTESIAN_POINT('Ctrl Pts',(18.0659564753448,-29.5780024584803,-0.456096290151638));
#2175=CARTESIAN_POINT('Ctrl Pts',(15.3506148116207,-29.5780024584803,-0.469882912727567));
#2176=CARTESIAN_POINT('Ctrl Pts',(13.8937636335518,-29.5780024584803,-0.490014155092353));
#2177=CARTESIAN_POINT('Ctrl Pts',(12.8391060929569,-29.5780024584803,-0.457447561549391));
#2178=CARTESIAN_POINT('Ctrl Pts',(12.0851426300469,-29.5780024584803,-0.434166050065592));
#2179=CARTESIAN_POINT('Ctrl Pts',(11.5135772019209,-29.5780024584803,-0.38612857389512));
#2180=CARTESIAN_POINT('Ctrl Pts',(10.8872256810941,-29.5780024584803,-0.308183534912973));
#2181=CARTESIAN_POINT('Ctrl Pts',(7.79727627139494,-29.5780024584803,0.0763389244145256));
#2182=CARTESIAN_POINT('Ctrl Pts',(5.08561832906522,-29.5780024584803,0.993673559674535));
#2183=CARTESIAN_POINT('Ctrl Pts',(3.00642768869522,-29.5780024584803,1.88765675029552));
#2184=CARTESIAN_POINT('Ctrl Pts',(1.92563759991506,-29.5780024584803,2.35236073327772));
#2185=CARTESIAN_POINT('Ctrl Pts',(1.0142898971072,-29.5780024584803,2.80602931052668));
#2186=CARTESIAN_POINT('Ctrl Pts',(0.305831805446939,-29.5780024584803,3.16553344614378));
#2187=CARTESIAN_POINT('Ctrl Pts',(-0.236640848232423,-29.5780024584803,
3.44080895608946));
#2188=CARTESIAN_POINT('Ctrl Pts',(-0.637787435643882,-29.5780024584803,
3.65016912067534));
#2189=CARTESIAN_POINT('Ctrl Pts',(-1.06127210096414,-29.5780024584803,3.87014436150114));
#2190=CARTESIAN_POINT('Ctrl Pts',(-4.29687289371128,-29.5780024584803,5.55084763575654));
#2191=CARTESIAN_POINT('Ctrl Pts',(-6.90917161625976,-29.5780024584803,6.92774147078705));
#2192=CARTESIAN_POINT('Ctrl Pts',(-11.4336835028999,-29.5780024584803,7.38758952165423));
#2193=CARTESIAN_POINT('Ctrl Pts',(-12.2748521630278,-29.5780024584803,7.47308156554796));
#2194=CARTESIAN_POINT('Ctrl Pts',(-13.1659236367244,-29.5780024584803,7.52211798240368));
#2195=CARTESIAN_POINT('Ctrl Pts',(-14.0473097779351,-29.5780024584803,7.54411185571066));
#2196=CARTESIAN_POINT('Ctrl Pts',(-15.1834709428144,-29.5780024584803,7.57246331660649));
#2197=CARTESIAN_POINT('Ctrl Pts',(-16.3470530870118,-29.5780024584803,7.56158859052054));
#2198=CARTESIAN_POINT('Ctrl Pts',(-17.61333837354,-29.5780024584803,7.55024096704885));
#2199=CARTESIAN_POINT('Ctrl Pts',(-19.0060240163891,-29.5780024584803,7.53776062596173));
#2200=CARTESIAN_POINT('Ctrl Pts',(-20.4369001131709,-29.5780024584803,7.53426525037158));
#2201=CARTESIAN_POINT('Ctrl Pts',(-21.8499347892214,-29.5780024584803,7.53562412819384));
#2202=CARTESIAN_POINT('Ctrl Pts',(-23.5164334637524,-29.5780024584803,7.53722675559431));
#2203=CARTESIAN_POINT('Ctrl Pts',(-25.1829655588338,-29.5780024584803,7.54191480081077));
#2204=CARTESIAN_POINT('Ctrl Pts',(-26.8494631942469,-29.5780024584803,7.54558196746467));
#2205=CARTESIAN_POINT('',(-31.8494631942469,-24.5780024584803,7.55486965013577));
#2206=CARTESIAN_POINT('Ctrl Pts',(-26.8494631942469,-29.5780024584803,7.54558196746467));
#2207=CARTESIAN_POINT('Ctrl Pts',(-27.1719378436142,-29.5780024584803,7.54629158040126));
#2208=CARTESIAN_POINT('Ctrl Pts',(-27.4939015472705,-29.5468050422885,7.54698540292789));
#2209=CARTESIAN_POINT('Ctrl Pts',(-28.2372068380115,-29.4011697914817,7.54854157932321));
#2210=CARTESIAN_POINT('Ctrl Pts',(-28.6508812868035,-29.2624094254739,7.54937141925796));
#2211=CARTESIAN_POINT('Ctrl Pts',(-29.5755004818799,-28.8114245772137,7.55114499104035));
#2212=CARTESIAN_POINT('Ctrl Pts',(-30.0589157793342,-28.4577649230144,7.55200449885475));
#2213=CARTESIAN_POINT('Ctrl Pts',(-30.8846302160083,-27.5913928206167,7.553398863632));
#2214=CARTESIAN_POINT('Ctrl Pts',(-31.2181006648941,-27.0836164286783,7.55391999252812));
#2215=CARTESIAN_POINT('Ctrl Pts',(-31.6980462052524,-25.9509798075709,7.5546518463407));
#2216=CARTESIAN_POINT('Ctrl Pts',(-31.8319340510696,-25.3321962734721,7.55484407337343));
#2217=CARTESIAN_POINT('Ctrl Pts',(-31.8489274043584,-24.6625471268958,7.55486886857386));
#2218=CARTESIAN_POINT('Ctrl Pts',(-31.8494631942469,-24.6202632341343,7.55486965013577));
#2219=CARTESIAN_POINT('Ctrl Pts',(-31.8494631942469,-24.5780024584803,7.55486965013577));
#2220=CARTESIAN_POINT('',(-31.8494631942469,24.9219975415197,7.55486965013576));
#2221=CARTESIAN_POINT('Ctrl Pts',(-31.8494631942469,-24.5780024584803,7.55486965013577));
#2222=CARTESIAN_POINT('Ctrl Pts',(-31.8494631942469,-8.07800245848026,7.55486965013577));
#2223=CARTESIAN_POINT('Ctrl Pts',(-31.8494631942469,8.42199754151972,7.55486965013576));
#2224=CARTESIAN_POINT('Ctrl Pts',(-31.8494631942469,24.9219975415197,7.55486965013576));
#2225=CARTESIAN_POINT('',(-26.8494631942469,29.9219975415197,7.54558196746467));
#2226=CARTESIAN_POINT('Ctrl Pts',(-31.8494631942469,24.9219975415197,7.55486965013577));
#2227=CARTESIAN_POINT('Ctrl Pts',(-31.8494631942469,25.4735390480984,7.55486965013577));
#2228=CARTESIAN_POINT('Ctrl Pts',(-31.7581958346945,26.0220591072586,7.55473849724025));
#2229=CARTESIAN_POINT('Ctrl Pts',(-31.3646527173264,27.1687257470918,7.55414663085168));
#2230=CARTESIAN_POINT('Ctrl Pts',(-31.0293635069446,27.743904170468,7.55363309033408));
#2231=CARTESIAN_POINT('Ctrl Pts',(-30.1919133788323,28.6892750513182,7.55223600090837));
#2232=CARTESIAN_POINT('Ctrl Pts',(-29.7131299571934,29.0649150142052,7.55139615416762));
#2233=CARTESIAN_POINT('Ctrl Pts',(-28.7914506320317,29.5502320295228,7.5496478433969));
#2234=CARTESIAN_POINT('Ctrl Pts',(-28.3787258396438,29.7025022431595,7.54882875870422));
#2235=CARTESIAN_POINT('Ctrl Pts',(-27.5896671256432,29.880795934526,7.54719123990934));
#2236=CARTESIAN_POINT('Ctrl Pts',(-27.2200529125601,29.9219975415197,7.54639745872514));
#2237=CARTESIAN_POINT('Ctrl Pts',(-26.8494631942469,29.9219975415197,7.54558196746467));
#2238=CARTESIAN_POINT('',(28.6505368057531,29.9219975415197,-0.44321694100352));
#2239=CARTESIAN_POINT('Ctrl Pts',(-26.8494631942469,29.9219975415197,7.54558196746467));
#2240=CARTESIAN_POINT('Ctrl Pts',(-24.0790329149682,29.9219975415197,7.53948557145352));
#2241=CARTESIAN_POINT('Ctrl Pts',(-21.3085459651879,29.9219975415159,7.52373273247511));
#2242=CARTESIAN_POINT('Ctrl Pts',(-15.8003651246632,29.9219975415159,7.56150182175808));
#2243=CARTESIAN_POINT('Ctrl Pts',(-13.616461113197,29.921997541519,7.6140673064986));
#2244=CARTESIAN_POINT('Ctrl Pts',(-6.51193825900699,29.921997541519,6.87711900622836));
#2245=CARTESIAN_POINT('Ctrl Pts',(-3.80125025692255,29.9219975415167,5.27894228443015));
#2246=CARTESIAN_POINT('Ctrl Pts',(1.71698260856549,29.9219975415167,2.43681377760049));
#2247=CARTESIAN_POINT('Ctrl Pts',(3.78529505455984,29.9219975415167,1.43185258375792));
#2248=CARTESIAN_POINT('Ctrl Pts',(10.3122474743768,29.9219975415167,-0.515857791013051));
#2249=CARTESIAN_POINT('Ctrl Pts',(12.7126224382868,29.9219975415167,-0.482936100765328));
#2250=CARTESIAN_POINT('Ctrl Pts',(20.4861761781863,29.9219975415167,-0.450806877186206));
#2251=CARTESIAN_POINT('Ctrl Pts',(23.3154006866961,29.9219975415197,-0.439744629665688));
#2252=CARTESIAN_POINT('Ctrl Pts',(28.6505368057531,29.9219975415197,-0.443216941003519));
#2253=CARTESIAN_POINT('',(33.6505368057531,24.9219975415197,-0.446137234179553));
#2254=CARTESIAN_POINT('Ctrl Pts',(28.6505368057531,29.9219975415197,-0.443216941003519));
#2255=CARTESIAN_POINT('Ctrl Pts',(28.7940192301613,29.9219975415197,-0.443310324871884));
#2256=CARTESIAN_POINT('Ctrl Pts',(28.937495880669,29.9158213784009,-0.443404999105732));
#2257=CARTESIAN_POINT('Ctrl Pts',(29.6586095085586,29.8535705187623,-0.44388389026061));
#2258=CARTESIAN_POINT('Ctrl Pts',(30.223579656555,29.7034365334851,-0.444266519029839));
#2259=CARTESIAN_POINT('Ctrl Pts',(31.3379479352553,29.1878281092797,-0.444976927256011));
#2260=CARTESIAN_POINT('Ctrl Pts',(31.8673499533205,28.8042136958742,-0.445286088955158));
#2261=CARTESIAN_POINT('Ctrl Pts',(32.7428740961459,27.8644748057461,-0.445748194660042));
#2262=CARTESIAN_POINT('Ctrl Pts',(33.0839444410903,27.3199745487764,-0.445902172586038));
#2263=CARTESIAN_POINT('Ctrl Pts',(33.5364150123472,26.1504912493507,-0.446094985468206));
#2264=CARTESIAN_POINT('Ctrl Pts',(33.6505368057531,25.5387561454481,-0.446137234179552));
#2265=CARTESIAN_POINT('Ctrl Pts',(33.6505368057531,24.9219975415197,-0.446137234179552));
#2266=CARTESIAN_POINT('Ctrl Pts',(33.6505368057531,24.9219975415197,-0.446137234179553));
#2267=CARTESIAN_POINT('Ctrl Pts',(33.6505368057531,20.3386669294907,-0.446137234179553));
#2268=CARTESIAN_POINT('Ctrl Pts',(33.6505368057531,15.7553363174616,-0.446137234179553));
#2269=CARTESIAN_POINT('Ctrl Pts',(33.6505368057531,11.1720057054325,-0.446137234179553));
#2270=CARTESIAN_POINT('',(32.6005368057428,24.9219975415197,-0.445669117998453));
#2271=CARTESIAN_POINT('Ctrl Pts',(32.600536805753,11.1720057054325,-0.445669117998248));
#2272=CARTESIAN_POINT('Ctrl Pts',(32.600536805753,15.7553363174616,-0.445669117998248));
#2273=CARTESIAN_POINT('Ctrl Pts',(32.600536805753,20.3386669294907,-0.445669117998248));
#2274=CARTESIAN_POINT('Ctrl Pts',(32.600536805753,24.9219975415197,-0.445669117998248));
#2275=CARTESIAN_POINT('',(28.6505368057531,28.8719975415197,-0.44321694100352));
#2276=CARTESIAN_POINT('Ctrl Pts',(32.6005368057526,24.9219975415197,-0.445669117998248));
#2277=CARTESIAN_POINT('Ctrl Pts',(32.6005279962072,25.1815793293303,-0.445669113589904));
#2278=CARTESIAN_POINT('Ctrl Pts',(32.5749339644569,25.4404586072814,-0.445656397865579));
#2279=CARTESIAN_POINT('Ctrl Pts',(32.5241804148144,25.6948659181069,-0.445630627344622));
#2280=CARTESIAN_POINT('Ctrl Pts',(32.4961923468662,25.8351589449411,-0.445616416179163));
#2281=CARTESIAN_POINT('Ctrl Pts',(32.4605523677044,25.974092057295,-0.445598214672221));
#2282=CARTESIAN_POINT('Ctrl Pts',(32.4173251396971,26.1110331369349,-0.445575830097007));
#2283=CARTESIAN_POINT('Ctrl Pts',(32.3236653563007,26.4077413101955,-0.445527329775275));
#2284=CARTESIAN_POINT('Ctrl Pts',(32.1954786556796,26.6916857734541,-0.445459788612582));
#2285=CARTESIAN_POINT('Ctrl Pts',(32.0358705078352,26.9571831457906,-0.445371735409064));
#2286=CARTESIAN_POINT('Ctrl Pts',(31.9344709997887,27.1258543778434,-0.445315794959662));
#2287=CARTESIAN_POINT('Ctrl Pts',(31.820388014889,27.2870801853207,-0.445251551594948));
#2288=CARTESIAN_POINT('Ctrl Pts',(31.6944107206919,27.4394032676513,-0.445178615112982));
#2289=CARTESIAN_POINT('Ctrl Pts',(31.5242933462084,27.6450975001276,-0.445080123056179));
#2290=CARTESIAN_POINT('Ctrl Pts',(31.334195662242,27.8325104598766,-0.444966693179925));
#2291=CARTESIAN_POINT('Ctrl Pts',(31.1272647689816,27.9990681348821,-0.444838952068647));
#2292=CARTESIAN_POINT('Ctrl Pts',(30.9289202221693,28.1587147011659,-0.444716511419855));
#2293=CARTESIAN_POINT('Ctrl Pts',(30.7151089041448,28.2992008049394,-0.444580895418538));
#2294=CARTESIAN_POINT('Ctrl Pts',(30.4886474238484,28.4182597393026,-0.444433976182331));
#2295=CARTESIAN_POINT('Ctrl Pts',(30.2732606031294,28.5314963273401,-0.44429424174649));
#2296=CARTESIAN_POINT('Ctrl Pts',(30.0483469037757,28.6243450875658,-0.444145533647362));
#2297=CARTESIAN_POINT('Ctrl Pts',(29.8168345077521,28.6958915547875,-0.44399127346266));
#2298=CARTESIAN_POINT('Ctrl Pts',(29.5853221117286,28.7674380220092,-0.443837013277959));
#2299=CARTESIAN_POINT('Ctrl Pts',(29.3472110996322,28.8176821962267,-0.443677213586982));
#2300=CARTESIAN_POINT('Ctrl Pts',(29.1054912936117,28.8457096122478,-0.443516570846999));
#2301=CARTESIAN_POINT('Ctrl Pts',(28.9544062536727,28.8632279254496,-0.443416162381571));
#2302=CARTESIAN_POINT('Ctrl Pts',(28.802501930605,28.8719975284722,-0.443315845738882));
#2303=CARTESIAN_POINT('Ctrl Pts',(28.6505368057534,28.8719975415197,-0.44321694100352));
#2304=CARTESIAN_POINT('',(-26.8494631942469,28.8719975415197,7.54558196746467));
#2305=CARTESIAN_POINT('Ctrl Pts',(28.6505368057531,28.8719975415197,-0.443216941003519));
#2306=CARTESIAN_POINT('Ctrl Pts',(28.2426804945578,28.8719975415197,-0.442951492463507));
#2307=CARTESIAN_POINT('Ctrl Pts',(27.8348241631811,28.8719975415197,-0.442696097821106));
#2308=CARTESIAN_POINT('Ctrl Pts',(27.426967818789,28.8719975415197,-0.442469796020526));
#2309=CARTESIAN_POINT('Ctrl Pts',(27.1176278256904,28.8719975415197,-0.442298156671544));
#2310=CARTESIAN_POINT('Ctrl Pts',(26.8536180095649,28.8719975415197,-0.44215184540093));
#2311=CARTESIAN_POINT('Ctrl Pts',(26.3740560448472,28.8719975415197,-0.441965835634467));
#2312=CARTESIAN_POINT('Ctrl Pts',(24.6425082771196,28.8719975415197,-0.441294212737761));
#2313=CARTESIAN_POINT('Ctrl Pts',(20.7743152489667,28.8719975415197,-0.441447307488902));
#2314=CARTESIAN_POINT('Ctrl Pts',(17.7307071949971,28.8719975415197,-0.457851455282031));
#2315=CARTESIAN_POINT('Ctrl Pts',(16.2667208450768,28.8719975415197,-0.465741908988741));
#2316=CARTESIAN_POINT('Ctrl Pts',(15.087672239373,28.8719975415197,-0.477340715320406));
#2317=CARTESIAN_POINT('Ctrl Pts',(14.0743928683126,28.8719975415197,-0.474822224360239));
#2318=CARTESIAN_POINT('Ctrl Pts',(12.1642381696686,28.8719975415197,-0.470074562976368));
#2319=CARTESIAN_POINT('Ctrl Pts',(10.811638684291,28.8719975415197,-0.361989603326275));
#2320=CARTESIAN_POINT('Ctrl Pts',(9.01958557626646,28.8719975415197,-0.00220154690124998));
#2321=CARTESIAN_POINT('Ctrl Pts',(8.3011422659246,28.8719975415197,0.142039335872812));
#2322=CARTESIAN_POINT('Ctrl Pts',(7.483068784319,28.8719975415197,0.340084009030766));
#2323=CARTESIAN_POINT('Ctrl Pts',(6.74015736850632,28.8719975415197,0.552269066897132));
#2324=CARTESIAN_POINT('Ctrl Pts',(3.75671891735331,28.8719975415197,1.40437747030099));
#2325=CARTESIAN_POINT('Ctrl Pts',(1.39734759473861,28.8719975415197,2.59532318890965));
#2326=CARTESIAN_POINT('Ctrl Pts',(-0.660036309358209,28.8719975415197,3.66186316219943));
#2327=CARTESIAN_POINT('Ctrl Pts',(-2.25392056784225,28.8719975415197,4.48812668602963));
#2328=CARTESIAN_POINT('Ctrl Pts',(-3.71427639587007,28.8719975415197,5.26310592593283));
#2329=CARTESIAN_POINT('Ctrl Pts',(-5.31197849942504,28.8719975415197,5.9024529627154));
#2330=CARTESIAN_POINT('Ctrl Pts',(-6.44251075979439,28.8719975415197,6.35485422640904));
#2331=CARTESIAN_POINT('Ctrl Pts',(-7.64055775654923,28.8719975415197,6.73825434905251));
#2332=CARTESIAN_POINT('Ctrl Pts',(-8.99956779900459,28.8719975415197,7.01873622145983));
#2333=CARTESIAN_POINT('Ctrl Pts',(-9.78241311074342,28.8719975415197,7.18030524007067));
#2334=CARTESIAN_POINT('Ctrl Pts',(-10.5364854807874,28.8719975415197,7.29168667090818));
#2335=CARTESIAN_POINT('Ctrl Pts',(-11.2790358382932,28.8719975415197,7.37142860381359));
#2336=CARTESIAN_POINT('Ctrl Pts',(-12.9958355992154,28.8719975415197,7.55579445855147));
#2337=CARTESIAN_POINT('Ctrl Pts',(-14.7261897810137,28.8719975415197,7.57562654697353));
#2338=CARTESIAN_POINT('Ctrl Pts',(-17.2119079007214,28.8719975415197,7.55382910485593));
#2339=CARTESIAN_POINT('Ctrl Pts',(-18.0321168324954,28.8719975415197,7.54663663336331));
#2340=CARTESIAN_POINT('Ctrl Pts',(-18.934530095752,28.8719975415197,7.53875195545362));
#2341=CARTESIAN_POINT('Ctrl Pts',(-19.9457900183442,28.8719975415197,7.53641095362569));
#2342=CARTESIAN_POINT('Ctrl Pts',(-20.4914917372708,28.8719975415197,7.53514768916423));
#2343=CARTESIAN_POINT('Ctrl Pts',(-21.0181937589658,28.8719975415197,7.53506484759433));
#2344=CARTESIAN_POINT('Ctrl Pts',(-21.5144948328983,28.8719975415197,7.53536084965542));
#2345=CARTESIAN_POINT('Ctrl Pts',(-22.8857566153049,28.8719975415197,7.53617869256408));
#2346=CARTESIAN_POINT('Ctrl Pts',(-24.2035249045035,28.8719975415197,7.53975951896056));
#2347=CARTESIAN_POINT('Ctrl Pts',(-26.8494631942469,28.8719975415197,7.54558196746467));
#2348=CARTESIAN_POINT('',(-30.7994631942469,24.9219975415197,7.55324598918997));
#2349=CARTESIAN_POINT('Ctrl Pts',(-26.8494631942469,28.8719975415197,7.54558196746467));
#2350=CARTESIAN_POINT('Ctrl Pts',(-26.9549558929402,28.8719975415197,7.54581410659206));
#2351=CARTESIAN_POINT('Ctrl Pts',(-27.0604336285859,28.8677714474413,7.54604468580616));
#2352=CARTESIAN_POINT('Ctrl Pts',(-27.3369905004201,28.8455630967819,7.54664464470403));
#2353=CARTESIAN_POINT('Ctrl Pts',(-27.5072579233158,28.8206326421084,7.54700932936475));
#2354=CARTESIAN_POINT('Ctrl Pts',(-28.0383358004526,28.7070811403905,7.54813026378206));
#2355=CARTESIAN_POINT('Ctrl Pts',(-28.3885688297463,28.5786941296078,7.54884406461556));
#2356=CARTESIAN_POINT('Ctrl Pts',(-29.134324971036,28.1789140143449,7.55031130736808));
#2357=CARTESIAN_POINT('Ctrl Pts',(-29.5090526394106,27.8808288281702,7.55100838224496));
#2358=CARTESIAN_POINT('Ctrl Pts',(-30.1653821462091,27.130900167556,7.55218628372861));
#2359=CARTESIAN_POINT('Ctrl Pts',(-30.427777272114,26.674206991715,7.55262953116823));
#2360=CARTESIAN_POINT('Ctrl Pts',(-30.7302152466151,25.7738340065167,7.55313399283293));
#2361=CARTESIAN_POINT('Ctrl Pts',(-30.7994631942469,25.3490068997425,7.55324598918997));
#2362=CARTESIAN_POINT('Ctrl Pts',(-30.7994631942469,24.9219975415197,7.55324598918997));
#2363=CARTESIAN_POINT('',(-30.7994631942469,-24.5780024584803,7.55324598918997));
#2364=CARTESIAN_POINT('Ctrl Pts',(-30.7994631942469,24.9219975415197,7.55324598918997));
#2365=CARTESIAN_POINT('Ctrl Pts',(-30.7994631942469,16.5053308748531,7.55324598918997));
#2366=CARTESIAN_POINT('Ctrl Pts',(-30.7994631942469,8.08866420818639,7.55324598918997));
#2367=CARTESIAN_POINT('Ctrl Pts',(-30.7994631942469,-8.41133579181361,7.55324598918997));
#2368=CARTESIAN_POINT('Ctrl Pts',(-30.7994631942469,-16.4946691251469,7.55324598918997));
#2369=CARTESIAN_POINT('Ctrl Pts',(-30.7994631942469,-24.5780024584803,7.55324598918997));
#2370=CARTESIAN_POINT('',(-26.8494631942469,-28.5280024584803,7.54558196746467));
#2371=CARTESIAN_POINT('Ctrl Pts',(-30.7994631942469,-24.5780024584803,7.55324598918997));
#2372=CARTESIAN_POINT('Ctrl Pts',(-30.7994631942469,-24.9885065198315,7.55324598918997));
#2373=CARTESIAN_POINT('Ctrl Pts',(-30.7354657654821,-25.3970940744172,7.55314240831618));
#2374=CARTESIAN_POINT('Ctrl Pts',(-30.4608927625011,-26.2496455929674,7.55268512693196));
#2375=CARTESIAN_POINT('Ctrl Pts',(-30.2290623136977,-26.6792220725457,7.55229460094584));
#2376=CARTESIAN_POINT('Ctrl Pts',(-29.6092287080366,-27.4485627877641,7.5511926067402));
#2377=CARTESIAN_POINT('Ctrl Pts',(-29.2208988234987,-27.7768639661404,7.55047700662984));
#2378=CARTESIAN_POINT('Ctrl Pts',(-28.4545850677368,-28.2065632517658,7.54897683131153));
#2379=CARTESIAN_POINT('Ctrl Pts',(-28.1033799697155,-28.3423831780893,7.54826442957734));
#2380=CARTESIAN_POINT('Ctrl Pts',(-27.4466337869457,-28.4940607435803,7.5468834207618));
#2381=CARTESIAN_POINT('Ctrl Pts',(-27.1484246806408,-28.5280024584803,7.54623983914142));
#2382=CARTESIAN_POINT('Ctrl Pts',(-26.8494631942469,-28.5280024584803,7.54558196746467));
#2383=CARTESIAN_POINT('',(28.6505368057531,-28.5280024584803,-0.44321694100352));
#2384=CARTESIAN_POINT('Ctrl Pts',(-26.8494631942548,-28.5280024584803,7.54558196746469));
#2385=CARTESIAN_POINT('Ctrl Pts',(-26.4696735331929,-28.5280024584803,7.54474623151707));
#2386=CARTESIAN_POINT('Ctrl Pts',(-26.1065749345534,-28.5280024584803,7.54392753708746));
#2387=CARTESIAN_POINT('Ctrl Pts',(-25.759197601809,-28.5280024584803,7.54314097272675));
#2388=CARTESIAN_POINT('Ctrl Pts',(-25.3960060209054,-28.5280024584803,7.54231860026109));
#2389=CARTESIAN_POINT('Ctrl Pts',(-25.0499994542986,-28.5280024584803,7.54153139508707));
#2390=CARTESIAN_POINT('Ctrl Pts',(-24.7200112039383,-28.5280024584803,7.54079577301374));
#2391=CARTESIAN_POINT('Ctrl Pts',(-24.3707092904659,-28.5280024584803,7.54001709620472));
#2392=CARTESIAN_POINT('Ctrl Pts',(-24.0393552923966,-28.5280024584803,7.53929628512854));
#2393=CARTESIAN_POINT('Ctrl Pts',(-23.7245057843176,-28.5280024584803,7.5386510056235));
#2394=CARTESIAN_POINT('Ctrl Pts',(-23.3838765941749,-28.5280024584803,7.53795289103358));
#2395=CARTESIAN_POINT('Ctrl Pts',(-23.0625648256561,-28.5280024584803,7.53734329769477));
#2396=CARTESIAN_POINT('Ctrl Pts',(-22.7586807377233,-28.5280024584803,7.53684105461466));
#2397=CARTESIAN_POINT('Ctrl Pts',(-22.4108055162915,-28.5280024584803,7.53626610538355));
#2398=CARTESIAN_POINT('Ctrl Pts',(-22.0857681213387,-28.5280024584803,7.53583203269724));
#2399=CARTESIAN_POINT('Ctrl Pts',(-21.7806647938251,-28.5280024584803,7.53555991382963));
#2400=CARTESIAN_POINT('Ctrl Pts',(-21.3531554171258,-28.5280024584803,7.53517862212616));
#2401=CARTESIAN_POINT('Ctrl Pts',(-20.9647785713419,-28.5280024584803,7.53511681107399));
#2402=CARTESIAN_POINT('Ctrl Pts',(-20.607452507098,-28.5280024584803,7.53540443775757));
#2403=CARTESIAN_POINT('Ctrl Pts',(-20.3488635299602,-28.5280024584803,7.53561258683301));
#2404=CARTESIAN_POINT('Ctrl Pts',(-20.1065327519341,-28.5280024584803,7.53600312467642));
#2405=CARTESIAN_POINT('Ctrl Pts',(-19.8774227293113,-28.5280024584803,7.53657544890881));
#2406=CARTESIAN_POINT('Ctrl Pts',(-19.679374452644,-28.5280024584803,7.53707017989709));
#2407=CARTESIAN_POINT('Ctrl Pts',(-19.4912044369168,-28.5280024584803,7.53770073589185));
#2408=CARTESIAN_POINT('Ctrl Pts',(-19.3109921187558,-28.5280024584803,7.53845861482335));
#2409=CARTESIAN_POINT('Ctrl Pts',(-19.1453869188878,-28.5280024584803,7.53915506384085));
#2410=CARTESIAN_POINT('Ctrl Pts',(-18.986501284987,-28.5280024584803,7.53995904326149));
#2411=CARTESIAN_POINT('Ctrl Pts',(-18.8328894245542,-28.5280024584803,7.54085650908944));
#2412=CARTESIAN_POINT('Ctrl Pts',(-18.6880105473945,-28.5280024584803,7.5417029531145));
#2413=CARTESIAN_POINT('Ctrl Pts',(-18.5478225647469,-28.5280024584803,7.54263257111254));
#2414=CARTESIAN_POINT('Ctrl Pts',(-18.4111586592975,-28.5280024584803,7.54362645812341));
#2415=CARTESIAN_POINT('Ctrl Pts',(-18.2805861688542,-28.5280024584803,7.54457604537399));
#2416=CARTESIAN_POINT('Ctrl Pts',(-18.1532303724866,-28.5280024584803,7.54558426282632));
#2417=CARTESIAN_POINT('Ctrl Pts',(-18.0281206846227,-28.5280024584803,7.54662792333092));
#2418=CARTESIAN_POINT('Ctrl Pts',(-17.9076346227283,-28.5280024584803,7.54763301371441));
#2419=CARTESIAN_POINT('Ctrl Pts',(-17.7892315179567,-28.5280024584803,7.54867088214199));
#2420=CARTESIAN_POINT('Ctrl Pts',(-17.6720923300858,-28.5280024584803,7.54971562139691));
#2421=CARTESIAN_POINT('Ctrl Pts',(-17.5586157211174,-28.5280024584803,7.55072769489734));
#2422=CARTESIAN_POINT('Ctrl Pts',(-17.4463250582454,-28.5280024584803,7.55174614473453));
#2423=CARTESIAN_POINT('Ctrl Pts',(-17.3345242359632,-28.5280024584803,7.55274362389553));
#2424=CARTESIAN_POINT('Ctrl Pts',(-17.2257505722849,-28.5280024584803,7.55371409495799));
#2425=CARTESIAN_POINT('Ctrl Pts',(-17.117440436943,-28.5280024584803,7.55466465865227));
#2426=CARTESIAN_POINT('Ctrl Pts',(-17.0090016898801,-28.5280024584803,7.55556740224436));
#2427=CARTESIAN_POINT('Ctrl Pts',(-16.9031733262656,-28.5280024584803,7.55644841461035));
#2428=CARTESIAN_POINT('Ctrl Pts',(-16.7972223428707,-28.5280024584803,7.55728383550072));
#2429=CARTESIAN_POINT('Ctrl Pts',(-16.6906475898105,-28.5280024584803,7.55804583283836));
#2430=CARTESIAN_POINT('Ctrl Pts',(-16.5865496776711,-28.5280024584803,7.55879012104571));
#2431=CARTESIAN_POINT('Ctrl Pts',(-16.481856543975,-28.5280024584803,7.55946453637217));
#2432=CARTESIAN_POINT('Ctrl Pts',(-16.3761504199033,-28.5280024584803,7.56004071558296));
#2433=CARTESIAN_POINT('Ctrl Pts',(-16.2727693356197,-28.5280024584803,7.56060422154893));
#2434=CARTESIAN_POINT('Ctrl Pts',(-16.1684192423069,-28.5280024584803,7.56107397847495));
#2435=CARTESIAN_POINT('Ctrl Pts',(-16.0627584709195,-28.5280024584803,7.56141799118291));
#2436=CARTESIAN_POINT('Ctrl Pts',(-15.9592554600877,-28.5280024584803,7.56175497860568));
#2437=CARTESIAN_POINT('Ctrl Pts',(-15.8544946794949,-28.5280024584803,7.56197148693615));
#2438=CARTESIAN_POINT('Ctrl Pts',(-15.748203884831,-28.5280024584803,7.5620292610155));
#2439=CARTESIAN_POINT('Ctrl Pts',(-15.6439269553591,-28.5280024584803,7.56208594046377));
#2440=CARTESIAN_POINT('Ctrl Pts',(-15.5381773725111,-28.5280024584803,7.5619900006855));
#2441=CARTESIAN_POINT('Ctrl Pts',(-15.4307467194684,-28.5280024584803,7.56169488772967));
#2442=CARTESIAN_POINT('Ctrl Pts',(-15.3250728643361,-28.5280024584803,7.56140460071326));
#2443=CARTESIAN_POINT('Ctrl Pts',(-15.2177723989663,-28.5280024584803,7.56092174186905));
#2444=CARTESIAN_POINT('Ctrl Pts',(-15.108695531389,-28.5280024584803,7.5601896262555));
#2445=CARTESIAN_POINT('Ctrl Pts',(-14.9984809226885,-28.5280024584803,7.55944987421034));
#2446=CARTESIAN_POINT('Ctrl Pts',(-14.8864525912027,-28.5280024584803,7.55845570478463));
#2447=CARTESIAN_POINT('Ctrl Pts',(-14.7725081202138,-28.5280024584803,7.55713382195422));
#2448=CARTESIAN_POINT('Ctrl Pts',(-14.6553524074451,-28.5280024584803,7.55577468514092));
#2449=CARTESIAN_POINT('Ctrl Pts',(-14.5361711607123,-28.5280024584803,7.55406900653989));
#2450=CARTESIAN_POINT('Ctrl Pts',(-14.414906800764,-28.5280024584803,7.55192218354099));
#2451=CARTESIAN_POINT('Ctrl Pts',(-14.2896839371296,-28.5280024584803,7.54970528053872));
#2452=CARTESIAN_POINT('Ctrl Pts',(-14.1622398923461,-28.5280024584803,7.54701784382767));
#2453=CARTESIAN_POINT('Ctrl Pts',(-14.0325656505406,-28.5280024584803,7.54374164299669));
#2454=CARTESIAN_POINT('Ctrl Pts',(-13.8978712403651,-28.5280024584803,7.54033860834307));
#2455=CARTESIAN_POINT('Ctrl Pts',(-13.7607707955225,-28.5280024584803,7.53630019012535));
#2456=CARTESIAN_POINT('Ctrl Pts',(-13.6213094351786,-28.5280024584803,7.53148103339368));
#2457=CARTESIAN_POINT('Ctrl Pts',(-13.4752346623717,-28.5280024584803,7.52643334690214));
#2458=CARTESIAN_POINT('Ctrl Pts',(-13.3265699806245,-28.5280024584803,7.52052891598916));
#2459=CARTESIAN_POINT('Ctrl Pts',(-13.1754235790365,-28.5280024584803,7.51358961705068));
#2460=CARTESIAN_POINT('Ctrl Pts',(-13.0164762998798,-28.5280024584803,7.50629217117081));
#2461=CARTESIAN_POINT('Ctrl Pts',(-12.8547848082375,-28.5280024584803,7.49784999787049));
#2462=CARTESIAN_POINT('Ctrl Pts',(-12.6905314785918,-28.5280024584803,7.48804783209498));
#2463=CARTESIAN_POINT('Ctrl Pts',(-12.5176051331484,-28.5280024584803,7.47772808570905));
#2464=CARTESIAN_POINT('Ctrl Pts',(-12.3418395449924,-28.5280024584803,7.46590056300998));
#2465=CARTESIAN_POINT('Ctrl Pts',(-12.1635045466753,-28.5280024584803,7.45231035164298));
#2466=CARTESIAN_POINT('Ctrl Pts',(-11.966200657587,-28.5280024584803,7.43727459544513));
#2467=CARTESIAN_POINT('Ctrl Pts',(-11.7657518083341,-28.5280024584803,7.42008054362095));
#2468=CARTESIAN_POINT('Ctrl Pts',(-11.5625890269857,-28.5280024584803,7.40038695091057));
#2469=CARTESIAN_POINT('Ctrl Pts',(-11.3436369249552,-28.5280024584803,7.37916281973924));
#2470=CARTESIAN_POINT('Ctrl Pts',(-11.121533663674,-28.5280024584803,7.35503436854384));
#2471=CARTESIAN_POINT('Ctrl Pts',(-10.8968820901219,-28.5280024584803,7.32759376675372));
#2472=CARTESIAN_POINT('Ctrl Pts',(-10.6729244794568,-28.5280024584803,7.30023793071412));
#2473=CARTESIAN_POINT('Ctrl Pts',(-10.4464365537445,-28.5280024584803,7.26958923167119));
#2474=CARTESIAN_POINT('Ctrl Pts',(-10.218050688361,-28.5280024584803,7.23527908430337));
#2475=CARTESIAN_POINT('Ctrl Pts',(-10.0145948776293,-28.5280024584803,7.20471415053517));
#2476=CARTESIAN_POINT('Ctrl Pts',(-9.80963470511751,-28.5280024584803,7.17124329898011));
#2477=CARTESIAN_POINT('Ctrl Pts',(-9.60361528896598,-28.5280024584803,7.13464236289701));
#2478=CARTESIAN_POINT('Ctrl Pts',(-9.41314098528597,-28.5280024584803,7.10080313577613));
#2479=CARTESIAN_POINT('Ctrl Pts',(-9.2217621900697,-28.5280024584803,7.06428824383328));
#2480=CARTESIAN_POINT('Ctrl Pts',(-9.02981104554098,-28.5280024584803,7.02495567704411));
#2481=CARTESIAN_POINT('Ctrl Pts',(-8.84085913764553,-28.5280024584803,6.98623768161101));
#2482=CARTESIAN_POINT('Ctrl Pts',(-8.6513535461208,-28.5280024584803,6.94478898017165));
#2483=CARTESIAN_POINT('Ctrl Pts',(-8.46157782713238,-28.5280024584803,6.90051372794795));
#2484=CARTESIAN_POINT('Ctrl Pts',(-8.28544217376814,-28.5280024584803,6.85942074450488));
#2485=CARTESIAN_POINT('Ctrl Pts',(-8.10907396681073,-28.5280024584803,6.81589308777298));
#2486=CARTESIAN_POINT('Ctrl Pts',(-7.93266386297741,-28.5280024584803,6.76988967118866));
#2487=CARTESIAN_POINT('Ctrl Pts',(-7.7483187137458,-28.5280024584803,6.72181698991293));
#2488=CARTESIAN_POINT('Ctrl Pts',(-7.56392818216024,-28.5280024584803,6.67104052195621));
#2489=CARTESIAN_POINT('Ctrl Pts',(-7.37966511509705,-28.5280024584803,6.61755509971683));
#2490=CARTESIAN_POINT('Ctrl Pts',(-7.19828115845672,-28.5280024584803,6.56490538719993));
#2491=CARTESIAN_POINT('Ctrl Pts',(-7.01702064373879,-28.5280024584803,6.50963082594523));
#2492=CARTESIAN_POINT('Ctrl Pts',(-6.83600451372444,-28.5280024584803,6.45176675774835));
#2493=CARTESIAN_POINT('Ctrl Pts',(-6.65781676074156,-28.5280024584803,6.39480681561704));
#2494=CARTESIAN_POINT('Ctrl Pts',(-6.47986574660311,-28.5280024584803,6.33533776139277));
#2495=CARTESIAN_POINT('Ctrl Pts',(-6.30222495258297,-28.5280024584803,6.27343104136987));
#2496=CARTESIAN_POINT('Ctrl Pts',(-6.12676426085797,-28.5280024584803,6.21228407353763));
#2497=CARTESIAN_POINT('Ctrl Pts',(-5.95160617748705,-28.5280024584803,6.14875898434259));
#2498=CARTESIAN_POINT('Ctrl Pts',(-5.7767811236624,-28.5280024584803,6.08296040495749));
#2499=CARTESIAN_POINT('Ctrl Pts',(-5.59613470951478,-28.5280024584803,6.01497085104693));
#2500=CARTESIAN_POINT('Ctrl Pts',(-5.4158438231938,-28.5280024584803,5.94455387202226));
#2501=CARTESIAN_POINT('Ctrl Pts',(-5.23589799349395,-28.5280024584803,5.87186373277605));
#2502=CARTESIAN_POINT('Ctrl Pts',(-5.04733079920173,-28.5280024584803,5.79569094436949));
#2503=CARTESIAN_POINT('Ctrl Pts',(-4.85914225449727,-28.5280024584803,5.71702204228855));
#2504=CARTESIAN_POINT('Ctrl Pts',(-4.67127564048164,-28.5280024584803,5.63607568465435));
#2505=CARTESIAN_POINT('Ctrl Pts',(-4.47176091898673,-28.5280024584803,5.5501104902315));
#2506=CARTESIAN_POINT('Ctrl Pts',(-4.27260891920706,-28.5280024584803,5.46157676744433));
#2507=CARTESIAN_POINT('Ctrl Pts',(-4.07370729035994,-28.5280024584803,5.37078050871814));
#2508=CARTESIAN_POINT('Ctrl Pts',(-3.85764736447968,-28.5280024584803,5.27215168881207));
#2509=CARTESIAN_POINT('Ctrl Pts',(-3.6418822748741,-28.5280024584803,5.17085325774352));
#2510=CARTESIAN_POINT('Ctrl Pts',(-3.42622451471094,-28.5280024584803,5.0673265437868));
#2511=CARTESIAN_POINT('Ctrl Pts',(-3.1865600145651,-28.5280024584803,4.95227537134854));
#2512=CARTESIAN_POINT('Ctrl Pts',(-2.94702693465816,-28.5280024584803,4.83447239732627));
#2513=CARTESIAN_POINT('Ctrl Pts',(-2.70733056311123,-28.5280024584803,4.7145790355366));
#2514=CARTESIAN_POINT('Ctrl Pts',(-2.43686610972565,-28.5280024584803,4.57929583391059));
#2515=CARTESIAN_POINT('Ctrl Pts',(-2.16619137919742,-28.5280024584803,4.44135157378048));
#2516=CARTESIAN_POINT('Ctrl Pts',(-1.89486564571771,-28.5280024584803,4.30175977827321));
#2517=CARTESIAN_POINT('Ctrl Pts',(-1.63241850119449,-28.5280024584803,4.1667358435365));
#2518=CARTESIAN_POINT('Ctrl Pts',(-1.36935953334459,-28.5280024584803,4.03017235979877));
#2519=CARTESIAN_POINT('Ctrl Pts',(-1.10531464633228,-28.5280024584803,3.89302154923704));
#2520=CARTESIAN_POINT('Ctrl Pts',(-0.872848075993914,-28.5280024584803,
3.77227322151454));
#2521=CARTESIAN_POINT('Ctrl Pts',(-0.639616514534567,-28.5280024584803,
3.65107087465124));
#2522=CARTESIAN_POINT('Ctrl Pts',(-0.405405754040893,-28.5280024584803,
3.53007091173047));
#2523=CARTESIAN_POINT('Ctrl Pts',(-0.189548522152526,-28.5280024584803,
3.4185529054714));
#2524=CARTESIAN_POINT('Ctrl Pts',(0.0271407527382716,-28.5280024584803,
3.30720745856466));
#2525=CARTESIAN_POINT('Ctrl Pts',(0.244785815291564,-28.5280024584803,3.19654233228506));
#2526=CARTESIAN_POINT('Ctrl Pts',(0.449668417233768,-28.5280024584803,3.09236648400055));
#2527=CARTESIAN_POINT('Ctrl Pts',(0.655398199894665,-28.5280024584803,2.98879390582365));
#2528=CARTESIAN_POINT('Ctrl Pts',(0.86203433178649,-28.5280024584803,2.88623544489987));
#2529=CARTESIAN_POINT('Ctrl Pts',(1.05914449806695,-28.5280024584803,2.78840494884346));
#2530=CARTESIAN_POINT('Ctrl Pts',(1.25707952864914,-28.5280024584803,2.69149749851711));
#2531=CARTESIAN_POINT('Ctrl Pts',(1.45584689376764,-28.5280024584803,2.59585307026099));
#2532=CARTESIAN_POINT('Ctrl Pts',(1.64554146440283,-28.5280024584803,2.50457435989083));
#2533=CARTESIAN_POINT('Ctrl Pts',(1.83599422376095,-28.5280024584803,2.41444617702182));
#2534=CARTESIAN_POINT('Ctrl Pts',(2.02716909025954,-28.5280024584803,2.32574538389399));
#2535=CARTESIAN_POINT('Ctrl Pts',(2.20929488853754,-28.5280024584803,2.24124315275778));
#2536=CARTESIAN_POINT('Ctrl Pts',(2.39207628470763,-28.5280024584803,2.15803648256073));
#2537=CARTESIAN_POINT('Ctrl Pts',(2.5754398127904,-28.5280024584803,2.07634550224178));
#2538=CARTESIAN_POINT('Ctrl Pts',(2.75177149555844,-28.5280024584803,1.99778730597874));
#2539=CARTESIAN_POINT('Ctrl Pts',(2.92864170791546,-28.5280024584803,1.92063085899419));
#2540=CARTESIAN_POINT('Ctrl Pts',(3.10594197906195,-28.5280024584803,1.84505236021052));
#2541=CARTESIAN_POINT('Ctrl Pts',(3.27755694227804,-28.5280024584803,1.77189736047579));
#2542=CARTESIAN_POINT('Ctrl Pts',(3.44957498543968,-28.5280024584803,1.70022080304715));
#2543=CARTESIAN_POINT('Ctrl Pts',(3.62185397260484,-28.5280024584803,1.63016268649985));
#2544=CARTESIAN_POINT('Ctrl Pts',(3.78945938446858,-28.5280024584803,1.56200510285298));
#2545=CARTESIAN_POINT('Ctrl Pts',(3.95731191555245,-28.5280024584803,1.49537940203681));
#2546=CARTESIAN_POINT('Ctrl Pts',(4.12523636654848,-28.5280024584803,1.43039450422539));
#2547=CARTESIAN_POINT('Ctrl Pts',(4.29537845774568,-28.5280024584803,1.36455140428199));
#2548=CARTESIAN_POINT('Ctrl Pts',(4.46559462248514,-28.5280024584803,1.30039289447003));
#2549=CARTESIAN_POINT('Ctrl Pts',(4.63565238166721,-28.5280024584803,1.23800943122999));
#2550=CARTESIAN_POINT('Ctrl Pts',(4.81738605853766,-28.5280024584803,1.17134281040039));
#2551=CARTESIAN_POINT('Ctrl Pts',(4.99893826616104,-28.5280024584803,1.10670355766976));
#2552=CARTESIAN_POINT('Ctrl Pts',(5.17997089615189,-28.5280024584803,1.04417308196185));
#2553=CARTESIAN_POINT('Ctrl Pts',(5.37775465442399,-28.5280024584803,0.975856599498556));
#2554=CARTESIAN_POINT('Ctrl Pts',(5.5749171925039,-28.5280024584803,0.910057592199334));
#2555=CARTESIAN_POINT('Ctrl Pts',(5.77096729074052,-28.5280024584803,0.846843694964366));
#2556=CARTESIAN_POINT('Ctrl Pts',(5.98531733448896,-28.5280024584803,0.777729209637913));
#2557=CARTESIAN_POINT('Ctrl Pts',(6.19833527638671,-28.5280024584803,0.711705451915637));
#2558=CARTESIAN_POINT('Ctrl Pts',(6.40934823735791,-28.5280024584803,0.648809424869917));
#2559=CARTESIAN_POINT('Ctrl Pts',(6.61275606137195,-28.5280024584803,0.588180239147789));
#2560=CARTESIAN_POINT('Ctrl Pts',(6.81429815849037,-28.5280024584803,0.530456877375321));
#2561=CARTESIAN_POINT('Ctrl Pts',(7.01338301789004,-28.5280024584803,0.475628779290856));
#2562=CARTESIAN_POINT('Ctrl Pts',(7.20269510746387,-28.5280024584803,0.423492108290219));
#2563=CARTESIAN_POINT('Ctrl Pts',(7.38978446379606,-28.5280024584803,0.373972907707681));
#2564=CARTESIAN_POINT('Ctrl Pts',(7.5741784969823,-28.5280024584803,0.327029249234311));
#2565=CARTESIAN_POINT('Ctrl Pts',(7.7526969324698,-28.5280024584803,0.281581420354398));
#2566=CARTESIAN_POINT('Ctrl Pts',(7.9286886757332,-28.5280024584803,0.23854726179466));
#2567=CARTESIAN_POINT('Ctrl Pts',(8.10176699557271,-28.5280024584803,0.197863265192107));
#2568=CARTESIAN_POINT('Ctrl Pts',(8.26947524156963,-28.5280024584803,0.158441564561518));
#2569=CARTESIAN_POINT('Ctrl Pts',(8.43444774949905,-28.5280024584803,0.121226166646373));
#2570=CARTESIAN_POINT('Ctrl Pts',(8.59637788375117,-28.5280024584803,0.0861395599511663));
#2571=CARTESIAN_POINT('Ctrl Pts',(8.75363514480276,-28.5280024584803,0.052065459451184));
#2572=CARTESIAN_POINT('Ctrl Pts',(8.90802285696025,-28.5280024584803,0.0199988300288954));
#2573=CARTESIAN_POINT('Ctrl Pts',(9.05930731063941,-28.5280024584803,-0.010146525458448));
#2574=CARTESIAN_POINT('Ctrl Pts',(9.2029344577182,-28.5280024584803,-0.0387660650147433));
#2575=CARTESIAN_POINT('Ctrl Pts',(9.34376441549516,-28.5280024584803,-0.0656541158329935));
#2576=CARTESIAN_POINT('Ctrl Pts',(9.48164198435754,-28.5280024584803,-0.090895098577248));
#2577=CARTESIAN_POINT('Ctrl Pts',(9.60534987940803,-28.5280024584803,-0.113542066246181));
#2578=CARTESIAN_POINT('Ctrl Pts',(9.72668049484244,-28.5280024584803,-0.134863282618968));
#2579=CARTESIAN_POINT('Ctrl Pts',(9.84556423811412,-28.5280024584803,-0.154925855128739));
#2580=CARTESIAN_POINT('Ctrl Pts',(9.95622929011851,-28.5280024584803,-0.173601458445348));
#2581=CARTESIAN_POINT('Ctrl Pts',(10.0647737304151,-28.5280024584803,-0.191186514210615));
#2582=CARTESIAN_POINT('Ctrl Pts',(10.1711866043372,-28.5280024584803,-0.207739100438275));
#2583=CARTESIAN_POINT('Ctrl Pts',(10.2721784571796,-28.5280024584803,-0.223448443592457));
#2584=CARTESIAN_POINT('Ctrl Pts',(10.3712501199589,-28.5280024584803,-0.238227884952803));
#2585=CARTESIAN_POINT('Ctrl Pts',(10.468438891265,-28.5280024584803,-0.252129822219744));
#2586=CARTESIAN_POINT('Ctrl Pts',(10.5617006315293,-28.5280024584803,-0.265470034727168));
#2587=CARTESIAN_POINT('Ctrl Pts',(10.6532283516634,-28.5280024584803,-0.278002259920269));
#2588=CARTESIAN_POINT('Ctrl Pts',(10.7431026282079,-28.5280024584803,-0.289774781519344));
#2589=CARTESIAN_POINT('Ctrl Pts',(10.8299652574985,-28.5280024584803,-0.301152811126841));
#2590=CARTESIAN_POINT('Ctrl Pts',(10.9152832193678,-28.5280024584803,-0.311821225671344));
#2591=CARTESIAN_POINT('Ctrl Pts',(10.9991775517183,-28.5280024584803,-0.321825061712576));
#2592=CARTESIAN_POINT('Ctrl Pts',(11.0814339751546,-28.5280024584803,-0.331633588109295));
#2593=CARTESIAN_POINT('Ctrl Pts',(11.1623215829027,-28.5280024584803,-0.34080325261235));
#2594=CARTESIAN_POINT('Ctrl Pts',(11.2420048704111,-28.5280024584803,-0.349377583195034));
#2595=CARTESIAN_POINT('Ctrl Pts',(11.3250278569965,-28.5280024584803,-0.358311282534047));
#2596=CARTESIAN_POINT('Ctrl Pts',(11.4067436351169,-28.5280024584803,-0.366598727312729));
#2597=CARTESIAN_POINT('Ctrl Pts',(11.4873964695362,-28.5280024584803,-0.374290002869969));
#2598=CARTESIAN_POINT('Ctrl Pts',(11.5737634900588,-28.5280024584803,-0.382526198890609));
#2599=CARTESIAN_POINT('Ctrl Pts',(11.6589120244404,-28.5280024584803,-0.390078804296793));
#2600=CARTESIAN_POINT('Ctrl Pts',(11.7432023957753,-28.5280024584803,-0.397009670745337));
#2601=CARTESIAN_POINT('Ctrl Pts',(11.8369035188142,-28.5280024584803,-0.404714346375265));
#2602=CARTESIAN_POINT('Ctrl Pts',(11.9295448145197,-28.5280024584803,-0.411650797181908));
#2603=CARTESIAN_POINT('Ctrl Pts',(12.0216855792439,-28.5280024584803,-0.417903265307209));
#2604=CARTESIAN_POINT('Ctrl Pts',(12.1480642058084,-28.5280024584803,-0.426479038871483));
#2605=CARTESIAN_POINT('Ctrl Pts',(12.273502728254,-28.5280024584803,-0.433768700753614));
#2606=CARTESIAN_POINT('Ctrl Pts',(12.3995511573664,-28.5280024584803,-0.43998251360009));
#2607=CARTESIAN_POINT('Ctrl Pts',(12.5032048958412,-28.5280024584803,-0.445092334771646));
#2608=CARTESIAN_POINT('Ctrl Pts',(12.6072760224244,-28.5280024584803,-0.449474611682003));
#2609=CARTESIAN_POINT('Ctrl Pts',(12.7126245878878,-28.5280024584803,-0.453239036515742));
#2610=CARTESIAN_POINT('Ctrl Pts',(12.8072346475008,-28.5280024584803,-0.456619741856736));
#2611=CARTESIAN_POINT('Ctrl Pts',(12.9028763864861,-28.5280024584803,-0.459502109491415));
#2612=CARTESIAN_POINT('Ctrl Pts',(13.0001337048445,-28.5280024584803,-0.461959332345077));
#2613=CARTESIAN_POINT('Ctrl Pts',(13.0945784241301,-28.5280024584803,-0.464345494400058));
#2614=CARTESIAN_POINT('Ctrl Pts',(13.1905468042554,-28.5280024584803,-0.466330706568884));
#2615=CARTESIAN_POINT('Ctrl Pts',(13.2885263691538,-28.5280024584803,-0.467976308630337));
#2616=CARTESIAN_POINT('Ctrl Pts',(13.3840670330271,-28.5280024584803,-0.469580948471162));
#2617=CARTESIAN_POINT('Ctrl Pts',(13.4815201508694,-28.5280024584803,-0.470862643722611));
#2618=CARTESIAN_POINT('Ctrl Pts',(13.5812898918545,-28.5280024584803,-0.471873286353322));
#2619=CARTESIAN_POINT('Ctrl Pts',(13.6788514536873,-28.5280024584803,-0.472861560679119));
#2620=CARTESIAN_POINT('Ctrl Pts',(13.778628357129,-28.5280024584803,-0.473590622358366));
#2621=CARTESIAN_POINT('Ctrl Pts',(13.8809501434272,-28.5280024584803,-0.474104579537907));
#2622=CARTESIAN_POINT('Ctrl Pts',(13.981233329148,-28.5280024584803,-0.474608296929414));
#2623=CARTESIAN_POINT('Ctrl Pts',(14.0839611186894,-28.5280024584803,-0.47490537429667));
#2624=CARTESIAN_POINT('Ctrl Pts',(14.1893949283959,-28.5280024584803,-0.475033387776848));
#2625=CARTESIAN_POINT('Ctrl Pts',(14.2930530707268,-28.5280024584803,-0.475159245313302));
#2626=CARTESIAN_POINT('Ctrl Pts',(14.3993269702128,-28.5280024584803,-0.475121668084927));
#2627=CARTESIAN_POINT('Ctrl Pts',(14.508415649538,-28.5280024584803,-0.474952792663087));
#2628=CARTESIAN_POINT('Ctrl Pts',(14.6182088787339,-28.5280024584803,-0.474782826558351));
#2629=CARTESIAN_POINT('Ctrl Pts',(14.7308535524143,-28.5280024584803,-0.474479856069607));
#2630=CARTESIAN_POINT('Ctrl Pts',(14.846499067127,-28.5280024584803,-0.474073135922038));
#2631=CARTESIAN_POINT('Ctrl Pts',(14.9652714730423,-28.5280024584803,-0.473655418636754));
#2632=CARTESIAN_POINT('Ctrl Pts',(15.0872090375224,-28.5280024584803,-0.473128266882896));
#2633=CARTESIAN_POINT('Ctrl Pts',(15.2124174898535,-28.5280024584803,-0.472519698217659));
#2634=CARTESIAN_POINT('Ctrl Pts',(15.341580844749,-28.5280024584803,-0.471891906970162));
#2635=CARTESIAN_POINT('Ctrl Pts',(15.4742248028175,-28.5280024584803,-0.471177477132319));
#2636=CARTESIAN_POINT('Ctrl Pts',(15.6104090364738,-28.5280024584803,-0.470403268216564));
#2637=CARTESIAN_POINT('Ctrl Pts',(15.7516875792645,-28.5280024584803,-0.469600098095496));
#2638=CARTESIAN_POINT('Ctrl Pts',(15.8967760006622,-28.5280024584803,-0.468732597870189));
#2639=CARTESIAN_POINT('Ctrl Pts',(16.0456841633372,-28.5280024584803,-0.467826557487388));
#2640=CARTESIAN_POINT('Ctrl Pts',(16.2014173095617,-28.5280024584803,-0.466878990094941));
#2641=CARTESIAN_POINT('Ctrl Pts',(16.3613280943436,-28.5280024584803,-0.465889277492759));
#2642=CARTESIAN_POINT('Ctrl Pts',(16.5253705317857,-28.5280024584803,-0.464882294683302));
#2643=CARTESIAN_POINT('Ctrl Pts',(16.699101427679,-28.5280024584803,-0.463815838781012));
#2644=CARTESIAN_POINT('Ctrl Pts',(16.8774660620203,-28.5280024584803,-0.462730028904546));
#2645=CARTESIAN_POINT('Ctrl Pts',(17.0603517854743,-28.5280024584803,-0.461649121487976));
#2646=CARTESIAN_POINT('Ctrl Pts',(17.2536925238349,-28.5280024584803,-0.46050642191541));
#2647=CARTESIAN_POINT('Ctrl Pts',(17.4520858292925,-28.5280024584803,-0.459369218061594));
#2648=CARTESIAN_POINT('Ctrl Pts',(17.6553417613419,-28.5280024584803,-0.458260175158736));
#2649=CARTESIAN_POINT('Ctrl Pts',(17.8632382644897,-28.5280024584803,-0.45712581150686));
#2650=CARTESIAN_POINT('Ctrl Pts',(18.0762218315426,-28.5280024584803,-0.456020894652032));
#2651=CARTESIAN_POINT('Ctrl Pts',(18.294033275949,-28.5280024584803,-0.454963593985476));
#2652=CARTESIAN_POINT('Ctrl Pts',(18.5174509913362,-28.5280024584803,-0.453879079349236));
#2653=CARTESIAN_POINT('Ctrl Pts',(18.7459481577229,-28.5280024584803,-0.452844646871564));
#2654=CARTESIAN_POINT('Ctrl Pts',(18.9791890664305,-28.5280024584803,-0.45187381407623));
#2655=CARTESIAN_POINT('Ctrl Pts',(19.2193084584547,-28.5280024584803,-0.450874350552165));
#2656=CARTESIAN_POINT('Ctrl Pts',(19.4644553325973,-28.5280024584803,-0.449942273780937));
#2657=CARTESIAN_POINT('Ctrl Pts',(19.7142073426376,-28.5280024584803,-0.449086232569621));
#2658=CARTESIAN_POINT('Ctrl Pts',(19.9745725673095,-28.5280024584803,-0.448193813876867));
#2659=CARTESIAN_POINT('Ctrl Pts',(20.239942470239,-28.5280024584803,-0.44738401392716));
#2660=CARTESIAN_POINT('Ctrl Pts',(20.5097809436495,-28.5280024584803,-0.446660356008892));
#2661=CARTESIAN_POINT('Ctrl Pts',(20.8168729299945,-28.5280024584803,-0.4458367909155));
#2662=CARTESIAN_POINT('Ctrl Pts',(21.129751679787,-28.5280024584803,-0.445124838892968));
#2663=CARTESIAN_POINT('Ctrl Pts',(21.4475577465111,-28.5280024584803,-0.444521309931558));
#2664=CARTESIAN_POINT('Ctrl Pts',(21.9614667767837,-28.5280024584803,-0.443545372038059));
#2665=CARTESIAN_POINT('Ctrl Pts',(22.48825164682,-28.5280024584803,-0.442854231866869));
#2666=CARTESIAN_POINT('Ctrl Pts',(23.0241430942024,-28.5280024584803,-0.442399805117025));
#2667=CARTESIAN_POINT('Ctrl Pts',(23.3365741585164,-28.5280024584803,-0.44213486893676));
#2668=CARTESIAN_POINT('Ctrl Pts',(23.6520988843904,-28.5280024584803,-0.441949670049032));
#2669=CARTESIAN_POINT('Ctrl Pts',(23.9700014985009,-28.5280024584803,-0.44183105808008));
#2670=CARTESIAN_POINT('Ctrl Pts',(24.2702286700601,-28.5280024584803,-0.441719040957946));
#2671=CARTESIAN_POINT('Ctrl Pts',(24.5725761002535,-28.5280024584803,-0.441666342321443));
#2672=CARTESIAN_POINT('Ctrl Pts',(24.8764880554961,-28.5280024584803,-0.441661265814768));
#2673=CARTESIAN_POINT('Ctrl Pts',(25.1871070397972,-28.5280024584803,-0.441656077274733));
#2674=CARTESIAN_POINT('Ctrl Pts',(25.4993597229886,-28.5280024584803,-0.441700597063179));
#2675=CARTESIAN_POINT('Ctrl Pts',(25.8127114313254,-28.5280024584803,-0.441782390897021));
#2676=CARTESIAN_POINT('Ctrl Pts',(26.1027791487888,-28.5280024584803,-0.441858106937668));
#2677=CARTESIAN_POINT('Ctrl Pts',(26.3937889618238,-28.5280024584803,-0.441965739334957));
#2678=CARTESIAN_POINT('Ctrl Pts',(26.6853670139964,-28.5280024584803,-0.442095911611963));
#2679=CARTESIAN_POINT('Ctrl Pts',(26.9723528140176,-28.5280024584803,-0.442224033721219));
#2680=CARTESIAN_POINT('Ctrl Pts',(27.2598889416427,-28.5280024584803,-0.442373967800476));
#2681=CARTESIAN_POINT('Ctrl Pts',(27.547669031261,-28.5280024584803,-0.442537609787657));
#2682=CARTESIAN_POINT('Ctrl Pts',(27.8331944202185,-28.5280024584803,-0.442699969671907));
#2683=CARTESIAN_POINT('Ctrl Pts',(28.1189598415546,-28.5280024584803,-0.442875805594383));
#2684=CARTESIAN_POINT('Ctrl Pts',(28.4047182299599,-28.5280024584803,-0.443058359026382));
#2685=CARTESIAN_POINT('Ctrl Pts',(28.4866596836288,-28.5280024584803,-0.443110706373642));
#2686=CARTESIAN_POINT('Ctrl Pts',(28.5686008896451,-28.5280024584803,-0.443163613964784));
#2687=CARTESIAN_POINT('Ctrl Pts',(28.6505368057531,-28.5280024584803,-0.443216941003519));
#2688=CARTESIAN_POINT('',(32.6005368057428,-24.5780024584803,-0.445669117998454));
#2689=CARTESIAN_POINT('Ctrl Pts',(28.6505368057531,-28.5280024584803,-0.443216941003519));
#2690=CARTESIAN_POINT('Ctrl Pts',(28.7379555584061,-28.5280024592117,-0.443273836482698));
#2691=CARTESIAN_POINT('Ctrl Pts',(28.8253898004478,-28.5251004290556,-0.443331223729566));
#2692=CARTESIAN_POINT('Ctrl Pts',(28.9126952157745,-28.5192932328403,-0.443388849468052));
#2693=CARTESIAN_POINT('Ctrl Pts',(29.153832537197,-28.503253772572,-0.443548011602169));
#2694=CARTESIAN_POINT('Ctrl Pts',(29.3924947073509,-28.4651519881893,-0.443707937162737));
#2695=CARTESIAN_POINT('Ctrl Pts',(29.6257126973066,-28.4057369280845,-0.443863736630305));
#2696=CARTESIAN_POINT('Ctrl Pts',(29.8589306872624,-28.3463218679796,-0.444019536097873));
#2697=CARTESIAN_POINT('Ctrl Pts',(30.0867041186374,-28.2655935321528,-0.444171190342297));
#2698=CARTESIAN_POINT('Ctrl Pts',(30.3061221987396,-28.1643009689963,-0.444314954554346));
#2699=CARTESIAN_POINT('Ctrl Pts',(30.535987586062,-28.0581854918579,-0.444465563912838));
#2700=CARTESIAN_POINT('Ctrl Pts',(30.7546647816295,-27.9304303176016,-0.444606174031015));
#2701=CARTESIAN_POINT('Ctrl Pts',(30.9592744772421,-27.783040365859,-0.444734435474439));
#2702=CARTESIAN_POINT('Ctrl Pts',(31.1379476061453,-27.6543337385025,-0.444846438345787));
#2703=CARTESIAN_POINT('Ctrl Pts',(31.3058953553808,-27.5106546894338,-0.444949063192373));
#2704=CARTESIAN_POINT('Ctrl Pts',(31.4612326565565,-27.3533382641579,-0.445041617955276));
#2705=CARTESIAN_POINT('Ctrl Pts',(31.7764956178539,-27.0340585952192,-0.445229461367092));
#2706=CARTESIAN_POINT('Ctrl Pts',(32.03466921607,-26.6637792105045,-0.445372654717768));
#2707=CARTESIAN_POINT('Ctrl Pts',(32.2251244397544,-26.2587216574015,-0.445474608411293));
#2708=CARTESIAN_POINT('Ctrl Pts',(32.2575294939727,-26.189803033297,-0.445491955349342));
#2709=CARTESIAN_POINT('Ctrl Pts',(32.2879740128558,-26.1198776017128,-0.445508113189243));
#2710=CARTESIAN_POINT('Ctrl Pts',(32.3164053122858,-26.0490252635856,-0.445523099868594));
#2711=CARTESIAN_POINT('Ctrl Pts',(32.4145994402456,-25.8043201781411,-0.445574859863369));
#2712=CARTESIAN_POINT('Ctrl Pts',(32.4877936936738,-25.5509930474103,-0.445612196231948));
#2713=CARTESIAN_POINT('Ctrl Pts',(32.5352881961441,-25.2929133460996,-0.44563626151467));
#2714=CARTESIAN_POINT('Ctrl Pts',(32.5785960485573,-25.0575834229742,-0.445658205437824));
#2715=CARTESIAN_POINT('Ctrl Pts',(32.600535113141,-24.8183018797444,-0.445669117151256));
#2716=CARTESIAN_POINT('Ctrl Pts',(32.6005368057531,-24.5780024584803,-0.445669117998248));
#2717=CARTESIAN_POINT('Ctrl Pts',(32.600536805753,-24.5780024584803,-0.445669117998248));
#2718=CARTESIAN_POINT('Ctrl Pts',(32.600536805753,-17.327999737176,-0.445669117998248));
#2719=CARTESIAN_POINT('Ctrl Pts',(32.600536805753,-10.0779970158718,-0.445669117998248));
#2720=CARTESIAN_POINT('Ctrl Pts',(32.600536805753,-2.82799429456753,-0.445669117998248));
#2721=CARTESIAN_POINT('Origin',(32.6005368057531,-24.5780024584803,-0.774350106620733));
#2722=CARTESIAN_POINT('',(32.6005368057428,24.9219975415197,1.05433088200155));
#2723=CARTESIAN_POINT('Ctrl Pts',(32.6005368057531,11.1720057054325,1.05433088200175));
#2724=CARTESIAN_POINT('Ctrl Pts',(32.6005368057531,15.7553363174616,1.05433088200175));
#2725=CARTESIAN_POINT('Ctrl Pts',(32.6005368057531,20.3386669294907,1.05433088200175));
#2726=CARTESIAN_POINT('Ctrl Pts',(32.6005368057531,24.9219975415198,1.05433088200175));
#2727=CARTESIAN_POINT('',(32.6005368057531,24.9219975415197,-0.774350106620733));
#2728=CARTESIAN_POINT('Origin',(32.6005368057531,-24.5780024584803,-0.774350106620733));
#2729=CARTESIAN_POINT('',(32.6005368057428,-24.5780024584803,1.05433088200155));
#2730=CARTESIAN_POINT('',(32.6005368057531,-24.5780024584803,-0.774350106620733));
#2731=CARTESIAN_POINT('Ctrl Pts',(32.6005368057531,-24.5780024584803,1.05433088200175));
#2732=CARTESIAN_POINT('Ctrl Pts',(32.6005368057531,-17.327999737176,1.05433088200175));
#2733=CARTESIAN_POINT('Ctrl Pts',(32.6005368057531,-10.0779970158718,1.05433088200175));
#2734=CARTESIAN_POINT('Ctrl Pts',(32.6005368057531,-2.8279942945675,1.05433088200175));
#2735=CARTESIAN_POINT('Origin',(33.6505368057531,-24.5780024584803,-9.46435010662073));
#2736=CARTESIAN_POINT('',(33.6505368057531,24.9219975415197,9.73564989337927));
#2737=CARTESIAN_POINT('',(33.6505368057531,24.9219975415197,-9.46435010662073));
#2738=CARTESIAN_POINT('',(33.6505368057531,-24.5780024584803,9.73564989337927));
#2739=CARTESIAN_POINT('',(33.6505368057531,-12.2030024584803,9.73564989337927));
#2740=CARTESIAN_POINT('',(33.6505368057531,-24.5780024584803,-9.46435010662073));
#2741=CARTESIAN_POINT('Origin',(-26.8494631942469,24.9219975415197,-0.774350106620733));
#2742=CARTESIAN_POINT('',(-26.8494631942469,28.8719975415197,9.04558196746467));
#2743=CARTESIAN_POINT('',(-26.8494631942469,28.8719975415197,-0.774350106620733));
#2744=CARTESIAN_POINT('',(-30.7994631942469,24.9219975415197,9.05324598918997));
#2745=CARTESIAN_POINT('Ctrl Pts',(-26.8494631942469,28.8719975415197,9.04558196746467));
#2746=CARTESIAN_POINT('Ctrl Pts',(-27.1234031009689,28.8719975415197,9.04618477857568));
#2747=CARTESIAN_POINT('Ctrl Pts',(-27.3967387519339,28.8434998004166,9.04677570937839));
#2748=CARTESIAN_POINT('Ctrl Pts',(-28.004427153452,28.7152641818675,9.04805912082425));
#2749=CARTESIAN_POINT('Ctrl Pts',(-28.3329081876204,28.5992525832399,9.04873077688204));
#2750=CARTESIAN_POINT('Ctrl Pts',(-29.067828169518,28.224983613007,9.05018472430572));
#2751=CARTESIAN_POINT('Ctrl Pts',(-29.4507922030912,27.9326366596908,9.05090104541756));
#2752=CARTESIAN_POINT('Ctrl Pts',(-30.1224826377543,27.1937690890738,9.05211190356602));
#2753=CARTESIAN_POINT('Ctrl Pts',(-30.3931154558273,26.7430223062873,9.05257092611077));
#2754=CARTESIAN_POINT('Ctrl Pts',(-30.7215094023529,25.8252809323014,9.05312006072792));
#2755=CARTESIAN_POINT('Ctrl Pts',(-30.7994631942469,25.3750552712568,9.05324598918997));
#2756=CARTESIAN_POINT('Ctrl Pts',(-30.7994631942469,24.9219975415197,9.05324598918997));
#2757=CARTESIAN_POINT('',(-30.7994631942469,24.9219975415197,-0.774350106620733));
#2758=CARTESIAN_POINT('Origin',(-30.7994631942469,24.9219975415197,-0.774350106620733));
#2759=CARTESIAN_POINT('',(-30.7994631942469,-24.5780024584803,9.05324598918997));
#2760=CARTESIAN_POINT('Ctrl Pts',(-30.7994631942469,24.9219975415197,9.05324598918997));
#2761=CARTESIAN_POINT('Ctrl Pts',(-30.7994631942469,16.2969975415197,9.05324598918997));
#2762=CARTESIAN_POINT('Ctrl Pts',(-30.7994631942469,7.67199754151972,9.05324598918997));
#2763=CARTESIAN_POINT('Ctrl Pts',(-30.7994631942469,-8.82800245848028,9.05324598918997));
#2764=CARTESIAN_POINT('Ctrl Pts',(-30.7994631942469,-16.7030024584803,9.05324598918997));
#2765=CARTESIAN_POINT('Ctrl Pts',(-30.7994631942469,-24.5780024584803,9.05324598918997));
#2766=CARTESIAN_POINT('',(-30.7994631942469,-24.5780024584803,-0.774350106620733));
#2767=CARTESIAN_POINT('Origin',(-26.8494631942469,-24.5780024584803,-0.774350106620733));
#2768=CARTESIAN_POINT('',(-26.8494631942469,-28.5280024584803,9.04558196746467));
#2769=CARTESIAN_POINT('Ctrl Pts',(-30.7994631942469,-24.5780024584803,9.05324598918997));
#2770=CARTESIAN_POINT('Ctrl Pts',(-30.7994631942469,-24.6712052581278,9.05324598918997));
#2771=CARTESIAN_POINT('Ctrl Pts',(-30.7961644868274,-24.7645107737146,9.05324060236778));
#2772=CARTESIAN_POINT('Ctrl Pts',(-30.7546405706435,-25.3493614264106,9.05317269043318));
#2773=CARTESIAN_POINT('Ctrl Pts',(-30.6280317601143,-25.830130436143,9.05296716501857));
#2774=CARTESIAN_POINT('Ctrl Pts',(-30.2127252594701,-26.7029473061625,9.0522622336038));
#2775=CARTESIAN_POINT('Ctrl Pts',(-29.933874117719,-27.0906367976442,9.0517791303992));
#2776=CARTESIAN_POINT('Ctrl Pts',(-29.2644731333855,-27.7369339130171,9.05055311862567));
#2777=CARTESIAN_POINT('Ctrl Pts',(-28.8833302278585,-27.9948000098848,9.04982812626228));
#2778=CARTESIAN_POINT('Ctrl Pts',(-28.1598661448176,-28.3194439999658,9.04837833641155));
#2779=CARTESIAN_POINT('Ctrl Pts',(-27.8367962230706,-28.4173662172036,9.04770995012468));
#2780=CARTESIAN_POINT('Ctrl Pts',(-27.2883717132103,-28.509697691629,9.04654108867442));
#2781=CARTESIAN_POINT('Ctrl Pts',(-27.0690129907955,-28.5280024584803,9.04606509187821));
#2782=CARTESIAN_POINT('Ctrl Pts',(-26.8494631942469,-28.5280024584803,9.04558196746467));
#2783=CARTESIAN_POINT('',(-26.8494631942469,-28.5280024584803,-0.774350106620733));
#2784=CARTESIAN_POINT('Origin',(-26.8494631942469,-28.5280024584803,-0.774350106620733));
#2785=CARTESIAN_POINT('',(28.6505368057531,-28.5280024584803,1.05678305899648));
#2786=CARTESIAN_POINT('Ctrl Pts',(-26.8494631942556,-28.5280024584803,9.04558196746469));
#2787=CARTESIAN_POINT('Ctrl Pts',(-26.4696735331932,-28.5280024584803,9.04474623151707));
#2788=CARTESIAN_POINT('Ctrl Pts',(-26.1065749345532,-28.5280024584803,9.04392753708746));
#2789=CARTESIAN_POINT('Ctrl Pts',(-25.7591976018084,-28.5280024584803,9.04314097272675));
#2790=CARTESIAN_POINT('Ctrl Pts',(-25.3960060209055,-28.5280024584803,9.04231860026109));
#2791=CARTESIAN_POINT('Ctrl Pts',(-25.0499994542993,-28.5280024584803,9.04153139508707));
#2792=CARTESIAN_POINT('Ctrl Pts',(-24.7200112039396,-28.5280024584803,9.04079577301375));
#2793=CARTESIAN_POINT('Ctrl Pts',(-24.3707092904669,-28.5280024584803,9.04001709620472));
#2794=CARTESIAN_POINT('Ctrl Pts',(-24.0393552923974,-28.5280024584803,9.03929628512854));
#2795=CARTESIAN_POINT('Ctrl Pts',(-23.724505784318,-28.5280024584803,9.0386510056235));
#2796=CARTESIAN_POINT('Ctrl Pts',(-23.3838765941751,-28.5280024584803,9.03795289103358));
#2797=CARTESIAN_POINT('Ctrl Pts',(-23.0625648256561,-28.5280024584803,9.03734329769477));
#2798=CARTESIAN_POINT('Ctrl Pts',(-22.7586807377231,-28.5280024584803,9.03684105461466));
#2799=CARTESIAN_POINT('Ctrl Pts',(-22.410805516291,-28.5280024584803,9.03626610538354));
#2800=CARTESIAN_POINT('Ctrl Pts',(-22.0857681213379,-28.5280024584803,9.03583203269724));
#2801=CARTESIAN_POINT('Ctrl Pts',(-21.780664793824,-28.5280024584803,9.03555991382963));
#2802=CARTESIAN_POINT('Ctrl Pts',(-21.3531554171239,-28.5280024584803,9.03517862212616));
#2803=CARTESIAN_POINT('Ctrl Pts',(-20.9647785713393,-28.5280024584803,9.03511681107399));
#2804=CARTESIAN_POINT('Ctrl Pts',(-20.6074525070949,-28.5280024584803,9.03540443775757));
#2805=CARTESIAN_POINT('Ctrl Pts',(-20.3488635299572,-28.5280024584803,9.03561258683301));
#2806=CARTESIAN_POINT('Ctrl Pts',(-20.1065327519312,-28.5280024584803,9.03600312467643));
#2807=CARTESIAN_POINT('Ctrl Pts',(-19.8774227293085,-28.5280024584803,9.03657544890881));
#2808=CARTESIAN_POINT('Ctrl Pts',(-19.6793744526417,-28.5280024584803,9.0370701798971));
#2809=CARTESIAN_POINT('Ctrl Pts',(-19.4912044369149,-28.5280024584803,9.03770073589186));
#2810=CARTESIAN_POINT('Ctrl Pts',(-19.3109921187542,-28.5280024584803,9.03845861482336));
#2811=CARTESIAN_POINT('Ctrl Pts',(-19.1453869188865,-28.5280024584803,9.03915506384086));
#2812=CARTESIAN_POINT('Ctrl Pts',(-18.9865012849859,-28.5280024584803,9.0399590432615));
#2813=CARTESIAN_POINT('Ctrl Pts',(-18.8328894245533,-28.5280024584803,9.04085650908944));
#2814=CARTESIAN_POINT('Ctrl Pts',(-18.6880105473935,-28.5280024584803,9.0417029531145));
#2815=CARTESIAN_POINT('Ctrl Pts',(-18.5478225647457,-28.5280024584803,9.04263257111255));
#2816=CARTESIAN_POINT('Ctrl Pts',(-18.4111586592962,-28.5280024584803,9.04362645812342));
#2817=CARTESIAN_POINT('Ctrl Pts',(-18.2805861688529,-28.5280024584803,9.044576045374));
#2818=CARTESIAN_POINT('Ctrl Pts',(-18.1532303724853,-28.5280024584803,9.04558426282633));
#2819=CARTESIAN_POINT('Ctrl Pts',(-18.0281206846213,-28.5280024584803,9.04662792333093));
#2820=CARTESIAN_POINT('Ctrl Pts',(-17.907634622727,-28.5280024584803,9.04763301371442));
#2821=CARTESIAN_POINT('Ctrl Pts',(-17.7892315179555,-28.5280024584803,9.04867088214199));
#2822=CARTESIAN_POINT('Ctrl Pts',(-17.6720923300846,-28.5280024584803,9.04971562139692));
#2823=CARTESIAN_POINT('Ctrl Pts',(-17.5586157211162,-28.5280024584803,9.05072769489735));
#2824=CARTESIAN_POINT('Ctrl Pts',(-17.4463250582442,-28.5280024584803,9.05174614473454));
#2825=CARTESIAN_POINT('Ctrl Pts',(-17.334524235962,-28.5280024584803,9.05274362389554));
#2826=CARTESIAN_POINT('Ctrl Pts',(-17.2257505722837,-28.5280024584803,9.053714094958));
#2827=CARTESIAN_POINT('Ctrl Pts',(-17.1174404369419,-28.5280024584803,9.05466465865228));
#2828=CARTESIAN_POINT('Ctrl Pts',(-17.009001689879,-28.5280024584803,9.05556740224437));
#2829=CARTESIAN_POINT('Ctrl Pts',(-16.9031733262645,-28.5280024584803,9.05644841461036));
#2830=CARTESIAN_POINT('Ctrl Pts',(-16.7972223428696,-28.5280024584803,9.05728383550073));
#2831=CARTESIAN_POINT('Ctrl Pts',(-16.6906475898094,-28.5280024584803,9.05804583283837));
#2832=CARTESIAN_POINT('Ctrl Pts',(-16.5865496776701,-28.5280024584803,9.05879012104572));
#2833=CARTESIAN_POINT('Ctrl Pts',(-16.481856543974,-28.5280024584803,9.05946453637218));
#2834=CARTESIAN_POINT('Ctrl Pts',(-16.3761504199023,-28.5280024584803,9.06004071558297));
#2835=CARTESIAN_POINT('Ctrl Pts',(-16.2727693356187,-28.5280024584803,9.06060422154893));
#2836=CARTESIAN_POINT('Ctrl Pts',(-16.1684192423059,-28.5280024584803,9.06107397847495));
#2837=CARTESIAN_POINT('Ctrl Pts',(-16.0627584709185,-28.5280024584803,9.06141799118291));
#2838=CARTESIAN_POINT('Ctrl Pts',(-15.9592554600867,-28.5280024584803,9.06175497860568));
#2839=CARTESIAN_POINT('Ctrl Pts',(-15.8544946794938,-28.5280024584803,9.06197148693615));
#2840=CARTESIAN_POINT('Ctrl Pts',(-15.7482038848299,-28.5280024584803,9.0620292610155));
#2841=CARTESIAN_POINT('Ctrl Pts',(-15.643926955358,-28.5280024584803,9.06208594046377));
#2842=CARTESIAN_POINT('Ctrl Pts',(-15.5381773725101,-28.5280024584803,9.0619900006855));
#2843=CARTESIAN_POINT('Ctrl Pts',(-15.4307467194673,-28.5280024584803,9.06169488772967));
#2844=CARTESIAN_POINT('Ctrl Pts',(-15.325072864335,-28.5280024584803,9.06140460071326));
#2845=CARTESIAN_POINT('Ctrl Pts',(-15.2177723989653,-28.5280024584803,9.06092174186904));
#2846=CARTESIAN_POINT('Ctrl Pts',(-15.1086955313879,-28.5280024584803,9.0601896262555));
#2847=CARTESIAN_POINT('Ctrl Pts',(-14.9984809226875,-28.5280024584803,9.05944987421033));
#2848=CARTESIAN_POINT('Ctrl Pts',(-14.8864525912017,-28.5280024584803,9.05845570478462));
#2849=CARTESIAN_POINT('Ctrl Pts',(-14.7725081202128,-28.5280024584803,9.05713382195421));
#2850=CARTESIAN_POINT('Ctrl Pts',(-14.655352407444,-28.5280024584803,9.0557746851409));
#2851=CARTESIAN_POINT('Ctrl Pts',(-14.5361711607112,-28.5280024584803,9.05406900653987));
#2852=CARTESIAN_POINT('Ctrl Pts',(-14.4149068007628,-28.5280024584803,9.05192218354097));
#2853=CARTESIAN_POINT('Ctrl Pts',(-14.2896839371284,-28.5280024584803,9.04970528053869));
#2854=CARTESIAN_POINT('Ctrl Pts',(-14.162239892345,-28.5280024584803,9.04701784382764));
#2855=CARTESIAN_POINT('Ctrl Pts',(-14.0325656505394,-28.5280024584803,9.04374164299666));
#2856=CARTESIAN_POINT('Ctrl Pts',(-13.8978712403639,-28.5280024584803,9.04033860834303));
#2857=CARTESIAN_POINT('Ctrl Pts',(-13.7607707955213,-28.5280024584803,9.03630019012531));
#2858=CARTESIAN_POINT('Ctrl Pts',(-13.6213094351773,-28.5280024584803,9.03148103339364));
#2859=CARTESIAN_POINT('Ctrl Pts',(-13.4752346623701,-28.5280024584803,9.02643334690208));
#2860=CARTESIAN_POINT('Ctrl Pts',(-13.3265699806226,-28.5280024584803,9.02052891598908));
#2861=CARTESIAN_POINT('Ctrl Pts',(-13.1754235790342,-28.5280024584803,9.01358961705058));
#2862=CARTESIAN_POINT('Ctrl Pts',(-13.0164762998771,-28.5280024584803,9.00629217117068));
#2863=CARTESIAN_POINT('Ctrl Pts',(-12.8547848082345,-28.5280024584803,8.99784999787032));
#2864=CARTESIAN_POINT('Ctrl Pts',(-12.6905314785883,-28.5280024584803,8.98804783209478));
#2865=CARTESIAN_POINT('Ctrl Pts',(-12.5176051331448,-28.5280024584803,8.97772808570882));
#2866=CARTESIAN_POINT('Ctrl Pts',(-12.3418395449887,-28.5280024584803,8.96590056300973));
#2867=CARTESIAN_POINT('Ctrl Pts',(-12.1635045466714,-28.5280024584803,8.95231035164269));
#2868=CARTESIAN_POINT('Ctrl Pts',(-11.966200657583,-28.5280024584803,8.9372745954448));
#2869=CARTESIAN_POINT('Ctrl Pts',(-11.76575180833,-28.5280024584803,8.92008054362058));
#2870=CARTESIAN_POINT('Ctrl Pts',(-11.5625890269814,-28.5280024584803,8.90038695091015));
#2871=CARTESIAN_POINT('Ctrl Pts',(-11.3436369249507,-28.5280024584803,8.87916281973876));
#2872=CARTESIAN_POINT('Ctrl Pts',(-11.1215336636692,-28.5280024584803,8.8550343685433));
#2873=CARTESIAN_POINT('Ctrl Pts',(-10.8968820901169,-28.5280024584803,8.8275937667531));
#2874=CARTESIAN_POINT('Ctrl Pts',(-10.6729244794519,-28.5280024584803,8.80023793071347));
#2875=CARTESIAN_POINT('Ctrl Pts',(-10.4464365537397,-28.5280024584803,8.76958923167051));
#2876=CARTESIAN_POINT('Ctrl Pts',(-10.2180506883562,-28.5280024584803,8.73527908430266));
#2877=CARTESIAN_POINT('Ctrl Pts',(-10.0145948776247,-28.5280024584803,8.70471415053444));
#2878=CARTESIAN_POINT('Ctrl Pts',(-9.80963470511304,-28.5280024584803,8.67124329897935));
#2879=CARTESIAN_POINT('Ctrl Pts',(-9.60361528896164,-28.5280024584803,8.63464236289624));
#2880=CARTESIAN_POINT('Ctrl Pts',(-9.41314098528164,-28.5280024584803,8.60080313577532));
#2881=CARTESIAN_POINT('Ctrl Pts',(-9.22176219006538,-28.5280024584803,8.56428824383244));
#2882=CARTESIAN_POINT('Ctrl Pts',(-9.02981104553668,-28.5280024584803,8.52495567704322));
#2883=CARTESIAN_POINT('Ctrl Pts',(-8.84085913764124,-28.5280024584803,8.48623768161009));
#2884=CARTESIAN_POINT('Ctrl Pts',(-8.65135354611652,-28.5280024584803,8.44478898017069));
#2885=CARTESIAN_POINT('Ctrl Pts',(-8.46157782712812,-28.5280024584803,8.40051372794696));
#2886=CARTESIAN_POINT('Ctrl Pts',(-8.2854421737647,-28.5280024584803,8.35942074450404));
#2887=CARTESIAN_POINT('Ctrl Pts',(-8.10907396680812,-28.5280024584803,8.31589308777231));
#2888=CARTESIAN_POINT('Ctrl Pts',(-7.93266386297562,-28.5280024584803,8.2698896711882));
#2889=CARTESIAN_POINT('Ctrl Pts',(-7.74831871374402,-28.5280024584803,8.22181698991244));
#2890=CARTESIAN_POINT('Ctrl Pts',(-7.56392818215848,-28.5280024584803,8.17104052195572));
#2891=CARTESIAN_POINT('Ctrl Pts',(-7.3796651150953,-28.5280024584803,8.11755509971632));
#2892=CARTESIAN_POINT('Ctrl Pts',(-7.19828115845498,-28.5280024584803,8.06490538719941));
#2893=CARTESIAN_POINT('Ctrl Pts',(-7.01702064373705,-28.5280024584803,8.0096308259447));
#2894=CARTESIAN_POINT('Ctrl Pts',(-6.83600451372271,-28.5280024584803,7.9517667577478));
#2895=CARTESIAN_POINT('Ctrl Pts',(-6.65781676073984,-28.5280024584803,7.89480681561648));
#2896=CARTESIAN_POINT('Ctrl Pts',(-6.47986574660141,-28.5280024584803,7.83533776139219));
#2897=CARTESIAN_POINT('Ctrl Pts',(-6.30222495258128,-28.5280024584803,7.77343104136928));
#2898=CARTESIAN_POINT('Ctrl Pts',(-6.12676426085608,-28.5280024584803,7.71228407353696));
#2899=CARTESIAN_POINT('Ctrl Pts',(-5.95160617748497,-28.5280024584803,7.64875898434183));
#2900=CARTESIAN_POINT('Ctrl Pts',(-5.77678112366011,-28.5280024584803,7.58296040495662));
#2901=CARTESIAN_POINT('Ctrl Pts',(-5.59613470951256,-28.5280024584803,7.51497085104607));
#2902=CARTESIAN_POINT('Ctrl Pts',(-5.41584382319164,-28.5280024584803,7.4445538720214));
#2903=CARTESIAN_POINT('Ctrl Pts',(-5.23589799349185,-28.5280024584803,7.3718637327752));
#2904=CARTESIAN_POINT('Ctrl Pts',(-5.04733079919968,-28.5280024584803,7.29569094436865));
#2905=CARTESIAN_POINT('Ctrl Pts',(-4.85914225449527,-28.5280024584803,7.21702204228771));
#2906=CARTESIAN_POINT('Ctrl Pts',(-4.6712756404797,-28.5280024584803,7.13607568465352));
#2907=CARTESIAN_POINT('Ctrl Pts',(-4.47176091898459,-28.5280024584803,7.05011049023057));
#2908=CARTESIAN_POINT('Ctrl Pts',(-4.27260891920474,-28.5280024584803,6.96157676744329));
#2909=CARTESIAN_POINT('Ctrl Pts',(-4.07370729035743,-28.5280024584803,6.87078050871699));
#2910=CARTESIAN_POINT('Ctrl Pts',(-3.85764736447748,-28.5280024584803,6.77215168881104));
#2911=CARTESIAN_POINT('Ctrl Pts',(-3.64188227487222,-28.5280024584803,6.67085325774263));
#2912=CARTESIAN_POINT('Ctrl Pts',(-3.42622451470937,-28.5280024584803,6.56732654378604));
#2913=CARTESIAN_POINT('Ctrl Pts',(-3.18656001456242,-28.5280024584803,6.45227537134724));
#2914=CARTESIAN_POINT('Ctrl Pts',(-2.94702693465437,-28.5280024584803,6.3344723973244));
#2915=CARTESIAN_POINT('Ctrl Pts',(-2.70733056310633,-28.5280024584803,6.21457903553415));
#2916=CARTESIAN_POINT('Ctrl Pts',(-2.43686610972066,-28.5280024584803,6.07929583390806));
#2917=CARTESIAN_POINT('Ctrl Pts',(-2.16619137919233,-28.5280024584803,5.94135157377788));
#2918=CARTESIAN_POINT('Ctrl Pts',(-1.89486564571253,-28.5280024584803,5.80175977827055));
#2919=CARTESIAN_POINT('Ctrl Pts',(-1.63241850118974,-28.5280024584803,5.66673584353405));
#2920=CARTESIAN_POINT('Ctrl Pts',(-1.36935953334029,-28.5280024584803,5.53017235979654));
#2921=CARTESIAN_POINT('Ctrl Pts',(-1.10531464632842,-28.5280024584803,5.39302154923504));
#2922=CARTESIAN_POINT('Ctrl Pts',(-0.872848075990318,-28.5280024584803,
5.27227322151267));
#2923=CARTESIAN_POINT('Ctrl Pts',(-0.63961651453124,-28.5280024584803,5.15107087464952));
#2924=CARTESIAN_POINT('Ctrl Pts',(-0.405405754037832,-28.5280024584803,
5.03007091172889));
#2925=CARTESIAN_POINT('Ctrl Pts',(-0.189548522149782,-28.5280024584803,
4.91855290546999));
#2926=CARTESIAN_POINT('Ctrl Pts',(0.0271407527406979,-28.5280024584803,
4.80720745856341));
#2927=CARTESIAN_POINT('Ctrl Pts',(0.244785815293669,-28.5280024584803,4.69654233228399));
#2928=CARTESIAN_POINT('Ctrl Pts',(0.44966841723592,-28.5280024584803,4.59236648399946));
#2929=CARTESIAN_POINT('Ctrl Pts',(0.655398199896877,-28.5280024584803,4.48879390582254));
#2930=CARTESIAN_POINT('Ctrl Pts',(0.862034331788749,-28.5280024584803,4.38623544489875));
#2931=CARTESIAN_POINT('Ctrl Pts',(1.0591444980695,-28.5280024584803,4.2884049488422));
#2932=CARTESIAN_POINT('Ctrl Pts',(1.25707952865198,-28.5280024584803,4.19149749851572));
#2933=CARTESIAN_POINT('Ctrl Pts',(1.45584689377077,-28.5280024584803,4.09585307025948));
#2934=CARTESIAN_POINT('Ctrl Pts',(1.645541464406,-28.5280024584803,4.00457435988932));
#2935=CARTESIAN_POINT('Ctrl Pts',(1.83599422376415,-28.5280024584803,3.91444617702032));
#2936=CARTESIAN_POINT('Ctrl Pts',(2.02716909026276,-28.5280024584803,3.82574538389249));
#2937=CARTESIAN_POINT('Ctrl Pts',(2.20929488854055,-28.5280024584803,3.74124315275641));
#2938=CARTESIAN_POINT('Ctrl Pts',(2.3920762847104,-28.5280024584803,3.65803648255948));
#2939=CARTESIAN_POINT('Ctrl Pts',(2.57543981279294,-28.5280024584803,3.57634550224065));
#2940=CARTESIAN_POINT('Ctrl Pts',(2.75177149556094,-28.5280024584803,3.49778730597764));
#2941=CARTESIAN_POINT('Ctrl Pts',(2.92864170791792,-28.5280024584803,3.42063085899312));
#2942=CARTESIAN_POINT('Ctrl Pts',(3.10594197906436,-28.5280024584803,3.34505236020949));
#2943=CARTESIAN_POINT('Ctrl Pts',(3.27755694228053,-28.5280024584803,3.27189736047475));
#2944=CARTESIAN_POINT('Ctrl Pts',(3.44957498544223,-28.5280024584803,3.2002208030461));
#2945=CARTESIAN_POINT('Ctrl Pts',(3.62185397260745,-28.5280024584803,3.13016268649879));
#2946=CARTESIAN_POINT('Ctrl Pts',(3.78945938447109,-28.5280024584803,3.06200510285198));
#2947=CARTESIAN_POINT('Ctrl Pts',(3.95731191555487,-28.5280024584803,2.99537940203586));
#2948=CARTESIAN_POINT('Ctrl Pts',(4.1252363665508,-28.5280024584803,2.93039450422449));
#2949=CARTESIAN_POINT('Ctrl Pts',(4.2953784577479,-28.5280024584803,2.86455140428115));
#2950=CARTESIAN_POINT('Ctrl Pts',(4.46559462248725,-28.5280024584803,2.80039289446924));
#2951=CARTESIAN_POINT('Ctrl Pts',(4.63565238166921,-28.5280024584803,2.73800943122926));
#2952=CARTESIAN_POINT('Ctrl Pts',(4.81738605853978,-28.5280024584803,2.67134281039963));
#2953=CARTESIAN_POINT('Ctrl Pts',(4.99893826616328,-28.5280024584803,2.60670355766897));
#2954=CARTESIAN_POINT('Ctrl Pts',(5.17997089615424,-28.5280024584803,2.54417308196104));
#2955=CARTESIAN_POINT('Ctrl Pts',(5.37775465442666,-28.5280024584803,2.47585659949766));
#2956=CARTESIAN_POINT('Ctrl Pts',(5.57491719250685,-28.5280024584803,2.41005759219836));
#2957=CARTESIAN_POINT('Ctrl Pts',(5.77096729074376,-28.5280024584803,2.34684369496332));
#2958=CARTESIAN_POINT('Ctrl Pts',(5.9853173344923,-28.5280024584803,2.27772920963686));
#2959=CARTESIAN_POINT('Ctrl Pts',(6.19833527639014,-28.5280024584803,2.21170545191459));
#2960=CARTESIAN_POINT('Ctrl Pts',(6.40934823736142,-28.5280024584803,2.14880942486887));
#2961=CARTESIAN_POINT('Ctrl Pts',(6.61275606137416,-28.5280024584803,2.08818023914716));
#2962=CARTESIAN_POINT('Ctrl Pts',(6.81429815849128,-28.5280024584803,2.03045687737507));
#2963=CARTESIAN_POINT('Ctrl Pts',(7.01338301788969,-28.5280024584803,1.97562877929095));
#2964=CARTESIAN_POINT('Ctrl Pts',(7.20269510746307,-28.5280024584803,1.92349210829044));
#2965=CARTESIAN_POINT('Ctrl Pts',(7.38978446379482,-28.5280024584803,1.87397290770801));
#2966=CARTESIAN_POINT('Ctrl Pts',(7.57417849698065,-28.5280024584803,1.82702924923473));
#2967=CARTESIAN_POINT('Ctrl Pts',(7.75269693246784,-28.5280024584803,1.78158142035489));
#2968=CARTESIAN_POINT('Ctrl Pts',(7.92868867573094,-28.5280024584803,1.73854726179521));
#2969=CARTESIAN_POINT('Ctrl Pts',(8.10176699557016,-28.5280024584803,1.69786326519271));
#2970=CARTESIAN_POINT('Ctrl Pts',(8.26947524156676,-28.5280024584803,1.65844156456218));
#2971=CARTESIAN_POINT('Ctrl Pts',(8.43444774949587,-28.5280024584803,1.62122616664708));
#2972=CARTESIAN_POINT('Ctrl Pts',(8.5963778837477,-28.5280024584803,1.58613955995192));
#2973=CARTESIAN_POINT('Ctrl Pts',(8.75363514479893,-28.5280024584803,1.55206545945199));
#2974=CARTESIAN_POINT('Ctrl Pts',(8.90802285695609,-28.5280024584803,1.51999883002975));
#2975=CARTESIAN_POINT('Ctrl Pts',(9.05930731063493,-28.5280024584803,1.48985347454244));
#2976=CARTESIAN_POINT('Ctrl Pts',(9.20293445771447,-28.5280024584803,1.46123393498598));
#2977=CARTESIAN_POINT('Ctrl Pts',(9.34376441549214,-28.5280024584803,1.43434588416757));
#2978=CARTESIAN_POINT('Ctrl Pts',(9.48164198435521,-28.5280024584803,1.40910490142318));
#2979=CARTESIAN_POINT('Ctrl Pts',(9.60534987940564,-28.5280024584803,1.38645793375425));
#2980=CARTESIAN_POINT('Ctrl Pts',(9.72668049484,-28.5280024584803,1.36513671738146));
#2981=CARTESIAN_POINT('Ctrl Pts',(9.84556423811163,-28.5280024584803,1.34507414487168));
#2982=CARTESIAN_POINT('Ctrl Pts',(9.9562292901162,-28.5280024584803,1.32639854155503));
#2983=CARTESIAN_POINT('Ctrl Pts',(10.064773730413,-28.5280024584803,1.30881348578973));
#2984=CARTESIAN_POINT('Ctrl Pts',(10.1711866043353,-28.5280024584803,1.29226089956203));
#2985=CARTESIAN_POINT('Ctrl Pts',(10.2721784571775,-28.5280024584803,1.27655155640786));
#2986=CARTESIAN_POINT('Ctrl Pts',(10.3712501199567,-28.5280024584803,1.26177211504751));
#2987=CARTESIAN_POINT('Ctrl Pts',(10.4684388912628,-28.5280024584803,1.24787017778058));
#2988=CARTESIAN_POINT('Ctrl Pts',(10.5617006315272,-28.5280024584803,1.23452996527313));
#2989=CARTESIAN_POINT('Ctrl Pts',(10.6532283516614,-28.5280024584803,1.22199774008001));
#2990=CARTESIAN_POINT('Ctrl Pts',(10.743102628206,-28.5280024584803,1.21022521848091));
#2991=CARTESIAN_POINT('Ctrl Pts',(10.8299652574966,-28.5280024584803,1.1988471888734));
#2992=CARTESIAN_POINT('Ctrl Pts',(10.915283219366,-28.5280024584803,1.18817877432888));
#2993=CARTESIAN_POINT('Ctrl Pts',(10.9991775517165,-28.5280024584803,1.17817493828764));
#2994=CARTESIAN_POINT('Ctrl Pts',(11.0814339751529,-28.5280024584803,1.16836641189091));
#2995=CARTESIAN_POINT('Ctrl Pts',(11.162321582901,-28.5280024584803,1.15919674738784));
#2996=CARTESIAN_POINT('Ctrl Pts',(11.2420048704095,-28.5280024584803,1.15062241680514));
#2997=CARTESIAN_POINT('Ctrl Pts',(11.3250278569948,-28.5280024584803,1.14168871746612));
#2998=CARTESIAN_POINT('Ctrl Pts',(11.4067436351153,-28.5280024584803,1.13340127268744));
#2999=CARTESIAN_POINT('Ctrl Pts',(11.4873964695345,-28.5280024584803,1.12570999713019));
#3000=CARTESIAN_POINT('Ctrl Pts',(11.5737634900571,-28.5280024584803,1.11747380110955));
#3001=CARTESIAN_POINT('Ctrl Pts',(11.6589120244387,-28.5280024584803,1.10992119570336));
#3002=CARTESIAN_POINT('Ctrl Pts',(11.7432023957736,-28.5280024584803,1.10299032925481));
#3003=CARTESIAN_POINT('Ctrl Pts',(11.8369035188124,-28.5280024584803,1.09528565362488));
#3004=CARTESIAN_POINT('Ctrl Pts',(11.9295448145178,-28.5280024584803,1.08834920281823));
#3005=CARTESIAN_POINT('Ctrl Pts',(12.021685579242,-28.5280024584803,1.08209673469292));
#3006=CARTESIAN_POINT('Ctrl Pts',(12.1480642058059,-28.5280024584803,1.07352096112867));
#3007=CARTESIAN_POINT('Ctrl Pts',(12.273502728251,-28.5280024584803,1.06623129924656));
#3008=CARTESIAN_POINT('Ctrl Pts',(12.3995511573628,-28.5280024584803,1.06001748640009));
#3009=CARTESIAN_POINT('Ctrl Pts',(12.5032048958378,-28.5280024584803,1.0549076652285));
#3010=CARTESIAN_POINT('Ctrl Pts',(12.6072760224212,-28.5280024584803,1.05052538831812));
#3011=CARTESIAN_POINT('Ctrl Pts',(12.7126245878849,-28.5280024584803,1.04676096348436));
#3012=CARTESIAN_POINT('Ctrl Pts',(12.8072346474978,-28.5280024584803,1.04338025814336));
#3013=CARTESIAN_POINT('Ctrl Pts',(12.9028763864831,-28.5280024584803,1.04049789050867));
#3014=CARTESIAN_POINT('Ctrl Pts',(13.0001337048416,-28.5280024584803,1.038040667655));
#3015=CARTESIAN_POINT('Ctrl Pts',(13.0945784241272,-28.5280024584803,1.03565450560001));
#3016=CARTESIAN_POINT('Ctrl Pts',(13.1905468042525,-28.5280024584803,1.03366929343117));
#3017=CARTESIAN_POINT('Ctrl Pts',(13.2885263691508,-28.5280024584803,1.03202369136971));
#3018=CARTESIAN_POINT('Ctrl Pts',(13.3840670330242,-28.5280024584803,1.03041905152888));
#3019=CARTESIAN_POINT('Ctrl Pts',(13.4815201508665,-28.5280024584803,1.02913735627742));
#3020=CARTESIAN_POINT('Ctrl Pts',(13.5812898918517,-28.5280024584803,1.02812671364671));
#3021=CARTESIAN_POINT('Ctrl Pts',(13.6788514536844,-28.5280024584803,1.0271384393209));
#3022=CARTESIAN_POINT('Ctrl Pts',(13.7786283571262,-28.5280024584803,1.02640937764165));
#3023=CARTESIAN_POINT('Ctrl Pts',(13.8809501434243,-28.5280024584803,1.02589542046211));
#3024=CARTESIAN_POINT('Ctrl Pts',(13.9812333291451,-28.5280024584803,1.0253917030706));
#3025=CARTESIAN_POINT('Ctrl Pts',(14.0839611186865,-28.5280024584803,1.02509462570334));
#3026=CARTESIAN_POINT('Ctrl Pts',(14.1893949283931,-28.5280024584803,1.02496661222316));
#3027=CARTESIAN_POINT('Ctrl Pts',(14.293053070724,-28.5280024584803,1.0248407546867));
#3028=CARTESIAN_POINT('Ctrl Pts',(14.3993269702099,-28.5280024584803,1.02487833191507));
#3029=CARTESIAN_POINT('Ctrl Pts',(14.5084156495351,-28.5280024584803,1.02504720733691));
#3030=CARTESIAN_POINT('Ctrl Pts',(14.6182088787311,-28.5280024584803,1.02521717344164));
#3031=CARTESIAN_POINT('Ctrl Pts',(14.7308535524117,-28.5280024584803,1.02552014393039));
#3032=CARTESIAN_POINT('Ctrl Pts',(14.8464990671245,-28.5280024584803,1.02592686407795));
#3033=CARTESIAN_POINT('Ctrl Pts',(14.9652714730397,-28.5280024584803,1.02634458136324));
#3034=CARTESIAN_POINT('Ctrl Pts',(15.0872090375196,-28.5280024584803,1.02687173311709));
#3035=CARTESIAN_POINT('Ctrl Pts',(15.2124174898505,-28.5280024584803,1.02748030178233));
#3036=CARTESIAN_POINT('Ctrl Pts',(15.3415808447462,-28.5280024584803,1.02810809302982));
#3037=CARTESIAN_POINT('Ctrl Pts',(15.474224802815,-28.5280024584803,1.02882252286767));
#3038=CARTESIAN_POINT('Ctrl Pts',(15.6104090364715,-28.5280024584803,1.02959673178342));
#3039=CARTESIAN_POINT('Ctrl Pts',(15.7516875792621,-28.5280024584803,1.03039990190449));
#3040=CARTESIAN_POINT('Ctrl Pts',(15.8967760006599,-28.5280024584803,1.0312674021298));
#3041=CARTESIAN_POINT('Ctrl Pts',(16.0456841633349,-28.5280024584803,1.0321734425126));
#3042=CARTESIAN_POINT('Ctrl Pts',(16.2014173095598,-28.5280024584803,1.03312100990505));
#3043=CARTESIAN_POINT('Ctrl Pts',(16.361328094342,-28.5280024584803,1.03411072250723));
#3044=CARTESIAN_POINT('Ctrl Pts',(16.5253705317845,-28.5280024584803,1.03511770531669));
#3045=CARTESIAN_POINT('Ctrl Pts',(16.6991014276775,-28.5280024584803,1.03618416121898));
#3046=CARTESIAN_POINT('Ctrl Pts',(16.8774660620185,-28.5280024584803,1.03726997109544));
#3047=CARTESIAN_POINT('Ctrl Pts',(17.0603517854722,-28.5280024584803,1.03835087851201));
#3048=CARTESIAN_POINT('Ctrl Pts',(17.2536925238326,-28.5280024584803,1.03949357808458));
#3049=CARTESIAN_POINT('Ctrl Pts',(17.4520858292902,-28.5280024584803,1.04063078193839));
#3050=CARTESIAN_POINT('Ctrl Pts',(17.6553417613395,-28.5280024584803,1.04173982484125));
#3051=CARTESIAN_POINT('Ctrl Pts',(17.8632382644871,-28.5280024584803,1.04287418849313));
#3052=CARTESIAN_POINT('Ctrl Pts',(18.0762218315398,-28.5280024584803,1.04397910534795));
#3053=CARTESIAN_POINT('Ctrl Pts',(18.2940332759459,-28.5280024584803,1.04503640601451));
#3054=CARTESIAN_POINT('Ctrl Pts',(18.5174509913331,-28.5280024584803,1.04612092065075));
#3055=CARTESIAN_POINT('Ctrl Pts',(18.7459481577197,-28.5280024584803,1.04715535312842));
#3056=CARTESIAN_POINT('Ctrl Pts',(18.9791890664272,-28.5280024584803,1.04812618592376));
#3057=CARTESIAN_POINT('Ctrl Pts',(19.2193084584518,-28.5280024584803,1.04912564944782));
#3058=CARTESIAN_POINT('Ctrl Pts',(19.4644553325947,-28.5280024584803,1.05005772621905));
#3059=CARTESIAN_POINT('Ctrl Pts',(19.7142073426353,-28.5280024584803,1.05091376743037));
#3060=CARTESIAN_POINT('Ctrl Pts',(19.9745725673061,-28.5280024584803,1.05180618612312));
#3061=CARTESIAN_POINT('Ctrl Pts',(20.2399424702344,-28.5280024584803,1.05261598607283));
#3062=CARTESIAN_POINT('Ctrl Pts',(20.5097809436438,-28.5280024584803,1.05333964399109));
#3063=CARTESIAN_POINT('Ctrl Pts',(20.8168729299888,-28.5280024584803,1.05416320908449));
#3064=CARTESIAN_POINT('Ctrl Pts',(21.1297516797813,-28.5280024584803,1.05487516110702));
#3065=CARTESIAN_POINT('Ctrl Pts',(21.4475577465054,-28.5280024584803,1.05547869006843));
#3066=CARTESIAN_POINT('Ctrl Pts',(21.961466776781,-28.5280024584803,1.05645462796194));
#3067=CARTESIAN_POINT('Ctrl Pts',(22.4882516468205,-28.5280024584803,1.05714576813313));
#3068=CARTESIAN_POINT('Ctrl Pts',(23.0241430942063,-28.5280024584803,1.05760019488298));
#3069=CARTESIAN_POINT('Ctrl Pts',(23.3365741585192,-28.5280024584803,1.05786513106324));
#3070=CARTESIAN_POINT('Ctrl Pts',(23.652098884392,-28.5280024584803,1.05805032995097));
#3071=CARTESIAN_POINT('Ctrl Pts',(23.9700014985013,-28.5280024584803,1.05816894191992));
#3072=CARTESIAN_POINT('Ctrl Pts',(24.2702286700608,-28.5280024584803,1.05828095904205));
#3073=CARTESIAN_POINT('Ctrl Pts',(24.5725761002545,-28.5280024584803,1.05833365767856));
#3074=CARTESIAN_POINT('Ctrl Pts',(24.8764880554974,-28.5280024584803,1.05833873418523));
#3075=CARTESIAN_POINT('Ctrl Pts',(25.1871070397984,-28.5280024584803,1.05834392272527));
#3076=CARTESIAN_POINT('Ctrl Pts',(25.4993597229897,-28.5280024584803,1.05829940293682));
#3077=CARTESIAN_POINT('Ctrl Pts',(25.8127114313263,-28.5280024584803,1.05821760910298));
#3078=CARTESIAN_POINT('Ctrl Pts',(26.1027791487897,-28.5280024584803,1.05814189306233));
#3079=CARTESIAN_POINT('Ctrl Pts',(26.3937889618248,-28.5280024584803,1.05803426066504));
#3080=CARTESIAN_POINT('Ctrl Pts',(26.6853670139973,-28.5280024584803,1.05790408838804));
#3081=CARTESIAN_POINT('Ctrl Pts',(26.972352814019,-28.5280024584803,1.05777596627878));
#3082=CARTESIAN_POINT('Ctrl Pts',(27.2598889416445,-28.5280024584803,1.05762603219952));
#3083=CARTESIAN_POINT('Ctrl Pts',(27.5476690312633,-28.5280024584803,1.05746239021234));
#3084=CARTESIAN_POINT('Ctrl Pts',(27.8331944202206,-28.5280024584803,1.05730003032809));
#3085=CARTESIAN_POINT('Ctrl Pts',(28.1189598415566,-28.5280024584803,1.05712419440562));
#3086=CARTESIAN_POINT('Ctrl Pts',(28.4047182299618,-28.5280024584803,1.05694164097362));
#3087=CARTESIAN_POINT('Ctrl Pts',(28.4866596836301,-28.5280024584803,1.05688929362636));
#3088=CARTESIAN_POINT('Ctrl Pts',(28.5686008896458,-28.5280024584803,1.05683638603522));
#3089=CARTESIAN_POINT('Ctrl Pts',(28.6505368057531,-28.5280024584803,1.05678305899648));
#3090=CARTESIAN_POINT('',(28.6505368057531,-28.5280024584803,-0.774350106620733));
#3091=CARTESIAN_POINT('Ctrl Pts',(-58.9477284353267,54.9280194001777,9.06204469887673));
#3092=CARTESIAN_POINT('Ctrl Pts',(-58.9477284353267,-56.8340243171382,9.06204469887673));
#3093=CARTESIAN_POINT('Ctrl Pts',(-55.6965240635951,54.9280194001777,9.06204469887673));
#3094=CARTESIAN_POINT('Ctrl Pts',(-55.6965240635951,-56.8340243171382,9.06204469887673));
#3095=CARTESIAN_POINT('Ctrl Pts',(-52.4453196918635,54.9280194001777,9.06204469887673));
#3096=CARTESIAN_POINT('Ctrl Pts',(-52.4453196918635,-56.8340243171382,9.06204469887673));
#3097=CARTESIAN_POINT('Ctrl Pts',(-49.1941153201319,54.9280194001777,9.06204469887673));
#3098=CARTESIAN_POINT('Ctrl Pts',(-49.1941153201319,-56.8340243171382,9.06204469887673));
#3099=CARTESIAN_POINT('Ctrl Pts',(-45.9429109484003,54.9280194001777,9.06204469887673));
#3100=CARTESIAN_POINT('Ctrl Pts',(-45.9429109484003,-56.8340243171382,9.06204469887673));
#3101=CARTESIAN_POINT('Ctrl Pts',(-42.6917065766687,54.9280194001777,9.06204469887673));
#3102=CARTESIAN_POINT('Ctrl Pts',(-42.6917065766687,-56.8340243171382,9.06204469887673));
#3103=CARTESIAN_POINT('Ctrl Pts',(-40.7042472361357,54.9280194001777,9.06204469887673));
#3104=CARTESIAN_POINT('Ctrl Pts',(-40.7042472361357,-56.8340243171382,9.06204469887673));
#3105=CARTESIAN_POINT('Ctrl Pts',(-36.9796332697342,54.9280194001777,9.06110222563534));
#3106=CARTESIAN_POINT('Ctrl Pts',(-36.9796332697342,-56.8340243171382,9.06110222563534));
#3107=CARTESIAN_POINT('Ctrl Pts',(-32.1436235949927,54.9280194001777,9.05685786830056));
#3108=CARTESIAN_POINT('Ctrl Pts',(-32.1436235949927,-56.8340243171382,9.05685786830056));
#3109=CARTESIAN_POINT('Ctrl Pts',(-27.1349194848558,54.9280194001777,9.0471009143386));
#3110=CARTESIAN_POINT('Ctrl Pts',(-27.1349194848558,-56.8340243171382,9.0471009143386));
#3111=CARTESIAN_POINT('Ctrl Pts',(-22.8899049166173,54.9280194001777,9.03562913898387));
#3112=CARTESIAN_POINT('Ctrl Pts',(-22.8899049166173,-56.8340243171382,9.03562913898387));
#3113=CARTESIAN_POINT('Ctrl Pts',(-20.1356127475106,54.9280194001777,9.03274150460674));
#3114=CARTESIAN_POINT('Ctrl Pts',(-20.1356127475106,-56.8340243171382,9.03274150460674));
#3115=CARTESIAN_POINT('Ctrl Pts',(-18.2877505408069,54.9280194001777,9.04173957782918));
#3116=CARTESIAN_POINT('Ctrl Pts',(-18.2877505408069,-56.8340243171382,9.04173957782918));
#3117=CARTESIAN_POINT('Ctrl Pts',(-16.7862908278814,54.9280194001777,9.05985373997661));
#3118=CARTESIAN_POINT('Ctrl Pts',(-16.7862908278814,-56.8340243171382,9.05985373997661));
#3119=CARTESIAN_POINT('Ctrl Pts',(-15.1767192025558,54.9280194001777,9.06885727991785));
#3120=CARTESIAN_POINT('Ctrl Pts',(-15.1767192025558,-56.8340243171382,9.06885727991785));
#3121=CARTESIAN_POINT('Ctrl Pts',(-13.1963254573937,54.9280194001777,9.04533450218017));
#3122=CARTESIAN_POINT('Ctrl Pts',(-13.1963254573937,-56.8340243171382,9.04533450218017));
#3123=CARTESIAN_POINT('Ctrl Pts',(-10.8654066097888,54.9280194001777,8.88315967660109));
#3124=CARTESIAN_POINT('Ctrl Pts',(-10.8654066097888,-56.8340243171382,8.88315967660109));
#3125=CARTESIAN_POINT('Ctrl Pts',(-8.3399689304962,54.9280194001777,8.45799735733535));
#3126=CARTESIAN_POINT('Ctrl Pts',(-8.3399689304962,-56.8340243171382,8.45799735733535));
#3127=CARTESIAN_POINT('Ctrl Pts',(-5.80848869109403,54.9280194001777,7.68183498828999));
#3128=CARTESIAN_POINT('Ctrl Pts',(-5.80848869109403,-56.8340243171382,7.68183498828999));
#3129=CARTESIAN_POINT('Ctrl Pts',(-3.34259793304056,54.9280194001777,6.57714204247879));
#3130=CARTESIAN_POINT('Ctrl Pts',(-3.34259793304056,-56.8340243171382,6.57714204247879));
#3131=CARTESIAN_POINT('Ctrl Pts',(-0.888534705630888,54.9280194001777,5.27583256433312));
#3132=CARTESIAN_POINT('Ctrl Pts',(-0.888534705630888,-56.8340243171382,
5.27583256433312));
#3133=CARTESIAN_POINT('Ctrl Pts',(1.63718325471115,54.9280194001777,3.95644170646356));
#3134=CARTESIAN_POINT('Ctrl Pts',(1.63718325471115,-56.8340243171382,3.95644170646356));
#3135=CARTESIAN_POINT('Ctrl Pts',(4.27253737493186,54.9280194001777,2.79879068792061));
#3136=CARTESIAN_POINT('Ctrl Pts',(4.27253737493186,-56.8340243171382,2.79879068792061));
#3137=CARTESIAN_POINT('Ctrl Pts',(6.94649068388479,54.9280194001777,1.93283479606529));
#3138=CARTESIAN_POINT('Ctrl Pts',(6.94649068388479,-56.8340243171382,1.93283479606529));
#3139=CARTESIAN_POINT('Ctrl Pts',(9.36085692534287,54.9280194001777,1.38630297745013));
#3140=CARTESIAN_POINT('Ctrl Pts',(9.36085692534287,-56.8340243171382,1.38630297745013));
#3141=CARTESIAN_POINT('Ctrl Pts',(11.2956078844931,54.9280194001777,1.11182267010429));
#3142=CARTESIAN_POINT('Ctrl Pts',(11.2956078844931,-56.8340243171382,1.11182267010429));
#3143=CARTESIAN_POINT('Ctrl Pts',(12.7162575143449,54.9280194001777,1.02274913778526));
#3144=CARTESIAN_POINT('Ctrl Pts',(12.7162575143449,-56.8340243171382,1.02274913778526));
#3145=CARTESIAN_POINT('Ctrl Pts',(14.4090222473259,54.9280194001777,1.01889514527031));
#3146=CARTESIAN_POINT('Ctrl Pts',(14.4090222473259,-56.8340243171382,1.01889514527031));
#3147=CARTESIAN_POINT('Ctrl Pts',(16.8726610063793,54.9280194001777,1.03922096060169));
#3148=CARTESIAN_POINT('Ctrl Pts',(16.8726610063793,-56.8340243171382,1.03922096060169));
#3149=CARTESIAN_POINT('Ctrl Pts',(20.09011874164,54.9280194001777,1.05534896479768));
#3150=CARTESIAN_POINT('Ctrl Pts',(20.09011874164,-56.8340243171382,1.05534896479768));
#3151=CARTESIAN_POINT('Ctrl Pts',(23.8518749386927,54.9280194001777,1.05983029984609));
#3152=CARTESIAN_POINT('Ctrl Pts',(23.8518749386927,-56.8340243171382,1.05983029984609));
#3153=CARTESIAN_POINT('Ctrl Pts',(27.8353131006941,54.9280194001777,1.05753492630301));
#3154=CARTESIAN_POINT('Ctrl Pts',(27.8353131006941,-56.8340243171382,1.05753492630301));
#3155=CARTESIAN_POINT('Ctrl Pts',(31.8141132315949,54.9280194001777,1.05439676343561));
#3156=CARTESIAN_POINT('Ctrl Pts',(31.8141132315949,-56.8340243171382,1.05439676343561));
#3157=CARTESIAN_POINT('Ctrl Pts',(35.7098772391014,54.9280194001777,1.05278303411148));
#3158=CARTESIAN_POINT('Ctrl Pts',(35.7098772391014,-56.8340243171382,1.05278303411148));
#3159=CARTESIAN_POINT('Ctrl Pts',(39.5366798201297,54.9280194001777,1.05340036236911));
#3160=CARTESIAN_POINT('Ctrl Pts',(39.5366798201297,-56.8340243171382,1.05340036236911));
#3161=CARTESIAN_POINT('Ctrl Pts',(43.3716460954316,54.9280194001777,1.05548727305413));
#3162=CARTESIAN_POINT('Ctrl Pts',(43.3716460954316,-56.8340243171382,1.05548727305413));
#3163=CARTESIAN_POINT('Ctrl Pts',(46.5268414154992,54.9280194001777,1.05725160953529));
#3164=CARTESIAN_POINT('Ctrl Pts',(46.5268414154992,-56.8340243171382,1.05725160953529));
#3165=CARTESIAN_POINT('Ctrl Pts',(48.9827269725667,54.9280194001777,1.05801370661862));
#3166=CARTESIAN_POINT('Ctrl Pts',(48.9827269725667,-56.8340243171382,1.05801370661862));
#3167=CARTESIAN_POINT('Ctrl Pts',(50.6653525170134,54.9280194001777,1.05818312765489));
#3168=CARTESIAN_POINT('Ctrl Pts',(50.6653525170134,-56.8340243171382,1.05818312765489));
#3169=CARTESIAN_POINT('Ctrl Pts',(51.5180082057012,54.9280194001777,1.05818312765489));
#3170=CARTESIAN_POINT('Ctrl Pts',(51.5180082057012,-56.8340243171382,1.05818312765489));
#3171=CARTESIAN_POINT('Ctrl Pts',(54.7692125774328,54.9280194001777,1.05818312765489));
#3172=CARTESIAN_POINT('Ctrl Pts',(54.7692125774328,-56.8340243171382,1.05818312765489));
#3173=CARTESIAN_POINT('Ctrl Pts',(58.0204169491644,54.9280194001777,1.05818312765489));
#3174=CARTESIAN_POINT('Ctrl Pts',(58.0204169491644,-56.8340243171382,1.05818312765489));
#3175=CARTESIAN_POINT('Ctrl Pts',(61.271621320896,54.9280194001777,1.05818312765489));
#3176=CARTESIAN_POINT('Ctrl Pts',(61.271621320896,-56.8340243171382,1.05818312765489));
#3177=CARTESIAN_POINT('Ctrl Pts',(64.5228256926276,54.9280194001777,1.05818312765489));
#3178=CARTESIAN_POINT('Ctrl Pts',(64.5228256926276,-56.8340243171382,1.05818312765489));
#3179=CARTESIAN_POINT('Ctrl Pts',(67.7740300643592,54.9280194001777,1.05818312765489));
#3180=CARTESIAN_POINT('Ctrl Pts',(67.7740300643592,-56.8340243171382,1.05818312765489));
#3181=CARTESIAN_POINT('Ctrl Pts',(28.650536805753,-28.5280024584803,1.05678305899648));
#3182=CARTESIAN_POINT('Ctrl Pts',(28.7884499040321,-28.5280025221196,1.0566932998593));
#3183=CARTESIAN_POINT('Ctrl Pts',(28.9264600588195,-28.5207798673238,1.05660228053812));
#3184=CARTESIAN_POINT('Ctrl Pts',(29.0640019177122,-28.5063031854098,1.05651098552689));
#3185=CARTESIAN_POINT('Ctrl Pts',(29.2968937503559,-28.481790640584,1.05635640085974));
#3186=CARTESIAN_POINT('Ctrl Pts',(29.526750059372,-28.4366586044416,1.05620221287664));
#3187=CARTESIAN_POINT('Ctrl Pts',(29.7508856554215,-28.3716483998195,1.05605269559592));
#3188=CARTESIAN_POINT('Ctrl Pts',(29.9479031968675,-28.314503747612,1.05592126833683));
#3189=CARTESIAN_POINT('Ctrl Pts',(30.1405012204417,-28.2420000406401,1.05579344297701));
#3190=CARTESIAN_POINT('Ctrl Pts',(30.3268895153855,-28.1546407674106,1.0556714455187));
#3191=CARTESIAN_POINT('Ctrl Pts',(30.5576773000254,-28.0464716726589,1.05552038708906));
#3192=CARTESIAN_POINT('Ctrl Pts',(30.776975491196,-27.9164482345773,1.05537960157665));
#3193=CARTESIAN_POINT('Ctrl Pts',(30.9818672766092,-27.7666445625468,1.055251415922));
#3194=CARTESIAN_POINT('Ctrl Pts',(31.1672097593201,-27.6311340810635,1.05513546082194));
#3195=CARTESIAN_POINT('Ctrl Pts',(31.3407655708046,-27.4794378699141,1.0550297776182));
#3196=CARTESIAN_POINT('Ctrl Pts',(31.5004121742795,-27.3130911926654,1.05493509101003));
#3197=CARTESIAN_POINT('Ctrl Pts',(31.7880525844554,-27.0133790444972,1.05476449110863));
#3198=CARTESIAN_POINT('Ctrl Pts',(32.0261519473966,-26.6706445507953,1.05463221816262));
#3199=CARTESIAN_POINT('Ctrl Pts',(32.2064520374647,-26.29787286743,1.05453540266499));
#3200=CARTESIAN_POINT('Ctrl Pts',(32.2531149911149,-26.2013968879871,1.05451034612133));
#3201=CARTESIAN_POINT('Ctrl Pts',(32.2959062867464,-26.1029089832083,1.05448765622358));
#3202=CARTESIAN_POINT('Ctrl Pts',(32.3346817879962,-26.0026342533614,1.05446728144945));
#3203=CARTESIAN_POINT('Ctrl Pts',(32.4295559274156,-25.7572865881312,1.05441742937537));
#3204=CARTESIAN_POINT('Ctrl Pts',(32.4994398744659,-25.5036747096988,1.0543818704577));
#3205=CARTESIAN_POINT('Ctrl Pts',(32.5436894139986,-25.2456498530524,1.05435948500024));
#3206=CARTESIAN_POINT('Ctrl Pts',(32.5814409676574,-25.02551560253,1.05434038681737));
#3207=CARTESIAN_POINT('Ctrl Pts',(32.6005335040491,-24.8021692899209,1.05433088365394));
#3208=CARTESIAN_POINT('Ctrl Pts',(32.6005368057531,-24.5780024584803,1.05433088200175));
#3209=CARTESIAN_POINT('',(28.6505368057531,28.8719975415197,1.05678305899648));
#3210=CARTESIAN_POINT('Ctrl Pts',(28.6505368057531,28.8719975415197,1.05678305899648));
#3211=CARTESIAN_POINT('Ctrl Pts',(28.3649795038563,28.8719975415197,1.05696891064766));
#3212=CARTESIAN_POINT('Ctrl Pts',(28.0793540343939,28.8719975415197,1.0571497602622));
#3213=CARTESIAN_POINT('Ctrl Pts',(27.7938920350757,28.8719975415197,1.05731921805424));
#3214=CARTESIAN_POINT('Ctrl Pts',(27.50559713994,28.8719975415197,1.05749035752816));
#3215=CARTESIAN_POINT('Ctrl Pts',(27.2174689134605,28.8719975415197,1.05764987042392));
#3216=CARTESIAN_POINT('Ctrl Pts',(26.9298000117017,28.8719975415197,1.05778992590431));
#3217=CARTESIAN_POINT('Ctrl Pts',(26.6360191483124,28.8719975415197,1.05793295707557));
#3218=CARTESIAN_POINT('Ctrl Pts',(26.3427174478137,28.8719975415197,1.05805567151392));
#3219=CARTESIAN_POINT('Ctrl Pts',(26.0502617014229,28.8719975415197,1.05814871541895));
#3220=CARTESIAN_POINT('Ctrl Pts',(25.7508655421092,28.8719975415197,1.05824396739521));
#3221=CARTESIAN_POINT('Ctrl Pts',(25.4523560913964,28.8719975415197,1.05830809587775));
#3222=CARTESIAN_POINT('Ctrl Pts',(25.1551821980926,28.8719975415197,1.05833041190361));
#3223=CARTESIAN_POINT('Ctrl Pts',(24.8500230243706,28.8719975415197,1.05835332757744));
#3224=CARTESIAN_POINT('Ctrl Pts',(24.5462722914268,28.8719975415197,1.05833211974183));
#3225=CARTESIAN_POINT('Ctrl Pts',(24.2444716213017,28.8719975415197,1.05825500997284));
#3226=CARTESIAN_POINT('Ctrl Pts',(23.9214225759379,28.8719975415197,1.05817247126526));
#3227=CARTESIAN_POINT('Ctrl Pts',(23.600607899276,28.8719975415197,1.05802582133214));
#3228=CARTESIAN_POINT('Ctrl Pts',(23.2827547645151,28.8719975415197,1.05780108446341));
#3229=CARTESIAN_POINT('Ctrl Pts',(22.8547806282658,28.8719975415197,1.05749848695292));
#3230=CARTESIAN_POINT('Ctrl Pts',(22.4321776778777,28.8719975415197,1.05705370663121));
#3231=CARTESIAN_POINT('Ctrl Pts',(22.0168271729643,28.8719975415197,1.0564386382194));
#3232=CARTESIAN_POINT('Ctrl Pts',(21.6564138610875,28.8719975415197,1.05590492310239));
#3233=CARTESIAN_POINT('Ctrl Pts',(21.3014673862066,28.8719975415197,1.05524287205588));
#3234=CARTESIAN_POINT('Ctrl Pts',(20.953209389374,28.8719975415197,1.05444273343552));
#3235=CARTESIAN_POINT('Ctrl Pts',(20.6731206277222,28.8719975415197,1.05379921673996));
#3236=CARTESIAN_POINT('Ctrl Pts',(20.3973589951722,28.8719975415197,1.05306648158599));
#3237=CARTESIAN_POINT('Ctrl Pts',(20.126522043906,28.8719975415197,1.05224507470323));
#3238=CARTESIAN_POINT('Ctrl Pts',(19.8708675942439,28.8719975415197,1.05146971401637));
#3239=CARTESIAN_POINT('Ctrl Pts',(19.6196015412572,28.8719975415197,1.05061533308624));
#3240=CARTESIAN_POINT('Ctrl Pts',(19.3731796527235,28.8719975415197,1.049687603931));
#3241=CARTESIAN_POINT('Ctrl Pts',(19.1345443944069,28.8719975415197,1.04878918988212));
#3242=CARTESIAN_POINT('Ctrl Pts',(18.9004521625608,28.8719975415197,1.04782197204908));
#3243=CARTESIAN_POINT('Ctrl Pts',(18.6712686725973,28.8719975415197,1.04679634830322));
#3244=CARTESIAN_POINT('Ctrl Pts',(18.4483239617296,28.8719975415197,1.0457986438459));
#3245=CARTESIAN_POINT('Ctrl Pts',(18.2300245234321,28.8719975415197,1.04474565464541));
#3246=CARTESIAN_POINT('Ctrl Pts',(18.0166584060119,28.8719975415197,1.04365224141952));
#3247=CARTESIAN_POINT('Ctrl Pts',(17.8083954628158,28.8719975415197,1.04258497985377));
#3248=CARTESIAN_POINT('Ctrl Pts',(17.6048328031622,28.8719975415197,1.04147919126038));
#3249=CARTESIAN_POINT('Ctrl Pts',(17.4061893671684,28.8719975415197,1.04035401806417));
#3250=CARTESIAN_POINT('Ctrl Pts',(17.2143207000714,28.8719975415197,1.03926721909531));
#3251=CARTESIAN_POINT('Ctrl Pts',(17.0270414557903,28.8719975415198,1.03816233489152));
#3252=CARTESIAN_POINT('Ctrl Pts',(16.8445018979103,28.8719975415198,1.03706172453053));
#3253=CARTESIAN_POINT('Ctrl Pts',(16.6731428998398,28.8719975415198,1.03602852662583));
#3254=CARTESIAN_POINT('Ctrl Pts',(16.5059610647237,28.8719975415197,1.03499911275748));
#3255=CARTESIAN_POINT('Ctrl Pts',(16.3430366619767,28.8719975415197,1.03399639669454));
#3256=CARTESIAN_POINT('Ctrl Pts',(16.1881253752993,28.8719975415197,1.03304299724754));
#3257=CARTESIAN_POINT('Ctrl Pts',(16.0370632981264,28.8719975415197,1.03211374417276));
#3258=CARTESIAN_POINT('Ctrl Pts',(15.8898739873342,28.8719975415197,1.03123227648705));
#3259=CARTESIAN_POINT('Ctrl Pts',(15.7484636344789,28.8719975415197,1.03038541705278));
#3260=CARTESIAN_POINT('Ctrl Pts',(15.6106281250506,28.8719975415197,1.02958266987811));
#3261=CARTESIAN_POINT('Ctrl Pts',(15.4763418716345,28.8719975415197,1.02884862778975));
#3262=CARTESIAN_POINT('Ctrl Pts',(15.3464473624874,28.8719975415197,1.02813859206877));
#3263=CARTESIAN_POINT('Ctrl Pts',(15.2198739309425,28.8719975415197,1.02749284412058));
#3264=CARTESIAN_POINT('Ctrl Pts',(15.0965512010614,28.8719975415197,1.02693705113726));
#3265=CARTESIAN_POINT('Ctrl Pts',(14.976628024581,28.8719975415197,1.0263965793192));
#3266=CARTESIAN_POINT('Ctrl Pts',(14.8597789568188,28.8719975415197,1.02594117283218));
#3267=CARTESIAN_POINT('Ctrl Pts',(14.7458914235145,28.8719975415197,1.02559768319757));
#3268=CARTESIAN_POINT('Ctrl Pts',(14.6326567228539,28.8719975415197,1.02525616253393));
#3269=CARTESIAN_POINT('Ctrl Pts',(14.5223499622928,28.8719975415197,1.02502526995261));
#3270=CARTESIAN_POINT('Ctrl Pts',(14.4148089833404,28.8719975415197,1.02493473306218));
#3271=CARTESIAN_POINT('Ctrl Pts',(14.3053772520516,28.8719975415197,1.02484260438006));
#3272=CARTESIAN_POINT('Ctrl Pts',(14.1988093245021,28.8719975415197,1.02489579171256));
#3273=CARTESIAN_POINT('Ctrl Pts',(14.0948793765361,28.8719975415197,1.02512931006211));
#3274=CARTESIAN_POINT('Ctrl Pts',(13.9888174625656,28.8719975415197,1.02536761868812));
#3275=CARTESIAN_POINT('Ctrl Pts',(13.8855027564956,28.8719975415198,1.02579371045627));
#3276=CARTESIAN_POINT('Ctrl Pts',(13.7846400692935,28.8719975415198,1.02644892459839));
#3277=CARTESIAN_POINT('Ctrl Pts',(13.6814769194042,28.8719975415198,1.02711908277708));
#3278=CARTESIAN_POINT('Ctrl Pts',(13.5808787913259,28.8719975415197,1.02802890747809));
#3279=CARTESIAN_POINT('Ctrl Pts',(13.4824744507824,28.8719975415197,1.02922728105883));
#3280=CARTESIAN_POINT('Ctrl Pts',(13.3815440243803,28.8719975415197,1.0304564174549));
#3281=CARTESIAN_POINT('Ctrl Pts',(13.2829213223251,28.8719975415197,1.03198907458782));
#3282=CARTESIAN_POINT('Ctrl Pts',(13.1861501571664,28.8719975415197,1.03388329394545));
#3283=CARTESIAN_POINT('Ctrl Pts',(13.0865310084235,28.8719975415197,1.03583326033916));
#3284=CARTESIAN_POINT('Ctrl Pts',(12.988873820807,28.8719975415197,1.038166342421));
#3285=CARTESIAN_POINT('Ctrl Pts',(12.892625001932,28.8719975415197,1.04095197898059));
#3286=CARTESIAN_POINT('Ctrl Pts',(12.7868591771499,28.8719975415197,1.04401305704589));
#3287=CARTESIAN_POINT('Ctrl Pts',(12.6827940528739,28.8719975415197,1.04762048439964));
#3288=CARTESIAN_POINT('Ctrl Pts',(12.5796269163577,28.8719975415197,1.05187522759746));
#3289=CARTESIAN_POINT('Ctrl Pts',(12.4414166171583,28.8719975415197,1.05757519514764));
#3290=CARTESIAN_POINT('Ctrl Pts',(12.3048116415954,28.8719975415197,1.06443648598865));
#3291=CARTESIAN_POINT('Ctrl Pts',(12.1677974635023,28.8719975415197,1.07272314560702));
#3292=CARTESIAN_POINT('Ctrl Pts',(12.0723476633318,28.8719975415197,1.07849597886897));
#3293=CARTESIAN_POINT('Ctrl Pts',(11.9766967079367,28.8719975415197,1.08496109125562));
#3294=CARTESIAN_POINT('Ctrl Pts',(11.8801893386658,28.8719975415197,1.09221219878691));
#3295=CARTESIAN_POINT('Ctrl Pts',(11.7956851236604,28.8719975415197,1.09856144604628));
#3296=CARTESIAN_POINT('Ctrl Pts',(11.7105236428231,28.8719975415197,1.10551342987819));
#3297=CARTESIAN_POINT('Ctrl Pts',(11.6243037233856,28.8719975415197,1.11313215870091));
#3298=CARTESIAN_POINT('Ctrl Pts',(11.5444833143872,28.8719975415197,1.12018540178725));
#3299=CARTESIAN_POINT('Ctrl Pts',(11.4637553556537,28.8719975415197,1.12781013428101));
#3300=CARTESIAN_POINT('Ctrl Pts',(11.3818439703277,28.8719975415197,1.13605721856959));
#3301=CARTESIAN_POINT('Ctrl Pts',(11.3032871247174,28.8719975415197,1.14396655772453));
#3302=CARTESIAN_POINT('Ctrl Pts',(11.2236413857064,28.8719975415197,1.15244834976428));
#3303=CARTESIAN_POINT('Ctrl Pts',(11.1427099369176,28.8719975415197,1.16154698625577));
#3304=CARTESIAN_POINT('Ctrl Pts',(11.0604392328205,28.8719975415197,1.17079618717434));
#3305=CARTESIAN_POINT('Ctrl Pts',(10.9768397935541,28.8719975415197,1.18068284246799));
#3306=CARTESIAN_POINT('Ctrl Pts',(10.8917604607267,28.8719975415197,1.19125261665573));
#3307=CARTESIAN_POINT('Ctrl Pts',(10.8038219495734,28.8719975415197,1.20217759895642));
#3308=CARTESIAN_POINT('Ctrl Pts',(10.7143025836455,28.8719975415197,1.21383241293423));
#3309=CARTESIAN_POINT('Ctrl Pts',(10.6230928606551,28.8719975415197,1.22626606177727));
#3310=CARTESIAN_POINT('Ctrl Pts',(10.5282127499473,28.8719975415197,1.23920005543553));
#3311=CARTESIAN_POINT('Ctrl Pts',(10.4315037146509,28.8719975415197,1.25297686450964));
#3312=CARTESIAN_POINT('Ctrl Pts',(10.3329006626403,28.8719975415197,1.26764963146406));
#3313=CARTESIAN_POINT('Ctrl Pts',(10.2293583722164,28.8719975415197,1.28305738879345));
#3314=CARTESIAN_POINT('Ctrl Pts',(10.1237278321964,28.8719975415197,1.29945316610915));
#3315=CARTESIAN_POINT('Ctrl Pts',(10.0159929218304,28.8719975415197,1.31689560461897));
#3316=CARTESIAN_POINT('Ctrl Pts',(9.90112606636405,28.8719975415197,1.33549271540212));
#3317=CARTESIAN_POINT('Ctrl Pts',(9.78386737246645,28.8719975415197,1.35527973525609));
#3318=CARTESIAN_POINT('Ctrl Pts',(9.66425825112036,28.8719975415197,1.37632341716118));
#3319=CARTESIAN_POINT('Ctrl Pts',(9.5330932209087,28.8719975415197,1.39940021215628));
#3320=CARTESIAN_POINT('Ctrl Pts',(9.39910223816012,28.8719975415197,1.42398838722921));
#3321=CARTESIAN_POINT('Ctrl Pts',(9.26240386280306,28.8719975415197,1.45016887388544));
#3322=CARTESIAN_POINT('Ctrl Pts',(9.11527837587886,28.8719975415197,1.47834636200224));
#3323=CARTESIAN_POINT('Ctrl Pts',(8.96501741825207,28.8719975415197,1.50836858265903));
#3324=CARTESIAN_POINT('Ctrl Pts',(8.81182571918142,28.8719975415197,1.54032538271115));
#3325=CARTESIAN_POINT('Ctrl Pts',(8.65430270702304,28.8719975415197,1.57318572327589));
#3326=CARTESIAN_POINT('Ctrl Pts',(8.49368111163609,28.8719975415197,1.60809181014409));
#3327=CARTESIAN_POINT('Ctrl Pts',(8.3302362150008,28.8719975415197,1.64512648057908));
#3328=CARTESIAN_POINT('Ctrl Pts',(8.15472762379254,28.8719975415197,1.68489464078301));
#3329=CARTESIAN_POINT('Ctrl Pts',(7.975963532945,28.8719975415197,1.72711766516005));
#3330=CARTESIAN_POINT('Ctrl Pts',(7.794343835339,28.8719975415197,1.77187560691982));
#3331=CARTESIAN_POINT('Ctrl Pts',(7.61121964936405,28.8719975415197,1.8170043113429));
#3332=CARTESIAN_POINT('Ctrl Pts',(7.425192997275,28.8719975415197,1.8647103816372));
#3333=CARTESIAN_POINT('Ctrl Pts',(7.23672615113773,28.8719975415197,1.91504834850104));
#3334=CARTESIAN_POINT('Ctrl Pts',(7.03728657489045,28.8719975415197,1.96831704263074));
#3335=CARTESIAN_POINT('Ctrl Pts',(6.83511486390756,28.8719975415197,2.02453366249381));
#3336=CARTESIAN_POINT('Ctrl Pts',(6.63080927471095,28.8719975415197,2.08372461941135));
#3337=CARTESIAN_POINT('Ctrl Pts',(6.42210063630482,28.8719975415197,2.14419121786709));
#3338=CARTESIAN_POINT('Ctrl Pts',(6.21116783033291,28.8719975415197,2.2077621722293));
#3339=CARTESIAN_POINT('Ctrl Pts',(5.99867658135839,28.8719975415197,2.27441869862201));
#3340=CARTESIAN_POINT('Ctrl Pts',(5.80680198842347,28.8719975415197,2.33460797196754));
#3341=CARTESIAN_POINT('Ctrl Pts',(5.61365864611744,28.8719975415197,2.39731266302858));
#3342=CARTESIAN_POINT('Ctrl Pts',(5.41972600211226,28.8719975415197,2.46248293876503));
#3343=CARTESIAN_POINT('Ctrl Pts',(5.23853963990943,28.8719975415197,2.52336987837756));
#3344=CARTESIAN_POINT('Ctrl Pts',(5.05666541646899,28.8719975415197,2.58640874068056));
#3345=CARTESIAN_POINT('Ctrl Pts',(4.8744643607278,28.8719975415197,2.65152998830601));
#3346=CARTESIAN_POINT('Ctrl Pts',(4.69511019648257,28.8719975415197,2.7156337164373));
#3347=CARTESIAN_POINT('Ctrl Pts',(4.51544044616581,28.8719975415198,2.78175529912803));
#3348=CARTESIAN_POINT('Ctrl Pts',(4.33575326282143,28.8719975415198,2.84980031514652));
#3349=CARTESIAN_POINT('Ctrl Pts',(4.16837874272724,28.8719975415198,2.91318269829106));
#3350=CARTESIAN_POINT('Ctrl Pts',(4.00098900209672,28.8719975415197,2.97823366957281));
#3351=CARTESIAN_POINT('Ctrl Pts',(3.83377709884448,28.8719975415197,3.04485426273833));
#3352=CARTESIAN_POINT('Ctrl Pts',(3.65935400659834,28.8719975415197,3.11434793897305));
#3353=CARTESIAN_POINT('Ctrl Pts',(3.4851244029244,28.8719975415198,3.18554953402794));
#3354=CARTESIAN_POINT('Ctrl Pts',(3.31125503992109,28.8719975415198,3.25832311105196));
#3355=CARTESIAN_POINT('Ctrl Pts',(3.1314736133032,28.8719975415198,3.33357120117821));
#3356=CARTESIAN_POINT('Ctrl Pts',(2.95207718018982,28.8719975415197,3.4104999253017));
#3357=CARTESIAN_POINT('Ctrl Pts',(2.77319675665052,28.8719975415197,3.48893491548124));
#3358=CARTESIAN_POINT('Ctrl Pts',(2.58700975654359,28.8719975415197,3.57057367301548));
#3359=CARTESIAN_POINT('Ctrl Pts',(2.40138158518687,28.8719975415198,3.65384417668205));
#3360=CARTESIAN_POINT('Ctrl Pts',(2.21640584995653,28.8719975415198,3.73852529021905));
#3361=CARTESIAN_POINT('Ctrl Pts',(2.02245017318036,28.8719975415198,3.82731738322399));
#3362=CARTESIAN_POINT('Ctrl Pts',(1.82921155105209,28.8719975415197,3.91766025806843));
#3363=CARTESIAN_POINT('Ctrl Pts',(1.63674306555078,28.8719975415197,4.00927404756474));
#3364=CARTESIAN_POINT('Ctrl Pts',(1.43573644130811,28.8719975415197,4.1049519374425));
#3365=CARTESIAN_POINT('Ctrl Pts',(1.23556954352926,28.8719975415197,4.20201579501135));
#3366=CARTESIAN_POINT('Ctrl Pts',(1.03624928550159,28.8719975415197,4.30012280564328));
#3367=CARTESIAN_POINT('Ctrl Pts',(0.82737561485363,28.8719975415197,4.40293208167857));
#3368=CARTESIAN_POINT('Ctrl Pts',(0.619431523269945,28.8719975415197,4.50688660137428));
#3369=CARTESIAN_POINT('Ctrl Pts',(0.412370138706421,28.8719975415197,4.61156999499017));
#3370=CARTESIAN_POINT('Ctrl Pts',(0.192764101919055,28.8719975415197,4.7225955502278));
#3371=CARTESIAN_POINT('Ctrl Pts',(-0.025849253140954,28.8719975415197,4.83444052588109));
#3372=CARTESIAN_POINT('Ctrl Pts',(-0.243583250376984,28.8719975415197,4.94659000966017));
#3373=CARTESIAN_POINT('Ctrl Pts',(-0.478669059846779,28.8719975415197,5.06767698969316));
#3374=CARTESIAN_POINT('Ctrl Pts',(-0.712730120269479,28.8719975415197,5.18911819907926));
#3375=CARTESIAN_POINT('Ctrl Pts',(-0.945969848992056,28.8719975415197,5.31025437913769));
#3376=CARTESIAN_POINT('Ctrl Pts',(-1.20681462701613,28.8719975415197,5.44572761164008));
#3377=CARTESIAN_POINT('Ctrl Pts',(-1.4666330615942,28.8719975415197,5.58081789906132));
#3378=CARTESIAN_POINT('Ctrl Pts',(-1.72577430125574,28.8719975415197,5.71460761557938));
#3379=CARTESIAN_POINT('Ctrl Pts',(-1.9967407175707,28.8719975415197,5.85450244695411));
#3380=CARTESIAN_POINT('Ctrl Pts',(-2.26696943871597,28.8719975415197,5.9929732730175));
#3381=CARTESIAN_POINT('Ctrl Pts',(-2.53689614664085,28.8719975415197,6.12900332831235));
#3382=CARTESIAN_POINT('Ctrl Pts',(-2.77775038824786,28.8719975415197,6.25038226134079));
#3383=CARTESIAN_POINT('Ctrl Pts',(-3.01836620497235,28.8719975415197,6.36981740062741));
#3384=CARTESIAN_POINT('Ctrl Pts',(-3.25904758105335,28.8719975415197,6.48662705881808));
#3385=CARTESIAN_POINT('Ctrl Pts',(-3.47307295560414,28.8719975415197,6.59049978570907));
#3386=CARTESIAN_POINT('Ctrl Pts',(-3.68715101836832,28.8719975415197,6.69229633503243));
#3387=CARTESIAN_POINT('Ctrl Pts',(-3.90147368743853,28.8719975415197,6.79157399149668));
#3388=CARTESIAN_POINT('Ctrl Pts',(-4.09801571253427,28.8719975415197,6.88261537192037));
#3389=CARTESIAN_POINT('Ctrl Pts',(-4.29476395145117,28.8719975415197,6.97153836434568));
#3390=CARTESIAN_POINT('Ctrl Pts',(-4.4918376963573,28.8719975415197,7.05803576537053));
#3391=CARTESIAN_POINT('Ctrl Pts',(-4.67734633125859,28.8719975415197,7.13945713783325));
#3392=CARTESIAN_POINT('Ctrl Pts',(-4.86314372196623,28.8719975415197,7.21872915822711));
#3393=CARTESIAN_POINT('Ctrl Pts',(-5.04929700242483,28.8719975415197,7.29562874497072));
#3394=CARTESIAN_POINT('Ctrl Pts',(-5.22701306035383,28.8719975415197,7.36904293019902));
#3395=CARTESIAN_POINT('Ctrl Pts',(-5.40505372458285,28.8719975415198,7.44029478078356));
#3396=CARTESIAN_POINT('Ctrl Pts',(-5.58344289264648,28.8719975415198,7.50922266992634));
#3397=CARTESIAN_POINT('Ctrl Pts',(-5.75686452023723,28.8719975415198,7.57623114836304));
#3398=CARTESIAN_POINT('Ctrl Pts',(-5.93061574121498,28.8719975415197,7.64104318159262));
#3399=CARTESIAN_POINT('Ctrl Pts',(-6.10468146366193,28.8719975415197,7.70354329009896));
#3400=CARTESIAN_POINT('Ctrl Pts',(-6.27875969402645,28.8719975415197,7.76604788970323));
#3401=CARTESIAN_POINT('Ctrl Pts',(-6.45315245276355,28.8719975415197,7.82624021619713));
#3402=CARTESIAN_POINT('Ctrl Pts',(-6.62780540060513,28.8719975415197,7.88403933702554));
#3403=CARTESIAN_POINT('Ctrl Pts',(-6.8027679183439,28.8719975415197,7.94194090598389));
#3404=CARTESIAN_POINT('Ctrl Pts',(-6.97799152206041,28.8719975415198,7.99744076303367));
#3405=CARTESIAN_POINT('Ctrl Pts',(-7.15338259684505,28.8719975415198,8.05049243935569));
#3406=CARTESIAN_POINT('Ctrl Pts',(-7.32908437763203,28.8719975415198,8.10363809693808));
#3407=CARTESIAN_POINT('Ctrl Pts',(-7.50495419662741,28.8719975415198,8.15432687717944));
#3408=CARTESIAN_POINT('Ctrl Pts',(-7.68085924942941,28.8719975415198,8.20254727607949));
#3409=CARTESIAN_POINT('Ctrl Pts',(-7.85707564718968,28.8719975415198,8.25085302317076));
#3410=CARTESIAN_POINT('Ctrl Pts',(-8.03332737641736,28.8719975415197,8.29668162818155));
#3411=CARTESIAN_POINT('Ctrl Pts',(-8.20944253769129,28.8719975415197,8.34005705815851));
#3412=CARTESIAN_POINT('Ctrl Pts',(-8.38915794022556,28.8719975415197,8.38431919210552));
#3413=CARTESIAN_POINT('Ctrl Pts',(-8.56873106726409,28.8719975415197,8.42602678089379));
#3414=CARTESIAN_POINT('Ctrl Pts',(-8.74793925930232,28.8719975415197,8.46524321259286));
#3415=CARTESIAN_POINT('Ctrl Pts',(-8.9385277752378,28.8719975415197,8.50695001981414));
#3416=CARTESIAN_POINT('Ctrl Pts',(-9.12870300889462,28.8719975415197,8.5458392648659));
#3417=CARTESIAN_POINT('Ctrl Pts',(-9.31815724873013,28.8719975415197,8.58202977826257));
#3418=CARTESIAN_POINT('Ctrl Pts',(-9.53453229094211,28.8719975415197,8.62336284038182));
#3419=CARTESIAN_POINT('Ctrl Pts',(-9.74996609903556,28.8719975415197,8.66117532948546));
#3420=CARTESIAN_POINT('Ctrl Pts',(-9.96395953152702,28.8719975415197,8.69570196046037));
#3421=CARTESIAN_POINT('Ctrl Pts',(-10.1982460145596,28.8719975415197,8.73350276045641));
#3422=CARTESIAN_POINT('Ctrl Pts',(-10.4308035524158,28.8719975415197,8.76736537225797));
#3423=CARTESIAN_POINT('Ctrl Pts',(-10.6609576832185,28.8719975415197,8.79766236995356));
#3424=CARTESIAN_POINT('Ctrl Pts',(-10.8823388110223,28.8719975415197,8.82680450829159));
#3425=CARTESIAN_POINT('Ctrl Pts',(-11.1014938810176,28.8719975415197,8.85264920762883));
#3426=CARTESIAN_POINT('Ctrl Pts',(-11.3178433069456,28.8719975415197,8.87556783402957));
#3427=CARTESIAN_POINT('Ctrl Pts',(-11.5175182926627,28.8719975415197,8.89672008058439));
#3428=CARTESIAN_POINT('Ctrl Pts',(-11.7148026286203,28.8719975415197,8.91538086420603));
#3429=CARTESIAN_POINT('Ctrl Pts',(-11.9092784904008,28.8719975415197,8.93186001542942));
#3430=CARTESIAN_POINT('Ctrl Pts',(-12.0909330925924,28.8719975415197,8.94725274145996));
#3431=CARTESIAN_POINT('Ctrl Pts',(-12.270136893063,28.8719975415197,8.96074257534844));
#3432=CARTESIAN_POINT('Ctrl Pts',(-12.4465920363675,28.8719975415197,8.97258812669054));
#3433=CARTESIAN_POINT('Ctrl Pts',(-12.6137505640242,28.8719975415197,8.98380959002988));
#3434=CARTESIAN_POINT('Ctrl Pts',(-12.7784421505294,28.8719975415197,8.99355582778798));
#3435=CARTESIAN_POINT('Ctrl Pts',(-12.9404581791207,28.8719975415197,9.00204603140711));
#3436=CARTESIAN_POINT('Ctrl Pts',(-13.0943658545962,28.8719975415197,9.01011132911064));
#3437=CARTESIAN_POINT('Ctrl Pts',(-13.2458589028189,28.8719975415197,9.01704341433587));
#3438=CARTESIAN_POINT('Ctrl Pts',(-13.3948028991861,28.8719975415197,9.02302537847163));
#3439=CARTESIAN_POINT('Ctrl Pts',(-13.5368453645169,28.8719975415197,9.02873015982629));
#3440=CARTESIAN_POINT('Ctrl Pts',(-13.6765692972775,28.8719975415197,9.03357103037415));
#3441=CARTESIAN_POINT('Ctrl Pts',(-13.8139026771829,28.8719975415197,9.03769912400229));
#3442=CARTESIAN_POINT('Ctrl Pts',(-13.9460392825652,28.8719975415197,9.04167100818003));
#3443=CARTESIAN_POINT('Ctrl Pts',(-14.0759626411461,28.8719975415197,9.044983188345));
#3444=CARTESIAN_POINT('Ctrl Pts',(-14.2036539595649,28.8719975415197,9.04776052883642));
#3445=CARTESIAN_POINT('Ctrl Pts',(-14.3272791461589,28.8719975415197,9.05044942923104));
#3446=CARTESIAN_POINT('Ctrl Pts',(-14.448812021457,28.8719975415197,9.05263712828868));
#3447=CARTESIAN_POINT('Ctrl Pts',(-14.5682814343801,28.8719975415197,9.05442568942637));
#3448=CARTESIAN_POINT('Ctrl Pts',(-14.6844853925899,28.8719975415197,9.05616536386365));
#3449=CARTESIAN_POINT('Ctrl Pts',(-14.7987370095062,28.8719975415197,9.05752751909671));
#3450=CARTESIAN_POINT('Ctrl Pts',(-14.9111091621381,28.8719975415197,9.05859369359787));
#3451=CARTESIAN_POINT('Ctrl Pts',(-15.0224102726268,28.8719975415197,9.05964970617015));
#3452=CARTESIAN_POINT('Ctrl Pts',(-15.1318673475339,28.8719975415197,9.0604154613735));
#3453=CARTESIAN_POINT('Ctrl Pts',(-15.2396002756796,28.8719975415197,9.06095624925362));
#3454=CARTESIAN_POINT('Ctrl Pts',(-15.3489842727481,28.8719975415197,9.0615053250182));
#3455=CARTESIAN_POINT('Ctrl Pts',(-15.4565909139984,28.8719975415197,9.06182236310039));
#3456=CARTESIAN_POINT('Ctrl Pts',(-15.5625983768654,28.8719975415197,9.06196118450792));
#3457=CARTESIAN_POINT('Ctrl Pts',(-15.6705582135306,28.8719975415197,9.0621025626343));
#3458=CARTESIAN_POINT('Ctrl Pts',(-15.7768594951137,28.8719975415197,9.06205894071126));
#3459=CARTESIAN_POINT('Ctrl Pts',(-15.8817436853491,28.8719975415197,9.06187444725952));
#3460=CARTESIAN_POINT('Ctrl Pts',(-15.9887032494792,28.8719975415197,9.06168630318234));
#3461=CARTESIAN_POINT('Ctrl Pts',(-16.0941891675832,28.8719975415197,9.06135147491078));
#3462=CARTESIAN_POINT('Ctrl Pts',(-16.1985112628734,28.8719975415197,9.06090626272861));
#3463=CARTESIAN_POINT('Ctrl Pts',(-16.3050500822268,28.8719975415197,9.06045159030166));
#3464=CARTESIAN_POINT('Ctrl Pts',(-16.4103751880202,28.8719975415198,9.05988158012392));
#3465=CARTESIAN_POINT('Ctrl Pts',(-16.5148707526956,28.8719975415198,9.05922708483847));
#3466=CARTESIAN_POINT('Ctrl Pts',(-16.6217286045304,28.8719975415198,9.05855779365414));
#3467=CARTESIAN_POINT('Ctrl Pts',(-16.7277190995292,28.8719975415198,9.05779990402568));
#3468=CARTESIAN_POINT('Ctrl Pts',(-16.8333075339313,28.8719975415198,9.05698188946532));
#3469=CARTESIAN_POINT('Ctrl Pts',(-16.9413329547303,28.8719975415198,9.0561449950876));
#3470=CARTESIAN_POINT('Ctrl Pts',(-17.0489376752821,28.8719975415197,9.05524513621644));
#3471=CARTESIAN_POINT('Ctrl Pts',(-17.1566744147825,28.8719975415197,9.0543108501929));
#3472=CARTESIAN_POINT('Ctrl Pts',(-17.2671544558956,28.8719975415197,9.05335277443555));
#3473=CARTESIAN_POINT('Ctrl Pts',(-17.3777734767913,28.8719975415197,9.05235855118888));
#3474=CARTESIAN_POINT('Ctrl Pts',(-17.4891819671749,28.8719975415197,9.05135646257235));
#3475=CARTESIAN_POINT('Ctrl Pts',(-17.6056994207256,28.8719975415197,9.05030842024246));
#3476=CARTESIAN_POINT('Ctrl Pts',(-17.7230804485976,28.8719975415198,9.04925185680529));
#3477=CARTESIAN_POINT('Ctrl Pts',(-17.8421268120247,28.8719975415198,9.0482153509804));
#3478=CARTESIAN_POINT('Ctrl Pts',(-17.9653849358185,28.8719975415198,9.04714217444984));
#3479=CARTESIAN_POINT('Ctrl Pts',(-18.0904285382699,28.8719975415197,9.04609059625336));
#3480=CARTESIAN_POINT('Ctrl Pts',(-18.2182057754807,28.8719975415197,9.04508699067624));
#3481=CARTESIAN_POINT('Ctrl Pts',(-18.3513433820929,28.8719975415197,9.04404128294742));
#3482=CARTESIAN_POINT('Ctrl Pts',(-18.487449069351,28.8719975415197,9.04304776976038));
#3483=CARTESIAN_POINT('Ctrl Pts',(-18.6276537293117,28.8719975415197,9.04212886264981));
#3484=CARTESIAN_POINT('Ctrl Pts',(-18.7751334604103,28.8719975415197,9.04116227442364));
#3485=CARTESIAN_POINT('Ctrl Pts',(-18.9271489080975,28.8719975415197,9.04027821904439));
#3486=CARTESIAN_POINT('Ctrl Pts',(-19.085074958327,28.8719975415197,9.03949396782002));
#3487=CARTESIAN_POINT('Ctrl Pts',(-19.253977112707,28.8719975415197,9.03865520992555));
#3488=CARTESIAN_POINT('Ctrl Pts',(-19.4296404688135,28.8719975415197,9.03793058749745));
#3489=CARTESIAN_POINT('Ctrl Pts',(-19.6138064982278,28.8719975415197,9.03733169016613));
#3490=CARTESIAN_POINT('Ctrl Pts',(-19.8196504506396,28.8719975415197,9.0366622974765));
#3491=CARTESIAN_POINT('Ctrl Pts',(-20.0361172458032,28.8719975415197,9.03614996173252));
#3492=CARTESIAN_POINT('Ctrl Pts',(-20.2657021234122,28.8719975415197,9.03579945269736));
#3493=CARTESIAN_POINT('Ctrl Pts',(-20.5905263847023,28.8719975415197,9.03530354094739));
#3494=CARTESIAN_POINT('Ctrl Pts',(-20.9416119863426,28.8719975415197,9.0351324867356));
#3495=CARTESIAN_POINT('Ctrl Pts',(-21.3261359412109,28.8719975415197,9.0352704889372));
#3496=CARTESIAN_POINT('Ctrl Pts',(-21.6365248841139,28.8719975415197,9.03538188474734));
#3497=CARTESIAN_POINT('Ctrl Pts',(-21.9687068809526,28.8719975415198,9.03569399575737));
#3498=CARTESIAN_POINT('Ctrl Pts',(-22.3264431938683,28.8719975415198,9.03618466672165));
#3499=CARTESIAN_POINT('Ctrl Pts',(-22.6224325588125,28.8719975415198,9.03659064560015));
#3500=CARTESIAN_POINT('Ctrl Pts',(-22.9359168032359,28.8719975415197,9.03711862211662));
#3501=CARTESIAN_POINT('Ctrl Pts',(-23.2689866427236,28.8719975415197,9.0377502539416));
#3502=CARTESIAN_POINT('Ctrl Pts',(-23.567696944803,28.8719975415197,9.03831672652745));
#3503=CARTESIAN_POINT('Ctrl Pts',(-23.8821606842439,28.8719975415197,9.03896646866559));
#3504=CARTESIAN_POINT('Ctrl Pts',(-24.2138440193351,28.8719975415197,9.03968306339363));
#3505=CARTESIAN_POINT('Ctrl Pts',(-24.5304973556492,28.8719975415197,9.04036718613183));
#3506=CARTESIAN_POINT('Ctrl Pts',(-24.8628454993146,28.8719975415197,9.04111217754885));
#3507=CARTESIAN_POINT('Ctrl Pts',(-25.2121180923938,28.8719975415197,9.04190182958264));
#3508=CARTESIAN_POINT('Ctrl Pts',(-25.543072997661,28.8719975415197,9.04265006811957));
#3509=CARTESIAN_POINT('Ctrl Pts',(-25.8892238817906,28.8719975415197,9.04343835983438));
#3510=CARTESIAN_POINT('Ctrl Pts',(-26.2515702649456,28.8719975415197,9.0442519049925));
#3511=CARTESIAN_POINT('Ctrl Pts',(-26.4461490250065,28.8719975415197,9.04468877594108));
#3512=CARTESIAN_POINT('Ctrl Pts',(-26.6453971751061,28.8719975415197,9.04513291546203));
#3513=CARTESIAN_POINT('Ctrl Pts',(-26.8494631942476,28.8719975415197,9.04558196746467));
#3514=CARTESIAN_POINT('Ctrl Pts',(32.6005368057518,24.9219975415197,1.05433088200175));
#3515=CARTESIAN_POINT('Ctrl Pts',(32.6005301737654,25.1785508800883,1.05433088532043));
#3516=CARTESIAN_POINT('Ctrl Pts',(32.5755391955149,25.4349650570824,1.05434330186858));
#3517=CARTESIAN_POINT('Ctrl Pts',(32.5256376300078,25.6875633843174,1.05436863284408));
#3518=CARTESIAN_POINT('Ctrl Pts',(32.5200121904382,25.7160389764316,1.05437148842327));
#3519=CARTESIAN_POINT('Ctrl Pts',(32.5140701272998,25.7444660759029,1.05437450924677));
#3520=CARTESIAN_POINT('Ctrl Pts',(32.5078115050075,25.7728394154845,1.05437769687507));
#3521=CARTESIAN_POINT('Ctrl Pts',(32.4500638084069,26.0346374485309,1.05440710881002));
#3522=CARTESIAN_POINT('Ctrl Pts',(32.3659367393683,26.2892831258416,1.05445036800158));
#3523=CARTESIAN_POINT('Ctrl Pts',(32.2570855081384,26.5329749525456,1.05450832777325));
#3524=CARTESIAN_POINT('Ctrl Pts',(32.1620948612445,26.7456362518235,1.05455890723059));
#3525=CARTESIAN_POINT('Ctrl Pts',(32.0482743046413,26.9499557119293,1.05462071546984));
#3526=CARTESIAN_POINT('Ctrl Pts',(31.9167027815603,27.1434069631435,1.05469459836584));
#3527=CARTESIAN_POINT('Ctrl Pts',(31.750275814212,27.3881066087462,1.05478805404707));
#3528=CARTESIAN_POINT('Ctrl Pts',(31.5572918753883,27.6127311224139,1.05489989511989));
#3529=CARTESIAN_POINT('Ctrl Pts',(31.3417074926206,27.813386276361,1.05503008455277));
#3530=CARTESIAN_POINT('Ctrl Pts',(31.1753462021948,27.9682270394657,1.05513054861133));
#3531=CARTESIAN_POINT('Ctrl Pts',(30.9955262606226,28.1087944366268,1.05524193551919));
#3532=CARTESIAN_POINT('Ctrl Pts',(30.804087993134,28.233298990097,1.0553634776637));
#3533=CARTESIAN_POINT('Ctrl Pts',(30.6077772738255,28.3609724107226,1.05548811327667));
#3534=CARTESIAN_POINT('Ctrl Pts',(30.4008897404984,28.4706912135251,1.05562240392987));
#3535=CARTESIAN_POINT('Ctrl Pts',(30.1859420047951,28.5613740722629,1.05576400888587));
#3536=CARTESIAN_POINT('Ctrl Pts',(29.9783218717395,28.64896553786,1.05590078650629));
#3537=CARTESIAN_POINT('Ctrl Pts',(29.7631816324036,28.7187968137277,1.05604438292828));
#3538=CARTESIAN_POINT('Ctrl Pts',(29.542835633844,28.7698934342626,1.05619164179569));
#3539=CARTESIAN_POINT('Ctrl Pts',(29.2992623665486,28.8263762880144,1.05635442361932));
#3540=CARTESIAN_POINT('Ctrl Pts',(29.0512617639361,28.8595162136128,1.05652036344933));
#3541=CARTESIAN_POINT('Ctrl Pts',(28.802176335875,28.8690856237826,1.05668391369617));
#3542=CARTESIAN_POINT('Ctrl Pts',(28.7516648905888,28.8710261818552,1.05671707966421));
#3543=CARTESIAN_POINT('Ctrl Pts',(28.7011090082637,28.871997453733,1.05675014466623));
#3544=CARTESIAN_POINT('Ctrl Pts',(28.6505368057531,28.8719975415197,1.05678305899648));
#3545=CARTESIAN_POINT('',(31.1505368057531,24.9219975415197,1.05514669795131));
#3546=CARTESIAN_POINT('Ctrl Pts',(31.1505368057531,24.9219975415197,1.05514669795131));
#3547=CARTESIAN_POINT('Ctrl Pts',(31.1505368057531,20.3386669294907,1.05514669795131));
#3548=CARTESIAN_POINT('Ctrl Pts',(31.1505368057531,15.7553363174616,1.05514669795131));
#3549=CARTESIAN_POINT('Ctrl Pts',(31.1505368057531,11.1720057054325,1.05514669795131));
#3550=CARTESIAN_POINT('Ctrl Pts',(28.6505368057535,27.4219975415197,1.05678305899648));
#3551=CARTESIAN_POINT('Ctrl Pts',(28.72642906422,27.4219975455969,1.05673366540208));
#3552=CARTESIAN_POINT('Ctrl Pts',(28.8023481108327,27.4185417881592,1.05668389090338));
#3553=CARTESIAN_POINT('Ctrl Pts',(28.8780579250741,27.4116228426972,1.05663399544353));
#3554=CARTESIAN_POINT('Ctrl Pts',(29.0983074590531,27.3914947453176,1.05648884316851));
#3555=CARTESIAN_POINT('Ctrl Pts',(29.314915303399,27.3422281526995,1.05634396691382));
#3556=CARTESIAN_POINT('Ctrl Pts',(29.5222036919582,27.2651144484417,1.05620543050866));
#3557=CARTESIAN_POINT('Ctrl Pts',(29.7181334029566,27.1922263050475,1.05607448541321));
#3558=CARTESIAN_POINT('Ctrl Pts',(29.9038497412026,27.0951628870633,1.05595049146805));
#3559=CARTESIAN_POINT('Ctrl Pts',(30.0751110447947,26.9764055910235,1.05583718359535));
#3560=CARTESIAN_POINT('Ctrl Pts',(30.142339063505,26.9297878346904,1.05579270499086));
#3561=CARTESIAN_POINT('Ctrl Pts',(30.207340267486,26.8798272095848,1.05574985987932));
#3562=CARTESIAN_POINT('Ctrl Pts',(30.2698602155362,26.8266738117942,1.05570882530312));
#3563=CARTESIAN_POINT('Ctrl Pts',(30.5001450600209,26.6308895489186,1.05555767928822));
#3564=CARTESIAN_POINT('Ctrl Pts',(30.69302551831,26.3949545877333,1.05543376555137));
#3565=CARTESIAN_POINT('Ctrl Pts',(30.8391206189278,26.1303438878582,1.05534126627056));
#3566=CARTESIAN_POINT('Ctrl Pts',(30.9532949506531,25.9235487954982,1.05526897744276));
#3567=CARTESIAN_POINT('Ctrl Pts',(31.0373962567641,25.7019483594496,1.05521668359388));
#3568=CARTESIAN_POINT('Ctrl Pts',(31.0892253824404,25.472260580887,1.0551845728333));
#3569=CARTESIAN_POINT('Ctrl Pts',(31.1059577454085,25.3981088519102,1.0551742062895));
#3570=CARTESIAN_POINT('Ctrl Pts',(31.1193262030716,25.3231142295875,1.05516594745357));
#3571=CARTESIAN_POINT('Ctrl Pts',(31.1292554979447,25.2475027565004,1.05515981914641));
#3572=CARTESIAN_POINT('Ctrl Pts',(31.1434578796206,25.1393517736177,1.05515105351317));
#3573=CARTESIAN_POINT('Ctrl Pts',(31.1505369182313,25.0306185596598,1.05514669788203));
#3574=CARTESIAN_POINT('Ctrl Pts',(31.150536805753,24.9219975415197,1.05514669795131));
#3575=CARTESIAN_POINT('',(-7.80306529219911,-27.0780024584803,8.23564989337929));
#3576=CARTESIAN_POINT('Ctrl Pts',(-7.80306529219912,-27.0780024584803,8.23564989337929));
#3577=CARTESIAN_POINT('Ctrl Pts',(-7.80960559470992,-27.0780024584803,8.23740026766531));
#3578=CARTESIAN_POINT('Ctrl Pts',(-7.81614968103115,-27.0780024584803,8.23914825141514));
#3579=CARTESIAN_POINT('Ctrl Pts',(-7.82269756662132,-27.0780024584803,8.24089383987971));
#3580=CARTESIAN_POINT('',(28.6505368057531,-27.0780024584803,1.05678305899648));
#3581=CARTESIAN_POINT('Ctrl Pts',(28.6505368057531,-27.0780024584803,1.05678305899648));
#3582=CARTESIAN_POINT('Ctrl Pts',(27.5443270240462,-27.0780024584803,1.05750302277647));
#3583=CARTESIAN_POINT('Ctrl Pts',(24.9965322024834,-27.0780024584803,1.05964196701495));
#3584=CARTESIAN_POINT('Ctrl Pts',(22.7249673006965,-27.0780024584803,1.0573207838015));
#3585=CARTESIAN_POINT('Ctrl Pts',(21.8008371699613,-27.0780024584803,1.05637646768496));
#3586=CARTESIAN_POINT('Ctrl Pts',(20.9287324918103,-27.0780024584803,1.05462217231662));
#3587=CARTESIAN_POINT('Ctrl Pts',(20.2050332444419,-27.0780024584803,1.05248030771115));
#3588=CARTESIAN_POINT('Ctrl Pts',(16.598833104254,-27.0780024584803,1.04180737628477));
#3589=CARTESIAN_POINT('Ctrl Pts',(14.679088048725,-27.0780024584803,1.01182536162642));
#3590=CARTESIAN_POINT('Ctrl Pts',(13.3828720138781,-27.0780024584803,1.03055147815807));
#3591=CARTESIAN_POINT('Ctrl Pts',(12.4487061592127,-27.0780024584803,1.0440471441459));
#3592=CARTESIAN_POINT('Ctrl Pts',(11.8380814917894,-27.0780024584803,1.08377314659823));
#3593=CARTESIAN_POINT('Ctrl Pts',(11.1548362137902,-27.0780024584803,1.16018724188241));
#3594=CARTESIAN_POINT('Ctrl Pts',(7.98585730132814,-27.0780024584803,1.51460558090051));
#3595=CARTESIAN_POINT('Ctrl Pts',(5.20298599302863,-27.0780024584803,2.44849313609619));
#3596=CARTESIAN_POINT('Ctrl Pts',(3.07234119393934,-27.0780024584803,3.35939652541427));
#3597=CARTESIAN_POINT('Ctrl Pts',(1.67326710805046,-27.0780024584803,3.95753532700523));
#3598=CARTESIAN_POINT('Ctrl Pts',(0.551697041510127,-27.0780024584803,4.53719796702494));
#3599=CARTESIAN_POINT('Ctrl Pts',(-0.215377125743902,-27.0780024584803,
4.93206598601403));
#3600=CARTESIAN_POINT('Ctrl Pts',(-0.651965104073199,-27.0780024584803,
5.15680909101845));
#3601=CARTESIAN_POINT('Ctrl Pts',(-1.0449959977003,-27.0780024584803,5.36197597588702));
#3602=CARTESIAN_POINT('Ctrl Pts',(-1.44423531410156,-27.0780024584803,5.56893283320693));
#3603=CARTESIAN_POINT('Ctrl Pts',(-3.54826539839321,-27.0780024584803,6.65961562937194));
#3604=CARTESIAN_POINT('Ctrl Pts',(-5.42765169707746,-27.0780024584803,7.59992044987326));
#3605=CARTESIAN_POINT('Ctrl Pts',(-7.80306529219912,-27.0780024584803,8.23564989337929));
#3606=CARTESIAN_POINT('',(31.1505368057531,-24.5780024584803,1.05514669795131));
#3607=CARTESIAN_POINT('Ctrl Pts',(31.1505368057531,-24.5780024584803,1.05514669795131));
#3608=CARTESIAN_POINT('Ctrl Pts',(31.1505354106854,-24.7987042804675,1.05514669881056));
#3609=CARTESIAN_POINT('Ctrl Pts',(31.1213046009817,-25.0180993839625,1.05516463255745));
#3610=CARTESIAN_POINT('Ctrl Pts',(31.063880790104,-25.2305013032876,1.05520029371169));
#3611=CARTESIAN_POINT('Ctrl Pts',(31.039451635235,-25.3208610217102,1.05521546462853));
#3612=CARTESIAN_POINT('Ctrl Pts',(31.0099193924804,-25.4099551070166,1.05523385461951));
#3613=CARTESIAN_POINT('Ctrl Pts',(30.9753610840576,-25.4973457431165,1.05525548752716));
#3614=CARTESIAN_POINT('Ctrl Pts',(30.854009028697,-25.8042193661028,1.05533145182999));
#3615=CARTESIAN_POINT('Ctrl Pts',(30.6730889065868,-26.0840505073225,1.05544600899185));
#3616=CARTESIAN_POINT('Ctrl Pts',(30.4430603615046,-26.3206611462548,1.05559563841788));
#3617=CARTESIAN_POINT('Ctrl Pts',(30.2924370402063,-26.4755944406324,1.05569361617583));
#3618=CARTESIAN_POINT('Ctrl Pts',(30.1226347646722,-26.6100700790596,1.05580542164837));
#3619=CARTESIAN_POINT('Ctrl Pts',(29.9380631329613,-26.7209630120684,1.05592805789554));
#3620=CARTESIAN_POINT('Ctrl Pts',(29.8597220149678,-26.7680313305796,1.05598011064395));
#3621=CARTESIAN_POINT('Ctrl Pts',(29.7787206852777,-26.8108510744471,1.05603409973561));
#3622=CARTESIAN_POINT('Ctrl Pts',(29.6953993204408,-26.8491832802998,1.0560897242964));
#3623=CARTESIAN_POINT('Ctrl Pts',(29.5072915305898,-26.9357227475443,1.05621530329059));
#3624=CARTESIAN_POINT('Ctrl Pts',(29.3092500216166,-26.9985169092791,1.05634801332382));
#3625=CARTESIAN_POINT('Ctrl Pts',(29.1058460612255,-27.0361915515618,1.05648319337949));
#3626=CARTESIAN_POINT('Ctrl Pts',(29.0807348064704,-27.0408426780116,1.05649988204578));
#3627=CARTESIAN_POINT('Ctrl Pts',(29.0555418868739,-27.0451109538494,1.0565166072564));
#3628=CARTESIAN_POINT('Ctrl Pts',(29.0302759569731,-27.0489937933559,1.05653335938526));
#3629=CARTESIAN_POINT('Ctrl Pts',(28.9045071799045,-27.0683217966475,1.05661674815298));
#3630=CARTESIAN_POINT('Ctrl Pts',(28.7775581907455,-27.0780024043941,1.05670038860431));
#3631=CARTESIAN_POINT('Ctrl Pts',(28.650536805753,-27.0780024584803,1.05678305899648));
#3632=CARTESIAN_POINT('Ctrl Pts',(31.1505368057531,-2.82799429456751,1.05514669795131));
#3633=CARTESIAN_POINT('Ctrl Pts',(31.1505368057531,-10.0779970158718,1.05514669795131));
#3634=CARTESIAN_POINT('Ctrl Pts',(31.1505368057531,-17.327999737176,1.05514669795131));
#3635=CARTESIAN_POINT('Ctrl Pts',(31.1505368057531,-24.5780024584803,1.05514669795131));
#3636=CARTESIAN_POINT('Origin',(28.6505368057531,28.8719975415197,-0.774350106620733));
#3637=CARTESIAN_POINT('',(28.6505368057531,28.8719975415197,-0.774350106620733));
#3638=CARTESIAN_POINT('Origin',(28.6505368057531,24.9219975415197,-0.774350106620733));
#3639=CARTESIAN_POINT('Origin',(28.6505368057531,-24.5780024584803,-0.774350106620733));
#3640=CARTESIAN_POINT('Origin',(28.6505368057531,24.9219975415197,-7.76435010662073));
#3641=CARTESIAN_POINT('',(31.1505368057531,24.9219975415197,9.73564989337927));
#3642=CARTESIAN_POINT('',(31.1505368057531,24.9219975415197,-7.76435010662073));
#3643=CARTESIAN_POINT('Origin',(28.6505368057531,24.9219975415197,9.73564989337927));
#3644=CARTESIAN_POINT('Origin',(31.1505368057531,24.9219975415197,-7.76435010662073));
#3645=CARTESIAN_POINT('',(31.1505368057531,-24.5780024584803,9.73564989337927));
#3646=CARTESIAN_POINT('',(31.1505368057531,-24.5780024584803,-7.76435010662073));
#3647=CARTESIAN_POINT('',(31.1505368057531,12.5469975415197,9.73564989337927));
#3648=CARTESIAN_POINT('Origin',(29.6505368057531,-12.2030024584803,9.73564989337927));
#3649=CARTESIAN_POINT('',(29.6505368057531,-24.5780024584803,13.7356498933793));
#3650=CARTESIAN_POINT('Origin',(29.6505368057531,-24.5780024584803,9.73564989337927));
#3651=CARTESIAN_POINT('',(29.6505368057531,24.9219975415197,13.7356498933793));
#3652=CARTESIAN_POINT('Origin',(29.6505368057531,24.9219975415197,9.73564989337927));
#3653=CARTESIAN_POINT('',(29.6505368057531,-12.2030024584803,13.7356498933793));
#3654=CARTESIAN_POINT('Ctrl Pts',(33.6505368057531,24.9219975415197,9.73564989337927));
#3655=CARTESIAN_POINT('Ctrl Pts',(33.6505368057531,29.9219975415197,9.73564989337927));
#3656=CARTESIAN_POINT('Ctrl Pts',(28.6505368057531,29.9219975415197,9.73564989337927));
#3657=CARTESIAN_POINT('Ctrl Pts',(33.6505368057531,24.9219975415197,13.7356498933793));
#3658=CARTESIAN_POINT('Ctrl Pts',(33.6505368057531,29.9219975415197,13.7356498933793));
#3659=CARTESIAN_POINT('Ctrl Pts',(28.6505368057531,29.9219975415197,13.7356498933793));
#3660=CARTESIAN_POINT('Ctrl Pts',(29.6505368057531,24.9219975415197,13.7356498933793));
#3661=CARTESIAN_POINT('Ctrl Pts',(29.6505368057531,25.9219975415197,13.7356498933793));
#3662=CARTESIAN_POINT('Ctrl Pts',(28.6505368057531,25.9219975415197,13.7356498933793));
#3663=CARTESIAN_POINT('',(28.6505368057531,29.9219975415197,9.73564989337927));
#3664=CARTESIAN_POINT('',(28.6505368057531,25.9219975415197,13.7356498933793));
#3665=CARTESIAN_POINT('Origin',(28.6505368057531,25.9219975415197,9.73564989337927));
#3666=CARTESIAN_POINT('Origin',(28.6505368057531,24.9219975415197,13.7356498933793));
#3667=CARTESIAN_POINT('Origin',(28.6505368057531,24.9219975415197,9.73564989337927));
#3668=CARTESIAN_POINT('Origin',(14.7755368057531,25.9219975415197,9.73564989337927));
#3669=CARTESIAN_POINT('',(-26.8494631942469,29.9219975415197,9.73564989337927));
#3670=CARTESIAN_POINT('',(-26.8494631942469,25.9219975415197,13.7356498933793));
#3671=CARTESIAN_POINT('Origin',(-26.8494631942469,25.9219975415197,9.73564989337927));
#3672=CARTESIAN_POINT('',(14.7755368057531,25.9219975415197,13.7356498933793));
#3673=CARTESIAN_POINT('',(14.7755368057531,29.9219975415197,9.73564989337927));
#3674=CARTESIAN_POINT('Ctrl Pts',(-26.8494631942469,29.9219975415197,9.73564989337927));
#3675=CARTESIAN_POINT('Ctrl Pts',(-31.8494631942469,29.9219975415197,9.73564989337927));
#3676=CARTESIAN_POINT('Ctrl Pts',(-31.8494631942469,24.9219975415197,9.73564989337927));
#3677=CARTESIAN_POINT('Ctrl Pts',(-26.8494631942469,29.9219975415197,13.7356498933793));
#3678=CARTESIAN_POINT('Ctrl Pts',(-31.8494631942469,29.9219975415197,13.7356498933793));
#3679=CARTESIAN_POINT('Ctrl Pts',(-31.8494631942469,24.9219975415197,13.7356498933793));
#3680=CARTESIAN_POINT('Ctrl Pts',(-26.8494631942469,25.9219975415197,13.7356498933793));
#3681=CARTESIAN_POINT('Ctrl Pts',(-27.8494631942469,25.9219975415197,13.7356498933793));
#3682=CARTESIAN_POINT('Ctrl Pts',(-27.8494631942469,24.9219975415197,13.7356498933793));
#3683=CARTESIAN_POINT('',(-31.8494631942469,24.9219975415197,9.73564989337927));
#3684=CARTESIAN_POINT('',(-27.8494631942469,24.9219975415197,13.7356498933793));
#3685=CARTESIAN_POINT('Origin',(-27.8494631942469,24.9219975415197,9.73564989337927));
#3686=CARTESIAN_POINT('Origin',(-26.8494631942469,24.9219975415197,13.7356498933793));
#3687=CARTESIAN_POINT('Origin',(-26.8494631942469,24.9219975415197,9.73564989337927));
#3688=CARTESIAN_POINT('Origin',(-27.8494631942469,12.5469975415197,9.73564989337927));
#3689=CARTESIAN_POINT('',(-31.8494631942469,-24.5780024584803,9.73564989337927));
#3690=CARTESIAN_POINT('',(-27.8494631942469,-24.5780024584803,13.7356498933793));
#3691=CARTESIAN_POINT('Origin',(-27.8494631942469,-24.5780024584803,9.73564989337927));
#3692=CARTESIAN_POINT('',(-27.8494631942469,12.5469975415197,13.7356498933793));
#3693=CARTESIAN_POINT('',(-31.8494631942469,12.5469975415197,9.73564989337927));
#3694=CARTESIAN_POINT('Ctrl Pts',(-31.8494631942469,-24.5780024584803,9.73564989337927));
#3695=CARTESIAN_POINT('Ctrl Pts',(-31.8494631942469,-29.5780024584803,9.73564989337927));
#3696=CARTESIAN_POINT('Ctrl Pts',(-26.8494631942469,-29.5780024584803,9.73564989337927));
#3697=CARTESIAN_POINT('Ctrl Pts',(-31.8494631942469,-24.5780024584803,13.7356498933793));
#3698=CARTESIAN_POINT('Ctrl Pts',(-31.8494631942469,-29.5780024584803,13.7356498933793));
#3699=CARTESIAN_POINT('Ctrl Pts',(-26.8494631942469,-29.5780024584803,13.7356498933793));
#3700=CARTESIAN_POINT('Ctrl Pts',(-27.8494631942469,-24.5780024584803,13.7356498933793));
#3701=CARTESIAN_POINT('Ctrl Pts',(-27.8494631942469,-25.5780024584803,13.7356498933793));
#3702=CARTESIAN_POINT('Ctrl Pts',(-26.8494631942469,-25.5780024584803,13.7356498933793));
#3703=CARTESIAN_POINT('',(-26.8494631942469,-29.5780024584803,9.73564989337927));
#3704=CARTESIAN_POINT('',(-26.8494631942469,-25.5780024584803,13.7356498933793));
#3705=CARTESIAN_POINT('Origin',(-26.8494631942469,-25.5780024584803,9.73564989337927));
#3706=CARTESIAN_POINT('Origin',(-26.8494631942469,-24.5780024584803,13.7356498933793));
#3707=CARTESIAN_POINT('Origin',(-26.8494631942469,-24.5780024584803,9.73564989337927));
#3708=CARTESIAN_POINT('Origin',(-12.9744631942469,-25.5780024584803,9.73564989337927));
#3709=CARTESIAN_POINT('',(28.6505368057531,-29.5780024584803,9.73564989337927));
#3710=CARTESIAN_POINT('',(28.6505368057531,-25.5780024584803,13.7356498933793));
#3711=CARTESIAN_POINT('Origin',(28.6505368057531,-25.5780024584803,9.73564989337927));
#3712=CARTESIAN_POINT('',(-12.9744631942469,-25.5780024584803,13.7356498933793));
#3713=CARTESIAN_POINT('',(-12.9744631942469,-29.5780024584803,9.73564989337927));
#3714=CARTESIAN_POINT('Ctrl Pts',(28.6505368057531,-29.5780024584803,9.73564989337927));
#3715=CARTESIAN_POINT('Ctrl Pts',(33.6505368057531,-29.5780024584803,9.73564989337927));
#3716=CARTESIAN_POINT('Ctrl Pts',(33.6505368057531,-24.5780024584803,9.73564989337927));
#3717=CARTESIAN_POINT('Ctrl Pts',(28.6505368057531,-29.5780024584803,13.7356498933793));
#3718=CARTESIAN_POINT('Ctrl Pts',(33.6505368057531,-29.5780024584803,13.7356498933793));
#3719=CARTESIAN_POINT('Ctrl Pts',(33.6505368057531,-24.5780024584803,13.7356498933793));
#3720=CARTESIAN_POINT('Ctrl Pts',(28.6505368057531,-25.5780024584803,13.7356498933793));
#3721=CARTESIAN_POINT('Ctrl Pts',(29.6505368057531,-25.5780024584803,13.7356498933793));
#3722=CARTESIAN_POINT('Ctrl Pts',(29.6505368057531,-24.5780024584803,13.7356498933793));
#3723=CARTESIAN_POINT('Origin',(28.6505368057531,-24.5780024584803,13.7356498933793));
#3724=CARTESIAN_POINT('Origin',(28.6505368057531,-24.5780024584803,9.73564989337927));
#3725=CARTESIAN_POINT('Origin',(-26.8494631942469,24.9219975415197,-9.46435010662073));
#3726=CARTESIAN_POINT('',(-26.8494631942469,29.9219975415197,-9.46435010662073));
#3727=CARTESIAN_POINT('',(-31.8494631942469,24.9219975415197,-9.46435010662073));
#3728=CARTESIAN_POINT('Origin',(28.6505368057531,29.9219975415197,-9.46435010662073));
#3729=CARTESIAN_POINT('',(28.6505368057531,29.9219975415197,-9.46435010662073));
#3730=CARTESIAN_POINT('Origin',(28.6505368057531,24.9219975415197,-9.46435010662073));
#3731=CARTESIAN_POINT('Origin',(0.900536805753065,0.171997541519733,13.7356498933793));
#3732=CARTESIAN_POINT('Origin',(14.7755368057531,-25.5780024584803,9.73564989337927));
#3733=CARTESIAN_POINT('',(28.6505368057531,-27.0780024584803,9.73564989337927));
#3734=CARTESIAN_POINT('Origin',(28.6505368057531,-25.5780024584803,9.73564989337927));
#3735=CARTESIAN_POINT('',(14.7755368057531,-27.0780024584803,9.73564989337927));
#3736=CARTESIAN_POINT('Ctrl Pts',(28.6505368057531,-27.0780024584803,9.73564989337927));
#3737=CARTESIAN_POINT('Ctrl Pts',(31.1505368057531,-27.0780024584803,9.73564989337927));
#3738=CARTESIAN_POINT('Ctrl Pts',(31.1505368057531,-24.5780024584803,9.73564989337927));
#3739=CARTESIAN_POINT('Ctrl Pts',(28.6505368057531,-27.0780024584803,11.2356498933793));
#3740=CARTESIAN_POINT('Ctrl Pts',(31.1505368057531,-27.0780024584803,11.2356498933793));
#3741=CARTESIAN_POINT('Ctrl Pts',(31.1505368057531,-24.5780024584803,11.2356498933793));
#3742=CARTESIAN_POINT('Ctrl Pts',(28.6505368057531,-25.5780024584803,11.2356498933793));
#3743=CARTESIAN_POINT('Ctrl Pts',(29.6505368057531,-25.5780024584803,11.2356498933793));
#3744=CARTESIAN_POINT('Ctrl Pts',(29.6505368057531,-24.5780024584803,11.2356498933793));
#3745=CARTESIAN_POINT('Origin',(29.6505368057531,-24.5780024584803,9.73564989337927));
#3746=CARTESIAN_POINT('Origin',(28.6505368057531,-24.5780024584803,9.73564989337927));
#3747=CARTESIAN_POINT('Origin',(29.6505368057531,12.5469975415197,9.73564989337927));
#3748=CARTESIAN_POINT('Origin',(29.6505368057531,24.9219975415197,9.73564989337927));
#3749=CARTESIAN_POINT('Ctrl Pts',(31.1505368057531,24.9219975415197,9.73564989337927));
#3750=CARTESIAN_POINT('Ctrl Pts',(31.1505368057531,27.4219975415197,9.73564989337927));
#3751=CARTESIAN_POINT('Ctrl Pts',(28.6505368057531,27.4219975415197,9.73564989337927));
#3752=CARTESIAN_POINT('Ctrl Pts',(31.1505368057531,24.9219975415197,11.2356498933793));
#3753=CARTESIAN_POINT('Ctrl Pts',(31.1505368057531,27.4219975415197,11.2356498933793));
#3754=CARTESIAN_POINT('Ctrl Pts',(28.6505368057531,27.4219975415197,11.2356498933793));
#3755=CARTESIAN_POINT('Ctrl Pts',(29.6505368057531,24.9219975415197,11.2356498933793));
#3756=CARTESIAN_POINT('Ctrl Pts',(29.6505368057531,25.9219975415197,11.2356498933793));
#3757=CARTESIAN_POINT('Ctrl Pts',(28.6505368057531,25.9219975415197,11.2356498933793));
#3758=CARTESIAN_POINT('Origin',(28.6505368057531,-24.5780024584803,-7.76435010662073));
#3759=CARTESIAN_POINT('',(28.6505368057531,-27.0780024584803,-7.76435010662073));
#3760=CARTESIAN_POINT('Origin',(-26.8494631942469,-29.5780024584803,-9.46435010662073));
#3761=CARTESIAN_POINT('',(-26.8494631942469,-29.5780024584803,-9.46435010662073));
#3762=CARTESIAN_POINT('',(28.6505368057531,-29.5780024584803,-9.46435010662073));
#3763=CARTESIAN_POINT('Origin',(28.6505368057531,-24.5780024584803,-9.46435010662073));
#3764=CARTESIAN_POINT('Origin',(-26.8494631942469,-24.5780024584803,-9.46435010662073));
#3765=CARTESIAN_POINT('',(-31.8494631942469,-24.5780024584803,-9.46435010662073));
#3766=CARTESIAN_POINT('Origin',(-31.8494631942469,24.9219975415197,-9.46435010662073));
#3767=CARTESIAN_POINT('Origin',(28.6505368057531,-27.0780024584803,-7.76435010662073));
#3768=UNCERTAINTY_MEASURE_WITH_UNIT(LENGTH_MEASURE(0.01),#3772,
'DISTANCE_ACCURACY_VALUE',
'Maximum model space distance between geometric entities at asserted c
onnectivities');
#3769=UNCERTAINTY_MEASURE_WITH_UNIT(LENGTH_MEASURE(0.01),#3772,
'DISTANCE_ACCURACY_VALUE',
'Maximum model space distance between geometric entities at asserted c
onnectivities');
#3770=(
GEOMETRIC_REPRESENTATION_CONTEXT(3)
GLOBAL_UNCERTAINTY_ASSIGNED_CONTEXT((#3768))
GLOBAL_UNIT_ASSIGNED_CONTEXT((#3772,#3774,#3775))
REPRESENTATION_CONTEXT('','3D')
);
#3771=(
GEOMETRIC_REPRESENTATION_CONTEXT(3)
GLOBAL_UNCERTAINTY_ASSIGNED_CONTEXT((#3769))
GLOBAL_UNIT_ASSIGNED_CONTEXT((#3772,#3774,#3775))
REPRESENTATION_CONTEXT('','3D')
);
#3772=(
LENGTH_UNIT()
NAMED_UNIT(*)
SI_UNIT(.MILLI.,.METRE.)
);
#3773=(
LENGTH_UNIT()
NAMED_UNIT(*)
SI_UNIT($,.METRE.)
);
#3774=(
NAMED_UNIT(*)
PLANE_ANGLE_UNIT()
SI_UNIT($,.RADIAN.)
);
#3775=(
NAMED_UNIT(*)
SI_UNIT($,.STERADIAN.)
SOLID_ANGLE_UNIT()
);
#3776=SHAPE_DEFINITION_REPRESENTATION(#3777,#3778);
#3777=PRODUCT_DEFINITION_SHAPE('',$,#3780);
#3778=SHAPE_REPRESENTATION('',(#1169),#3770);
#3779=PRODUCT_DEFINITION_CONTEXT('part definition',#3784,'design');
#3780=PRODUCT_DEFINITION('Enclosure-Top','Enclosure-Top',#3781,#3779);
#3781=PRODUCT_DEFINITION_FORMATION('',$,#3786);
#3782=PRODUCT_RELATED_PRODUCT_CATEGORY('Enclosure-Top','Enclosure-Top',
(#3786));
#3783=APPLICATION_PROTOCOL_DEFINITION('international standard',
'automotive_design',2009,#3784);
#3784=APPLICATION_CONTEXT(
'Core Data for Automotive Mechanical Design Process');
#3785=PRODUCT_CONTEXT('part definition',#3784,'mechanical');
#3786=PRODUCT('Enclosure-Top','Enclosure-Top',$,(#3785));
#3787=PRESENTATION_STYLE_ASSIGNMENT((#3788));
#3788=SURFACE_STYLE_USAGE(.BOTH.,#3789);
#3789=SURFACE_SIDE_STYLE('',(#3790));
#3790=SURFACE_STYLE_FILL_AREA(#3791);
#3791=FILL_AREA_STYLE('ABS (White)',(#3792));
#3792=FILL_AREA_STYLE_COLOUR('ABS (White)',#3793);
#3793=COLOUR_RGB('ABS (White)',0.964705882352941,0.964705882352941,0.952941176470588);
ENDSEC;
END-ISO-10303-21;
